2007-04-02,0615,PgjhJY,17
1942-02-26,0399,xUlxuI,16
1942-10-27,1207,wCLygU,3
1908-06-03,0403,OzNxoB,20
2008-06-31,0950,FjGZmL,20
1926-03-13,0263,PzqCQM,23
1958-01-17,0146,lsVwLJ,22
2001-07-13,0289,uVBMSJ,22
1969-01-12,0019,VzYKBA,6
1907-03-03,0038,TTgQAE,21
1983-02-01,1984,oLQhcP,15
1932-06-30,1533,sysFbp,2
1908-10-29,1943,rodOEe,11
1905-06-18,0988,KjZgZn,10
1948-03-28,0342,MxPZou,14
1995-04-27,0350,kCJmDF,19
2002-01-06,1609,vGywyZ,21
1937-03-02,0125,rvHzVe,18
2000-04-20,1569,IodzNl,4
2007-09-12,1001,RiArzK,13
1912-02-07,0845,RGhGel,1
1942-03-24,1731,aSZVUe,21
1906-04-27,1804,kDGSEn,24
1995-10-01,1803,UrFptG,2
1911-08-29,0547,fvWihr,16
1935-06-30,1443,hPptZa,24
1992-02-12,0141,UXPomz,4
1987-11-15,0720,diJbEg,7
1918-08-03,1666,blCnph,19
2009-06-30,0604,NbwDfm,9
1974-07-19,0474,HbqYgx,17
1991-12-20,1533,bcUDxE,3
2019-06-21,1047,GvfkkQ,9
1943-03-21,0775,HWwTBf,12
2006-10-31,1622,OSeYxL,7
2007-11-03,1985,fMyUJc,7
1980-05-30,1519,UCurQL,16
1918-10-23,1019,rReCUN,2
1970-12-25,1674,ABuYjS,11
1960-04-24,0583,vuCnxN,24
1924-01-04,1003,KUwxQZ,6
1972-08-07,1363,PwMALx,14
2008-01-03,1956,ucdYUe,7
1929-03-21,1559,dnIIZs,14
2013-06-16,1152,QuICcV,2
2012-12-16,0030,ZHQfvl,13
2016-02-25,1465,lPYirZ,10
2005-10-08,1209,TStmEd,4
1993-03-24,0778,QsRojc,12
1966-05-24,1438,RHvHaq,21
1989-10-29,1509,OgFaFP,24
1907-03-06,0094,sNzrcJ,24
1969-08-08,1314,kktrFi,9
1918-12-31,0386,ehvHkf,4
2012-10-04,0081,rhelkW,4
1991-04-08,1528,xoqctv,14
1910-11-20,1545,wVrzln,20
1925-07-02,1025,mKYVXt,21
1992-08-03,0101,TiAeLX,10
1963-03-27,1764,lYYTXc,3
1943-11-01,0027,XJFamF,19
1974-11-26,0728,bByTcU,10
2008-08-02,0677,vUbUFn,10
1959-06-05,1393,GoMNJv,20
1974-09-20,0847,IYrOOC,2
1914-06-19,0532,EVrPqd,10
1906-06-10,0995,DaHdie,8
1913-10-05,0159,bYStRe,3
1943-12-17,0456,CQWFmQ,20
2006-07-21,1180,WGwEHp,5
1910-05-07,1749,FmZrtZ,18
1994-03-18,1178,vpApkA,5
1972-01-22,0596,iGpfit,15
1947-03-04,1130,sOiUMa,16
2001-02-24,0185,fsjlJe,17
1945-01-09,1723,qZenGz,4
2001-04-30,0513,CLKbbX,11
1985-12-23,0461,TqJODJ,9
1997-05-08,1549,xOpnQs,16
1925-06-03,0231,PCpjNx,8
1919-10-31,1161,uaCjaT,11
1906-12-06,1601,EwRNui,14
2019-09-16,0693,KsjAVl,13
1939-08-30,1945,nybYzE,10
1970-10-27,1754,HWrSAn,11
1968-03-14,1350,wxYirM,23
2013-05-10,0329,LPYOfe,16
1965-04-28,0602,CoPPcD,11
1932-02-24,1468,vMVHfA,23
1949-02-24,1604,yhxUyd,6
1901-06-27,0674,ScBGzV,14
1946-09-15,1532,vgWIIF,24
1931-10-13,0312,AGyyfX,4
2015-12-08,1126,pldpKM,6
1934-07-01,1311,jcvkpp,1
1958-04-23,0648,JmxyTd,3
1904-10-27,0875,jldMhf,23
1996-08-08,0487,KYZthY,8
1943-11-26,1787,AFImLq,18
2002-05-13,0319,eIwpsJ,21
2017-08-23,1342,zNxWGr,2
1991-01-28,1180,pYDliQ,24
1902-10-28,0735,mqsjfJ,21
1942-08-22,1071,mwUvCV,18
2000-01-16,0065,iMoXpa,13
1950-03-10,1477,HqTLNJ,1
1970-01-03,0730,umUHfO,22
2012-03-01,0335,mSTSzE,16
1987-06-10,1141,VMBqON,19
1918-05-06,0041,pRZmKy,5
1979-04-18,0055,rjbkBi,14
1936-08-03,0172,tICKkr,6
1982-09-31,0830,nezlrU,4
2020-02-19,1151,DXEVgR,23
1949-03-22,0459,gtgkwD,1
1968-03-20,1714,mHGBXC,24
1903-10-15,0991,oUzpBD,14
1947-05-13,1410,Irhbkz,10
1946-03-23,1807,qqOuob,11
1965-03-26,1094,JBOJZt,10
1971-08-06,0935,pUhsJo,15
1998-04-31,0090,FLxwdC,24
1920-12-24,0312,SeueJK,6
2018-05-03,1964,dVlPLc,10
1906-02-02,1886,gUoXfE,16
1905-06-05,0182,NgyfNC,14
1974-11-23,0296,luddmo,6
1972-10-04,0112,bxELFP,3
1953-06-04,1619,pouHyC,19
1940-06-28,1575,XaWOcD,14
1943-10-02,1791,onvJVJ,15
1942-05-03,1937,oJQnQh,20
2020-01-15,0967,EWBUSa,13
1937-11-15,0142,oPdHQG,3
1996-06-15,0547,BCrbCI,6
2004-09-26,0289,ACbEog,7
1991-07-03,1599,oDRzqA,14
1958-10-06,1109,gAlUDj,8
1994-01-28,1472,KkVOUz,24
1951-09-31,0816,mTsYgX,17
1948-09-18,0828,nbBBUb,4
1917-05-14,0632,PLMtHY,4
1950-04-16,1424,vdfNIP,18
1995-02-22,1093,kdIEoJ,14
2009-11-13,1105,UFrkrx,17
1974-12-28,1360,AxWrap,5
1927-08-05,1788,LfjSHj,6
1994-08-06,0530,jonZtI,8
1917-07-03,0224,TKcIyK,5
1982-11-19,1062,asxYGg,21
1962-05-19,0804,fmezbx,12
1918-07-05,0042,Fxnaua,11
1971-12-06,0731,WrVwqb,16
1933-09-27,1480,IEtYII,13
1902-09-12,0550,gCnoJv,11
1910-05-24,1409,YGTDwH,19
1903-10-23,0790,prOCvx,24
1908-06-31,1124,yxgAyr,11
2002-10-12,0188,iFpAXy,16
1955-08-04,1368,GITwuj,10
1946-05-09,1364,zghtrZ,22
2009-12-05,1696,OFRuGI,10
1951-03-29,1492,DvTLwR,21
2008-01-29,0412,MbTaEd,8
1919-11-31,0249,jKIjpr,2
1921-06-26,1188,BFuuOF,21
1985-12-26,1160,DEUVXQ,5
1943-06-15,0807,eyjgab,18
1933-12-09,1649,IGeAVj,14
1981-11-07,1538,oLrIBm,11
1959-01-17,0149,ugupcK,2
1975-03-15,0605,FiryAi,15
1924-07-27,0985,ckboUh,15
1947-05-10,0035,tZkSRx,4
1924-09-18,1509,LrNZhf,12
1987-06-25,0993,sHbwpd,6
1935-04-07,0695,vaZPsJ,12
1907-02-08,0538,VHIAIH,4
1926-07-23,1811,sCDpLS,5
1922-07-24,0208,ePGiIt,19
1952-06-17,1199,CdhZQK,13
1903-04-28,1030,OSFVft,21
2003-04-26,0199,eIBmtm,13
1931-09-18,1552,bOuClP,18
1964-12-31,0058,tuVzHw,10
1920-05-19,1238,eMYyxC,20
1952-06-24,1421,lwoEmH,8
1945-07-15,0488,CyEvwc,18
2020-04-24,0839,bgfQin,4
1970-04-21,1006,Bzpfss,7
1976-05-04,0514,ykiHtn,7
2010-01-16,1975,qOVYNT,9
2015-11-28,1256,srbFtT,9
2011-03-09,1717,LcLRNJ,6
2014-03-21,1824,govnFn,15
1934-07-05,0718,GXwtNa,22
1992-11-16,0214,tEHJpk,2
1980-04-01,0465,hrisEa,20
1972-02-16,1729,RugmXm,12
1950-07-21,0751,MjWKMA,22
1955-02-16,0849,JoNReR,9
2007-05-23,1710,eVLvEz,21
2016-11-08,1028,ywOvWJ,6
1987-11-19,0567,BOSlwV,4
1929-10-05,1154,FLCfIF,4
1905-12-23,0352,McuiBg,3
2013-12-23,1050,pIcUDD,20
1916-12-08,0556,sjbfnF,3
1972-04-03,1571,nYGwVu,7
1934-10-17,0527,BYaIAR,16
1987-04-16,1021,GfJHhQ,8
1970-07-18,1773,OAXSJb,19
1965-02-03,1200,WjgJFj,5
1999-04-14,1409,DdSRzC,21
1964-11-21,1148,GDvLky,21
1921-09-31,0900,IfUaoa,5
2000-05-07,0384,gdfdSK,2
1912-09-05,0274,ZgVvvp,7
2008-04-07,1443,NXknQr,6
2012-11-12,0541,yWfare,23
1996-08-30,1258,txADQv,22
1908-07-14,0222,pCzyKL,14
1963-10-09,1582,pVilYJ,16
1938-02-13,1835,XVTzFu,6
1938-08-05,1170,BfDGBL,14
2020-10-31,0227,TWZqyA,24
1993-09-13,0680,VoQznU,3
1939-11-06,1987,gRttdD,8
2002-02-09,1013,gfUKDZ,21
1911-11-23,0223,NszTfO,2
1923-12-21,1605,lKFwNj,4
1934-05-12,0681,ugBYMv,9
1920-02-24,0314,cjJtjH,13
1901-10-06,0293,ZqaGSu,8
2015-12-29,0721,YcvOGa,22
1933-12-12,0755,LehGSs,10
1941-04-25,0420,lONlVT,3
1967-10-12,0005,rWEIJA,24
1996-06-19,0042,AYRLje,12
1989-09-12,1089,nHzUtG,1
1909-05-16,0567,vkillR,11
1977-05-10,1476,TeYaWn,7
1992-07-28,0303,GfXeHO,2
2007-07-15,1696,Fpsjed,22
1935-04-13,1233,xAzaba,10
1933-07-25,0055,FwPUvF,4
1965-01-18,1375,khuBzV,8
2005-07-16,0564,Vpizwt,18
1920-05-02,0728,SOgvph,3
2009-01-18,1972,CEQUti,1
1995-01-07,0185,tHRjpK,5
1931-09-24,0748,tUwsvV,9
1968-02-21,0576,jvPgSC,19
1962-08-28,0453,aYHBzS,2
1972-03-26,0932,VdWHza,12
1930-03-05,1390,nZKfTe,19
1965-11-24,0078,wtwbuq,7
2015-10-07,1715,ZZrSqf,11
1967-07-31,0185,JzlvlP,24
2007-08-29,0974,khDbTo,6
1903-05-20,0783,tvUfPO,6
1984-12-21,1393,OnMGLK,2
2006-04-18,1968,dqyNOo,12
1934-01-18,1820,GABoYS,3
1989-02-05,0079,XkhFIo,7
1972-01-26,0873,EzaHoV,4
1963-02-23,1466,PBDTop,14
1973-12-07,0408,OTKUxq,24
1954-06-05,1144,fbmLxR,1
1952-06-12,0904,DiwxPv,16
1941-03-03,0778,iuxiBX,12
1988-12-05,0295,pokxvC,20
1954-10-13,1972,KCAkkC,13
1907-07-27,0755,FPSdFd,16
1941-02-08,0772,OMvHfj,23
1950-03-22,0706,JOATIi,24
1904-02-25,0641,ujwjzd,17
1997-01-02,0645,ysjdRu,18
1988-06-16,1549,kwJfbO,14
1960-11-05,1638,WmsShA,12
1977-04-30,0161,IZiQph,7
1909-01-20,0015,YlEzmZ,7
1945-01-06,0594,cmkQfP,4
2007-02-14,0646,bjHwCu,4
1989-06-19,0693,KyWfug,15
1972-11-08,0784,VLFTUc,20
1960-08-09,1118,cdbcFf,8
1936-02-26,0909,ueRSix,2
1993-05-22,0302,IyMXZN,17
1934-05-22,1782,wZpUTF,1
1972-10-06,0880,qMERsp,12
1968-06-28,0366,WjhOOm,2
1974-08-05,1741,duMLvj,1
2020-03-02,0666,sWusVz,20
2007-06-17,1856,copiHU,7
2003-06-01,1579,JHEOEs,18
1988-02-01,1464,fJcBEv,22
1984-06-07,1455,NDzLIP,15
1901-05-14,1422,HChMzF,6
1912-03-01,0626,IfXCVg,6
1983-05-14,0844,AOKfyS,12
2004-04-31,1401,cyAwEK,5
1966-11-31,0501,LBiFOZ,15
1901-10-10,1802,RYMREC,23
1925-10-15,0200,fgZigK,12
1920-10-02,0474,ozguLq,19
2006-06-02,1559,DLeCwr,4
1915-05-26,0041,srAfvJ,5
1945-02-19,1977,KkfeXE,7
1921-11-08,1621,eGbUOZ,22
1968-10-05,0172,hyfXgT,20
1929-10-16,1543,OdzhTU,23
1906-05-29,1957,uKJxcN,5
1961-02-23,0284,gylSQa,21
1918-07-31,0833,kLmxpA,15
1910-09-12,0026,ytgLnf,18
1971-11-23,1708,rigVee,3
1909-08-05,0992,dTmuGo,17
1926-08-01,1651,dXwbrj,17
1964-07-21,0219,pupRXF,9
1940-03-22,1613,AOiupT,5
1934-04-22,1875,ifpIVz,10
1946-07-19,0386,VuwXxC,10
1998-01-31,1346,fuJnTe,6
1908-09-04,0608,YPmuRd,8
2007-01-12,0555,QOlHdo,21
1975-11-10,1998,JceVpd,5
1988-08-12,1419,yLXgRb,13
2014-10-31,1615,HWNZKQ,8
1907-02-14,0363,fBMOdJ,18
1945-05-13,0682,jMJQkU,13
1997-02-23,0705,UxQLEb,1
1944-01-13,1603,bAyVMg,15
1943-12-25,1519,EZxwmq,5
1937-10-03,1995,PkHpmx,24
1935-06-07,1377,tVSHJA,17
1917-09-10,1857,VaFXtz,9
1962-01-11,1608,TTmtGa,12
1931-12-22,0977,WKtauP,13
1909-01-19,1758,nyUdqm,7
1946-04-22,1821,QuKBTf,15
1962-04-26,0522,iJAyKw,12
1962-11-01,0058,xDTObN,15
1949-11-27,0196,UfQgIF,13
1982-04-11,1388,CKcWsg,18
2014-01-21,0549,GgJgiT,6
1991-06-06,1035,siJBnU,1
1963-04-16,1996,oNSVRv,4
1913-03-05,1774,NPFEoK,18
1981-03-10,0064,MuRgND,22
1967-08-23,0719,fEUoxo,15
1942-06-15,1487,qhjSYD,10
1936-09-25,0218,ZZNGTu,12
2008-10-31,1580,rPcLnr,7
1995-05-14,1096,cJTfRb,7
1985-06-13,0051,xYCzhP,13
1928-07-24,0466,dCEcVM,7
1979-02-20,0372,odqYdl,12
1941-11-11,0193,xBfdiL,4
2001-02-01,0593,ziJEEh,1
1973-08-02,0311,PYuQQZ,4
2010-08-17,0852,NUnxEI,19
1911-04-10,0803,RAmQUa,21
1988-12-29,0496,AAuaus,11
2019-03-03,1513,oxpdpW,6
2017-12-27,0633,FSOZAN,10
1977-10-22,1141,CLETIQ,4
1937-10-31,0188,OldaDw,2
2019-03-10,1699,NvCCoH,8
1975-09-31,1351,ekhSwf,18
1928-12-06,0527,oXCAEF,21
1920-03-23,0485,vPfeHc,4
1907-07-18,1029,gQLDAx,17
2004-08-25,0366,nZQEiP,21
1904-04-04,1006,SVwXkS,6
1989-11-06,1079,lrpvWN,23
1920-07-25,0152,EdKqwh,19
1962-07-19,0253,mQWVek,18
1938-08-08,0364,lkRsEL,4
1960-04-03,1958,heWpWM,4
1979-04-24,1334,lSNreR,7
1916-05-30,1090,HmSnUP,4
1931-04-04,0994,fOeJEO,1
1964-10-14,0570,AGRBBc,19
1935-07-24,1030,JkHHki,18
2007-08-12,0109,tsQwtV,14
1903-02-19,1709,QyeLdE,9
2011-02-12,0632,shoHqh,8
1961-09-03,1693,VHnjWi,24
1931-02-21,1948,eYmGfY,17
1955-12-07,0800,dXqovY,12
1945-07-19,0810,AEAxAc,2
1930-04-19,0281,GRntsB,15
2010-02-21,1558,SKLjaW,10
1914-04-06,1434,IRvMuq,22
1969-09-21,0973,kKloAz,24
1946-09-07,1719,mcqbXM,2
1953-02-19,0221,wGgsfB,20
1917-03-28,0016,ivLSzR,14
1975-02-13,1936,JokSEq,6
1915-10-06,1966,kMGaJd,6
1972-06-17,0571,xRseBf,5
1981-11-22,0688,ikdyzx,23
1936-03-24,0292,qGyDru,6
1934-05-09,0163,GOzQJQ,6
1909-10-23,1513,zuqiZb,22
1909-12-30,1678,rrZgRM,15
2017-04-10,1499,DuelCw,22
1902-05-30,0977,qOSCrX,6
1929-01-17,0261,ftQFNT,18
1920-06-19,1050,ACQTCE,9
1904-10-31,1522,SrrIng,4
1969-06-04,1236,WGsxKF,21
1968-09-12,1852,qrzmlm,7
1937-01-19,1707,MsvaNV,22
2003-05-26,0515,OKixhC,1
1970-12-22,0034,yivsoj,15
1976-03-26,1434,zCRtcc,1
1948-02-20,1054,oGsekC,24
1906-09-04,0624,ZzHDto,2
2011-03-28,1405,KAbjbM,11
1930-10-25,0824,XxEgbt,20
1925-12-19,0618,Ppfwsn,10
2009-02-02,1968,VplByD,17
1920-12-28,0367,BSFwFH,22
1982-10-10,1915,QymzQj,4
2009-05-03,1736,qtJZOS,16
2006-04-19,0522,MwnlgX,3
1908-05-10,0374,zBsbfR,8
1996-01-10,0548,AEMxHj,6
1966-08-08,1003,OKtXbj,12
1935-04-11,1954,QlJECV,23
1985-12-22,1407,jATWlb,12
1996-11-18,0065,YyCyHa,22
1980-02-08,1147,JZYiCb,6
1978-06-12,1336,BCQQNT,15
2002-12-06,1298,hqTjeA,13
1990-05-11,0473,XqIEnr,11
1929-01-08,1222,aXfnUK,1
1958-05-14,1743,BtyUBX,16
1904-11-25,1281,JveukM,17
1921-02-22,1355,mrKqbi,19
1903-12-16,0751,XSEwqM,3
2000-10-14,0542,kZsuqs,14
2010-12-17,1519,KYWbKL,7
1955-09-19,1296,kLTeAM,18
1957-07-05,1872,oMcVLa,16
1992-05-09,0171,FFjluo,17
1927-07-28,0145,LBBwVp,9
1909-01-30,0350,Hnhrpn,16
1977-04-11,0495,LiOVWK,20
1959-03-13,0411,kZJLoe,12
1922-02-06,1000,Rggvea,1
2012-05-14,1642,XGQxHe,4
1934-05-15,0733,CZVJhQ,12
1925-03-09,1579,mbYwHA,14
1992-05-22,1459,jKVXDX,19
1903-12-25,0941,ieNNnr,18
1933-09-18,1090,uhJIUa,12
1963-11-27,0387,kApbCp,23
1983-08-24,0837,fwmvsa,8
1953-10-23,0440,jGRBiQ,5
1909-10-06,1300,fpKPpa,11
1958-12-11,1492,WHYxUj,20
1957-07-26,0413,DqOAXg,10
2006-06-30,0531,uTYTuf,4
1982-12-16,0152,PAhPgx,17
1952-09-04,0715,TUGTse,15
1911-12-17,0492,nVcQDK,19
1999-07-08,1356,iBeUDq,2
2004-11-20,0242,MjApTB,7
1942-06-13,0904,XwWMMp,18
1945-04-15,1087,yPyqfg,6
1975-11-09,0743,shJyTG,20
1936-05-27,1485,WpZEzL,17
1906-12-02,1390,lKkiFY,6
1902-03-21,0105,CHNeLt,17
1935-05-07,1499,GPhwds,16
1907-11-19,1310,shGvii,18
1963-05-10,1944,QfqWhy,20
1921-05-22,1549,rBjrXK,17
1969-06-13,0845,uHFbkD,5
2010-08-06,1808,bTxyqo,16
2018-12-21,0663,MSkaFq,23
1958-12-12,1822,VCqjMO,22
1915-01-17,0471,FkBcnr,10
1954-01-23,1729,Pxyexm,22
1967-01-30,1654,AXbRHr,4
2003-12-17,0962,iGzmqp,9
1939-08-20,1900,cRfcTe,1
1968-02-05,0247,EwYMQQ,5
1993-08-22,1309,cgKECP,13
1993-02-09,0301,uxpRfD,24
1956-11-23,0645,jHchjc,11
2005-11-28,0466,CMQAWl,5
1997-06-15,0066,XrlPDX,12
1910-08-21,0510,eTXuyU,3
2005-06-24,0158,xkKHsG,10
1983-06-08,1893,KwBCMS,7
1931-05-16,1140,iktCpd,19
1901-11-31,0069,dOCdAM,13
2016-01-24,0068,fGVwSz,9
1987-07-27,1881,tpPJjA,16
1913-01-08,0405,vpPPQD,13
1918-07-02,0724,QvnBDq,17
1998-04-09,0041,hgxHkE,18
1901-11-26,1332,XgrRXZ,7
1918-11-26,0907,QMceQa,24
2010-01-14,0007,RRGhLI,14
2011-01-18,1442,XroWPb,2
1933-05-25,1319,QzURzF,7
1977-05-21,0381,UtyRxS,19
1930-11-01,0829,IIsMlW,24
1995-02-25,0805,PbSufA,10
2000-09-04,0694,kiPpTk,1
2002-04-11,1923,lsGZCB,13
1970-02-18,1468,xqGIuH,19
1943-07-07,1436,OhVcwI,14
2018-09-05,0931,XLpHdX,11
1914-03-08,0472,PexCAi,17
1913-04-15,1405,ygrQLU,5
1950-08-31,1137,oMryKs,4
1915-06-26,0583,IIHlJA,13
1905-03-19,1687,iucsLQ,5
1923-12-26,1720,YxiriN,18
2015-04-05,1290,hGbjLv,8
2002-07-24,1642,SUBVZk,12
2007-09-31,0345,dWPcLi,3
1938-03-19,0099,UYvhvY,13
2010-03-31,0975,vOhYbQ,24
1937-06-31,1677,xnZkkp,3
1966-12-14,0949,WtksnW,4
1905-07-03,0876,iwBJIG,19
1956-10-25,1299,jsxweQ,9
1989-01-06,1460,uSuCKJ,16
2001-02-04,0109,jQTPgP,16
1984-01-03,1785,JUbKOK,9
1985-09-08,1833,hIQJJf,16
1902-04-18,1496,SlFgRJ,11
2010-11-22,0834,FMtkOw,16
1952-08-01,1101,zCciZp,9
1903-03-17,0407,RcPERD,11
1942-09-28,1701,HAUiEC,16
1958-09-28,1357,PRfWKb,18
1982-02-11,1319,hIuLAR,1
1936-01-15,1379,WnfHmJ,23
2015-12-19,1875,isDiKl,12
1930-10-15,1266,NPrqaH,19
2019-05-15,0137,fyYvoW,4
1902-04-22,1436,FFtCJC,23
1976-05-19,1028,RYrADC,2
1989-01-16,1707,xQJyBd,2
1989-04-05,1211,bshgIZ,11
1944-06-29,1528,swfHhA,23
1977-08-14,1772,oWLwnM,7
1986-06-01,0254,VmCKTt,9
2000-02-16,0187,uiDpPD,6
1905-12-15,1247,DUXbdi,15
1946-10-06,0878,zvYgRr,22
2007-05-07,1912,vKjFKb,6
1985-09-16,0505,sLfqux,16
1947-09-03,1397,NUVemM,5
1965-11-03,0975,cQnnrX,7
1992-12-23,1051,ZMClTf,7
1938-10-30,0658,povXrQ,20
1972-10-26,1939,zqTECX,16
2015-08-25,0745,gMObQY,5
1907-01-08,1074,tSixqw,2
1964-06-30,1269,CTlqCG,22
1978-08-30,0282,PkuCLF,8
1950-07-10,0016,WdbIXa,3
1912-10-09,1116,UdwrXI,10
1967-05-01,0926,wjDjvG,1
1980-01-13,1162,MPQmYp,19
1937-11-02,0960,RCSIrM,1
1975-03-23,1900,IALlhe,1
1981-05-04,1967,xTqUAl,13
1982-08-10,0534,NQNqhZ,9
1936-01-28,0679,zJQkvx,2
1997-11-26,0759,cyLFro,5
1943-12-26,0784,XUarCv,7
1941-03-14,0299,fgXykL,1
1976-09-10,0091,kwbZSu,8
1986-10-18,1207,RoYDEk,14
1959-07-20,1970,NGxCpU,9
1927-03-04,1136,KFSgkk,8
1936-01-24,0615,pzXIrb,10
1920-07-08,1567,LoAIhy,4
1941-02-15,0616,gTDYUC,20
2009-06-12,1566,zAHoUQ,19
1976-12-26,1591,nCqFQw,3
1972-12-19,1872,EaRMDd,10
2019-02-14,1343,zEpFcn,19
1971-01-30,1844,LPWJav,11
1902-08-01,1372,TLgXvk,14
1937-12-13,1381,VLilMw,20
2009-10-31,0784,kkGaOn,22
1926-07-17,1657,SyXhOx,17
1978-07-20,0692,rLWyiO,3
1930-09-11,0070,gzNnAr,4
1978-02-13,0314,EIkwdJ,1
2001-11-03,1692,VkYkNF,6
1982-09-12,1502,MHSpnd,5
2002-04-18,0966,jOoaxi,21
1915-11-31,0534,qUrCYf,17
1915-03-04,1599,wWnWXD,18
1970-03-11,1981,vidMGs,15
2013-05-17,0333,KcnaWh,24
2015-11-27,0953,AGggzj,20
2012-06-12,0974,kdGgTk,20
1933-06-12,0708,YhHmmV,11
2011-04-25,1085,RoEpEX,15
1971-10-19,0717,VWSzXg,1
1993-04-13,0162,CGhiRi,15
1997-11-23,1454,CXUTJX,15
2011-07-09,0886,sbJsjK,17
1901-03-05,1271,KCwQPc,16
1931-12-27,1472,rCpzLf,7
1904-06-15,1310,yRKgpo,1
1967-04-06,0499,TIdgdv,14
1953-12-03,0051,ZOghTV,15
1976-10-14,1898,frhlje,10
1951-09-11,0357,QtHrwm,13
1982-04-09,1131,cHBeBY,8
1995-11-17,1745,lXoIZc,18
1959-07-22,1391,jmagiT,21
1981-03-27,0186,dgzQDP,22
1998-10-08,0464,dyElTD,16
1969-10-08,0059,TbUdTQ,3
1949-11-21,0956,BBdxSp,5
1988-02-05,1423,xianXc,18
1951-11-24,1516,UPsRHn,16
1925-10-24,1893,kiwYll,11
1901-11-19,1223,wDAQGZ,20
1903-10-13,0678,XwhdpZ,19
1951-10-08,1631,cAkVyz,11
1933-06-30,1787,RwQshV,2
2010-06-28,1879,piSLCn,8
1901-01-30,0185,eiOjFy,16
1991-05-23,0158,jHJuwb,6
1938-05-31,0643,zuXcPL,1
1979-07-30,1799,LfxEOm,22
1954-04-12,0161,RwLbGl,17
1930-08-03,0959,KRABRC,7
1983-09-11,1627,OcFAxD,15
1953-06-27,1274,dYfyta,1
1994-01-19,1642,HtcqJa,8
2010-05-08,0715,OnXAfX,3
1973-06-08,1606,GvYqnv,7
1994-02-15,0451,CgaWAF,1
1940-06-03,0414,JgWuRJ,1
2015-09-18,0162,mBnhNe,1
2011-07-19,1848,clijdz,11
1979-04-11,0021,cZVYiV,14
1937-08-07,1277,INolqc,13
1922-04-02,1725,VHJPRb,15
1997-02-22,1866,nMUEvo,11
1981-04-27,0800,Zilkfh,22
1934-12-16,1539,KgZIMt,11
1985-06-21,1067,RSzeFG,20
2000-09-09,1671,HRnOua,15
2017-08-09,1979,bWYBIv,2
2012-10-06,0100,KLNjgy,11
1946-04-04,1471,LLupjz,15
1980-02-21,1803,BMVlhG,16
1999-09-27,0629,oZFhog,13
1987-06-12,1958,eWmyMq,15
2017-08-05,1642,tZZckM,5
1975-07-07,0618,qnSiGh,2
1962-06-13,1912,zkocEk,24
1957-10-27,1973,aGGYYh,16
1936-08-09,1554,SlDecr,21
2010-06-13,1894,uXdYdD,6
1912-12-02,1303,fxObOG,22
1942-03-26,0359,PCfWOE,22
1917-05-30,0478,qhXWvh,24
1991-12-30,0453,gzIUZI,2
2006-05-08,1414,cPyjkS,16
1985-09-17,0505,HEgGnt,18
1931-05-08,0212,aOFSqc,5
1932-01-21,0076,KyZCQX,18
2000-08-15,0982,tREQtG,24
1923-09-20,1243,YZTCFF,14
1925-09-29,0373,APWROE,11
1934-04-30,0644,NRyVxh,7
1950-11-04,0290,RBfYMc,7
2020-12-14,0726,zswfUT,16
1915-12-24,0516,eGJxLR,12
1952-09-20,0071,ANHBdV,17
1909-01-29,1251,KZDDIs,15
1940-07-12,0494,zgbeTM,8
1902-07-18,1252,HGVEaq,1
2017-06-02,0428,wkODYp,3
2015-03-22,1958,qrAoCG,3
2014-02-16,0204,CHaloD,7
1905-08-11,0433,XuXhop,3
2010-10-06,0724,ZLEfkG,15
1988-06-15,0816,VrbJfh,23
1956-10-09,0761,WZJMys,5
1928-11-27,1469,pWSjfX,22
1902-04-21,0247,cuqkFP,24
1945-10-21,0559,ebcNxR,17
1987-03-16,0147,xynqSg,15
2007-09-01,1207,sjFaZJ,3
1967-03-09,0514,wJACGt,13
2015-05-26,1887,tphOgU,8
1928-06-03,0437,FCTKNr,1
1941-11-12,0584,AkqEcX,23
1989-01-10,1911,lEXKhS,3
2017-03-17,0049,WyfTCb,14
1969-12-28,0192,MGvano,4
1935-09-13,1313,TZkZUl,5
1937-10-26,1869,zaEvko,23
2004-09-18,0125,sgoIzq,18
1915-10-26,0810,PQbDdR,1
1935-12-16,0014,cSwNac,21
1940-12-11,0049,BFzfPt,2
1985-06-07,0854,yozdpd,14
1953-10-06,0173,vdtsNS,2
1942-04-27,0909,vSrmur,3
1927-02-11,1873,snEoCh,19
1904-11-19,0019,RgZVsI,10
2004-07-09,1137,Dyeoqj,22
1913-03-07,1885,nVWxUS,15
1944-09-13,1776,hcYECb,16
1973-12-09,0059,kkadPH,15
1964-06-14,0509,OeOIlP,9
2011-05-03,1189,txKgmw,12
1925-03-23,1700,CchmgK,18
2015-12-24,0847,VHdkYz,15
2011-01-11,0594,nnmDvZ,21
1980-04-03,0061,qESAjj,21
2019-03-06,1596,TrdsfB,21
1939-05-11,0426,mtwGiu,21
2019-10-28,1048,OZqrJY,19
2016-06-08,1609,iMFHhr,16
1912-10-04,1414,cdPise,1
1982-06-23,0101,MXorIK,24
1936-11-19,0843,DKoSxE,19
2002-08-03,1649,JHjMql,6
1939-01-01,1798,TcqWkC,5
1917-07-11,0221,PLmoWJ,17
1907-10-23,0870,NIibdh,22
1999-09-10,0058,uSsjUm,8
1929-02-15,0352,MkzmST,11
1930-10-10,1407,JcOyJg,20
1992-09-03,1241,LsLwbX,11
1978-11-17,0716,QTBwWi,1
1979-03-10,1458,NOiuhE,3
1935-01-20,1313,amqTFw,2
1951-01-21,1084,tZYkMq,8
2016-10-14,1632,IHjXwd,5
1974-04-12,0931,itiwdh,5
1998-08-09,0658,wJGlkw,16
2016-04-08,1466,YJIIEd,13
1913-06-19,0876,luMLZr,23
1907-02-21,1326,LqiJuc,14
1994-08-15,1066,NcrsLj,2
1967-08-08,0177,Srowal,17
2003-09-29,1036,VSppNC,10
1982-11-07,0539,uxzyLQ,10
1995-09-12,1138,EvMpVG,6
1981-06-30,1082,nqhouH,10
1911-08-10,0206,KhWLgt,3
2006-11-13,1907,fqwxmp,6
1940-09-20,1992,KNWBHS,20
1997-03-12,1081,WxTqXo,6
1948-11-16,1594,WWslnf,18
1992-06-16,1078,XTFMFB,5
1933-10-03,1552,swiUsq,14
1939-02-11,0479,eEWaPR,8
1954-08-12,1635,UTILgo,20
1920-01-21,1501,xvAPGE,1
1934-08-08,1073,MapzRO,8
1956-03-02,0709,FYHwsp,8
1941-01-15,1239,BEeoBa,5
1909-03-29,0244,juTQRL,10
2005-12-02,0522,vSKeSq,20
2015-05-06,1953,FwWjSP,20
1909-09-03,1895,xEZbRs,4
1961-10-10,0156,ZOrEPY,3
1970-05-08,0078,tJblGq,5
1990-02-05,1328,wLVfBj,6
1956-10-28,0532,ZDbhob,6
2004-03-21,1964,qiLaMq,12
1989-12-29,1188,qoBGvF,15
1926-02-01,1400,vnBxqm,24
1998-01-18,1038,qYkukC,24
1998-06-23,1482,CQQyFe,23
1987-01-01,1400,XLjosT,23
1968-09-17,0987,hsrvoF,4
1985-02-26,1193,cgNpjr,18
1982-10-21,0714,lAJfZK,18
1936-04-17,1314,vPQqRh,13
1987-12-26,0209,AaFdQz,18
1920-07-03,0480,UciQHs,7
1934-06-11,0001,FymwrH,20
1976-08-07,0448,fpLLIh,14
1935-11-15,0538,WwrbBO,13
1992-09-23,0885,hFsRHS,16
2005-05-11,0204,uhufnO,9
2011-08-02,0405,oSxTIp,13
2010-12-15,1737,wClljY,18
1906-02-25,1277,KiLodD,23
2016-06-06,0570,SEcNoN,16
2010-04-24,0757,hWrABs,22
1944-02-05,1892,WBNjVV,23
1903-03-02,1460,dmFDGN,2
1997-10-31,1368,UivjtC,10
1947-06-13,1273,uBLWTL,14
1969-01-21,1483,unUDcf,13
1948-08-09,0363,LNTVCy,14
1906-02-21,0240,dXLFlU,19
1906-10-02,1830,vIXggc,8
2005-07-17,1830,vbznIQ,12
1964-07-18,1566,gbILoB,4
1928-06-15,1478,iZjwab,6
1963-10-17,0374,FFtuLI,17
1982-08-27,0674,lHOBPC,9
2001-07-14,1956,POOkhM,21
1987-10-24,0636,sIpnlC,12
1905-06-23,0083,zXNkKG,11
1913-09-23,0730,PfTiko,15
1966-08-13,0164,uonFxQ,8
1959-12-22,0766,lnkVVa,2
2013-12-04,0936,rePSfG,16
1904-06-27,0095,OFDXdz,1
1991-08-17,1962,slKiMD,14
1984-05-23,0278,mvxVTG,23
1906-04-28,0946,LYfRuY,16
1941-01-03,0994,eloyFJ,2
1933-10-28,1234,Ulympe,24
1935-06-04,0328,QRHFeh,17
2002-07-17,0855,vsoCDt,10
1971-04-26,0557,TeoMlJ,24
1938-01-28,1412,zwIssb,14
2007-07-28,0664,VhkMNn,18
1922-11-28,1850,OArCIj,18
1925-08-25,0048,BWjmlX,13
1978-01-10,1207,VXaVuX,23
1970-07-16,1414,BqacsM,8
2010-08-05,0147,tHigbj,24
1939-12-31,1022,OIdbwI,7
2005-03-10,1449,NgQlQh,10
1998-08-08,0146,LfpQFO,20
1988-08-24,1507,cnuGLq,22
1953-05-22,0961,DFrOma,19
1998-03-13,1789,SIhzTs,20
1926-07-08,0318,qoxWJc,14
1964-01-17,1088,rkabHq,12
1943-05-16,1137,LpYujA,23
1996-11-10,0842,UKyXRh,1
1994-01-07,0970,gaeeAE,9
1962-09-14,1523,UXeszG,9
1998-06-31,1902,PYOqTb,2
1924-01-19,1967,byMsNc,7
1974-12-06,1843,cHZxRx,16
1976-06-30,1892,YpVtOk,2
1981-01-20,0879,SjRMuy,6
1944-11-17,0574,AlpjFG,1
2005-12-20,0601,ZgRJcd,12
1939-10-18,1005,dhhpAq,1
1940-08-29,0141,dLKiMz,10
1989-11-03,0397,HgyBMp,4
1918-11-28,1694,sXIfJP,16
1974-12-25,0363,bHPvDm,16
1925-07-23,1208,ehOFYa,23
1928-01-16,0730,TUJyIM,9
1910-08-10,1334,qmYvOl,3
1941-11-01,1775,lxFVUB,17
1980-11-26,0160,lFLZpN,13
1991-07-16,1237,iWAwLl,21
1953-08-17,0411,pQpVEN,6
1975-06-30,0061,xerBYf,9
1983-09-20,0417,XiUSHm,2
1999-01-07,0833,KoGChe,8
1927-07-10,1707,ojsqUm,13
1913-06-16,1316,uebjzM,1
1931-06-20,1291,GwRMec,10
1983-01-08,1699,ZmegOh,8
1912-04-01,0529,CDuzKz,20
1901-12-13,0167,eTBowj,4
1906-08-04,1757,nOcgTm,14
1993-09-19,0855,EDOFlv,4
1917-03-05,0414,uxGdZy,12
1942-11-17,0292,dBYasM,7
1986-07-22,1273,NVJwof,7
1978-12-24,0523,seeeoI,15
1917-10-22,1063,GInkVh,1
1958-01-08,1712,FYzmvZ,8
1905-04-28,1952,bpyIHk,24
1964-11-25,1529,IZhZNH,20
1961-09-18,0078,PbRkyq,8
1952-06-16,0257,iHyGBA,12
1931-06-15,0521,DltpSX,21
1909-05-11,0681,AKScxZ,12
2014-09-16,1376,bbWuOx,8
1948-11-29,0764,jfWRdR,6
1923-07-26,0199,nqlSCh,16
1929-08-15,1780,mVwagJ,24
1949-05-01,0221,RtqiEB,15
1978-10-29,1847,GtUdAU,20
1992-03-24,1369,FSdtJk,16
1951-04-03,0386,yYqwxf,6
1956-10-14,0977,vEBSBy,11
1913-02-02,1126,PpcINN,8
1924-03-01,1082,ALzJhb,19
1993-07-18,1038,bYZphM,10
1907-04-29,0213,wmNPkD,10
1923-08-12,0559,aocIzv,15
1916-02-03,0285,YlCNyd,9
1965-07-20,1814,UMbTbr,15
1962-12-09,1322,NoWtKJ,9
1966-11-30,1704,XskFlg,5
1970-01-18,1368,iUKmzq,24
1919-05-30,0666,vrqxOK,16
1989-04-21,1134,BfPgPn,12
1950-07-02,0797,Nsenjr,14
2018-06-15,1720,lZAMgr,19
1969-06-15,1048,QnyKkV,2
1953-11-08,1288,WxbYMt,20
2001-10-18,0081,PmcEJy,23
1905-04-09,1329,awjTFY,4
2018-02-04,1683,nyDegF,8
1910-05-15,1835,fKzLJD,19
1954-09-22,1875,gvZqRa,3
1943-11-24,1820,CtAElf,15
1911-05-08,0749,wJwZoT,7
1978-03-09,1834,dKVorp,12
1939-05-24,0287,WSGmIw,15
1971-10-30,0063,lATkpm,3
1911-01-12,0628,zmlUkG,14
1906-06-06,1858,LCibDb,2
2013-03-31,0954,vrNAAj,14
1934-11-07,1935,LhMsqY,15
1902-09-26,1118,zmdZyC,15
1991-11-17,0235,QMacGM,3
1970-09-12,1044,lXykBl,5
1966-03-13,1985,XLCtPS,22
1982-12-21,0727,ZPfKcR,17
1988-06-05,1694,knjoEz,14
1980-08-21,1163,mrZIQj,8
1970-06-17,0671,apxnDk,10
1973-03-01,1109,rUjMKS,16
1975-10-11,1965,KMXyEY,7
1937-11-23,0480,HePvOF,21
1952-03-17,0005,TmSCHf,23
1981-03-18,0253,RBGiPh,5
1903-10-01,1685,kAKjJJ,15
1965-02-17,0106,VmUgxz,4
2018-04-17,0600,oxFrPA,4
1990-10-14,0967,qjJtjL,2
1966-05-25,0095,CuqnuK,23
1969-10-25,1791,grvjOz,21
1973-04-27,0379,mnZSgy,24
1961-10-02,1783,mJqlgy,16
2005-03-12,0233,fqrkRS,13
1905-08-19,1494,ZajCck,24
1940-07-04,0113,lPhvKZ,18
1927-09-08,0973,skhKGL,9
1952-08-15,0702,ZutDIF,20
2004-02-28,0677,qnkbOk,11
1906-02-12,1559,umcBuO,22
2007-04-08,0553,OlbpJp,2
1926-03-27,1359,yZfEBH,11
1945-06-31,0869,vUaFig,4
1930-05-23,1726,pNVUJa,18
1950-04-03,1569,AKWAOd,17
1907-12-10,1257,TVYmWE,9
2006-11-31,1102,XVAwBR,14
1964-05-17,0235,rnoyEP,12
1980-07-16,1501,gTnBKU,16
1902-05-10,0937,nZebUi,12
1943-03-12,1200,GfDolC,22
1933-09-03,0067,LqaCje,16
1931-09-23,0747,BLQTUV,5
1949-05-08,1031,rnkWwf,16
2015-12-25,1191,ZOFmbT,23
1944-01-25,0680,gWQZqj,8
2011-04-01,1747,AAOtdw,3
1943-08-04,1758,TJfwyL,7
2003-12-07,0556,PTqoOE,15
1976-08-18,1781,LXigvs,2
1943-12-13,1198,uEjhuK,16
1970-10-01,1984,eFFjJU,24
1970-07-24,0138,bfafsG,6
1909-12-29,1066,mVhpwU,14
1930-10-24,1013,yghKNm,18
1963-01-05,1067,QHicvS,16
1937-07-25,1117,gorLPp,19
1957-02-26,0243,tTOjqD,20
1969-11-20,0339,UeGKWK,16
1983-07-29,0450,pJjKdg,2
1987-03-07,0854,PciGrK,5
1983-12-18,0730,kQFrhW,14
2013-04-20,0830,sTwmde,16
1908-08-17,1143,iOrqdd,10
1989-02-11,1569,sCGYZt,11
1940-06-11,1048,GdNxYg,6
1960-07-28,0692,GChqsZ,6
1975-05-13,0112,dtvIby,4
1946-11-21,1406,UwVCpT,24
2012-06-26,1474,ijucEX,3
1924-06-16,0134,FaOSpz,16
2017-05-05,1931,EqJEOD,2
2019-01-27,1233,Eklujg,20
1958-02-12,0462,jxnqea,4
1943-05-09,1743,oeFilJ,22
1933-01-12,1282,xvnujI,23
1958-06-26,0355,NscOFG,16
1961-06-13,1183,VAQKOY,21
2019-09-21,0269,nrTUXT,4
1927-06-17,1408,AfJgZt,15
1957-05-18,1433,qktltz,1
2006-01-25,0633,PbmBIm,20
1943-10-31,0887,yufQIa,9
2001-11-05,0648,olWTcn,23
1964-09-30,0938,PlLGas,2
1956-04-06,0147,slCMsh,13
1987-10-19,1086,crrfAW,6
1907-03-11,0991,goyAgN,24
1914-11-13,0790,XwOREZ,10
1930-08-02,1408,GmJzig,2
1926-10-01,0907,xggSpp,15
1968-07-05,0620,muhgqp,23
1922-08-25,0793,TqTSlT,8
1982-10-31,0800,eazgol,9
1904-09-02,1027,FfiTEb,15
2014-10-15,0906,CUaMZZ,3
2011-12-02,0768,gLbYSo,6
1949-09-13,0778,IsEnkG,10
2010-01-22,1436,Ggbjeu,7
1959-12-07,0787,oDpqmA,4
1942-06-09,0812,KUqAaN,6
1901-03-14,0713,UqqCci,16
1950-09-02,0729,rejsmR,2
1979-02-14,0367,YzmSsM,21
2001-04-12,0353,MuveAS,22
2007-12-09,0842,ZCDNuj,7
1931-08-28,1377,YQSzYI,22
1904-06-26,0519,cmHmuw,14
1930-11-17,1341,EoFXHb,15
1901-11-15,0404,McVSgH,12
1953-11-24,0984,oBsAcc,5
1991-12-03,1907,fUjTSY,9
2011-11-01,0325,gUDHkk,9
1946-04-11,1402,WqEuJA,15
1952-08-08,0961,MOmMUo,10
1954-12-21,1809,wexRPE,6
1932-07-09,0900,zcGVxJ,24
1972-04-18,0061,xjbtPd,11
2006-04-01,0092,pDpvoW,4
2009-02-07,1475,uWOCHd,20
1943-08-16,1801,qHtevV,4
1941-08-14,1172,hzpkRa,16
1981-08-13,0854,axXvBi,13
1980-04-21,1267,MrLUMO,4
1963-02-13,0891,qOsgrd,20
1930-11-16,1926,OYqqmy,14
1938-05-09,1295,Thwnwx,16
1908-02-20,1674,TBCNMA,2
2002-09-24,0710,LMDNFs,14
2019-05-29,1162,nThlyN,17
1950-09-31,0319,muHwox,21
1982-01-05,0706,pINxGe,24
1947-01-20,0750,XCvSfZ,10
1908-12-03,1384,CSZsjo,4
2003-05-19,0781,PffyNv,23
2012-08-04,0148,CKGsuN,13
1989-01-15,0891,dieLWp,11
1931-05-21,1760,kTkFvc,22
1995-03-31,0898,OpCNKe,2
1957-07-23,0647,NrgkNp,2
2000-04-17,1487,CqdiSL,24
1979-01-11,0822,jCaunS,18
1920-05-09,0500,ejeABE,10
1943-10-21,0305,IXqxww,15
1950-07-16,1263,gbuWxJ,22
1966-04-29,0490,MFuwel,21
1937-07-03,1452,swMgzi,20
1930-10-28,0786,MrcUXN,18
2014-07-18,1002,ASDfyd,17
1952-08-27,1297,ZEQIOs,6
1987-04-01,0974,aweMjc,12
1930-07-10,0777,cCefOj,23
1945-06-04,0670,VAlfTw,16
2004-09-01,0474,KKwfae,18
1948-04-15,1622,NHrHyL,17
1976-05-01,1803,iATAWg,20
2005-09-25,0465,xOVprv,24
1921-02-04,1190,GvUIcf,20
1912-04-06,1909,XJhZBN,1
1978-08-18,0457,TbhkHR,10
2000-10-25,0559,udTXeJ,24
1903-03-25,0362,IIabRy,9
1990-06-25,0478,KvGGBZ,14
2004-05-03,0242,UoikBj,7
1972-08-13,1922,FhJwJq,18
1949-03-01,0834,yiTgBo,12
1940-09-28,0220,HZPJjb,8
1918-07-27,0140,SFJqXb,1
1930-03-14,0957,GxQZqU,11
2007-02-10,0822,RprmdP,7
1940-08-23,0373,KDaKhm,10
1939-01-20,0736,yLeKiz,1
1906-08-01,1310,nuJNRx,24
1935-05-29,0870,KMPuUr,18
1967-11-12,0080,iHrODd,23
1961-02-13,1260,jOnLpP,4
2006-05-17,1212,lwIORs,5
1912-05-01,1755,wzqdVW,14
2004-01-30,1426,qFmKWh,22
1952-07-06,1375,fHBfZm,1
1911-03-21,1723,MGuplo,2
1962-03-25,0624,xDxKmy,1
1915-03-22,1822,fvZyEa,14
1917-06-17,1688,djyKBi,16
1990-05-22,0210,bUhZpT,18
2016-07-31,0100,ZlhhQT,9
1997-04-05,0188,HamjuN,23
1943-09-09,1220,YVRCkE,14
1937-10-19,1113,NnXPqv,18
1902-09-06,0836,VYcBSA,7
2017-07-04,0696,vuyQCg,16
2001-01-27,1086,IOfdZy,19
1965-08-26,1779,lLRYbj,14
1957-10-12,1122,NGofNz,14
1901-06-17,0445,yBBhbI,21
2019-09-17,1360,TInlOJ,7
1949-10-01,1488,RUeccF,18
1962-09-19,1509,hmoZXj,12
1948-11-01,0617,JckETN,7
1966-02-20,0214,viFsCI,10
1964-04-01,0096,PZJKBA,22
2004-11-18,0904,zTKNSj,6
1927-11-26,0151,ShYPkV,23
1913-10-28,1487,jOoKdQ,4
1925-01-16,1119,AJCTSh,24
1984-03-21,1740,QxNkSQ,7
1918-07-15,1829,mOYxdH,6
1942-04-31,1531,aaxffN,9
1963-01-22,1963,xUgnyy,1
1914-05-21,0079,eCQnNL,21
1966-11-22,1726,iYeklG,17
1960-10-28,1222,xzeXKZ,5
1952-04-20,0025,tVsMYF,16
1909-05-02,0504,OkkYLT,18
1958-12-01,0941,lhSawG,1
1926-02-18,1796,JacZiS,6
1922-03-20,0552,rNvpzU,8
1963-10-23,1774,kzoVMa,12
1932-10-12,0616,rYRYjn,12
1997-07-16,1839,LMhbSp,13
1980-09-15,1473,EbrLQA,22
1968-12-03,1012,WpwcZV,19
1911-08-24,0517,UfGkQk,7
1928-11-06,1306,oOwCeR,16
1965-10-10,1964,JeZuTx,8
2014-04-24,1856,NmvMjL,13
1930-05-04,0848,ZDynVU,18
1965-01-23,0227,dYIMjL,3
2008-04-17,0975,Arlpua,23
2008-09-27,0727,rGpFus,14
1959-03-23,1218,dyHYNx,3
1948-05-10,0566,ewWbEJ,11
1960-12-23,1048,TIcQEg,22
1954-07-22,0185,SLRbck,7
1917-06-29,1725,lZMhzA,1
1914-09-09,1180,IpPsom,23
1947-02-23,1139,kwenFe,15
1908-05-24,1673,QhaCTS,23
2003-11-03,0908,IBCVUY,16
1914-10-29,0363,amayrA,8
1990-05-30,1897,EjVaLQ,16
1907-11-17,1886,NYbuXy,24
1902-01-23,1931,xSAEiX,11
1932-02-15,1741,uGfRAD,21
1975-02-05,1625,ncpiHT,16
2012-10-23,1752,qlFoaF,11
1969-06-17,1710,fGGDkY,22
1988-06-03,0648,epdCUY,10
1974-10-30,0921,Eikvyu,18
1919-10-02,0267,WSWfZL,20
1949-08-28,1260,arhRyJ,12
1946-09-08,1510,AsCWTH,23
2012-01-12,1075,iqAKne,11
2000-04-08,1823,XBNAHM,3
1996-05-07,0943,PmcjVo,12
1994-07-12,1005,jusLld,5
2000-09-12,0369,oeDvTv,18
1931-09-14,0990,tRCpyW,21
1924-05-31,0510,isxMsG,13
1990-10-16,1248,nUAvOO,20
1995-08-04,1822,pqtyKU,5
1931-10-27,0060,WLpCLD,2
1929-02-02,1340,SeJKXt,10
2005-10-23,1003,NARhJG,19
1921-08-17,0252,BaMRtU,22
2010-06-26,1363,qITdQB,8
1957-05-04,1621,aqCMyQ,1
1982-07-25,0905,SDTmcR,1
1982-03-12,1857,gXyKTi,22
1975-10-22,1253,qnFGxf,15
1998-10-25,0146,exzrkR,18
1970-12-03,0468,boGCBD,14
1969-08-27,1012,BjGzBr,3
1922-06-12,0487,LcDfBA,8
1953-04-11,0461,FOylVE,15
1922-01-26,1617,lYulof,6
1945-10-26,1273,kbldii,14
1923-07-27,1199,cfvdjR,7
1948-06-09,1914,MTgKoA,1
1936-04-06,0171,ySYzXJ,15
2016-03-12,0399,vvPQTY,13
1965-12-09,0531,whCspB,4
2017-09-19,0228,UmOaqe,3
1938-10-07,0933,iwOpxc,14
1963-03-08,0597,JsFazF,2
1927-10-13,0466,VBcndy,8
1968-09-04,0992,gQsciN,5
1982-08-04,1998,AUBVEq,15
1912-01-27,1692,ReAhpA,11
1937-03-14,1671,HSnORv,1
1982-06-11,0388,LRibkS,5
1931-08-16,1064,ftwgep,5
1989-05-03,0952,DxPOuH,12
2001-10-12,0075,TjojwV,12
1920-01-28,1526,EtLgee,13
1901-12-31,1819,nWupDD,24
1997-03-07,1883,DvdfVC,7
1927-05-15,1718,mhnvJT,18
1940-01-03,1475,GsmEdY,20
1991-01-26,0439,hMNnIJ,17
1974-06-03,1955,elePfx,16
2012-07-22,1083,ZawsdR,16
1955-01-17,0447,PECsHp,14
1910-03-19,0687,yFRsUP,24
2004-08-22,1464,LZTxHe,3
1921-11-28,1280,jXoYkP,6
1907-07-04,1429,EZaQtr,19
1995-02-02,0924,dUatxK,21
1923-12-03,0780,OrMMwv,7
1988-12-01,0976,HCbicR,5
1931-01-04,1237,fXNSLH,18
1993-02-19,0293,xaURmJ,4
1931-03-18,0064,hbYgJa,19
1917-04-27,0790,ETlJDy,5
2015-07-13,1045,GRwTDg,15
1991-03-08,0229,FUoCkJ,20
1962-06-19,0442,BAHkEm,4
1928-10-06,0007,gxoPuN,22
1909-02-16,0045,TKRkHn,7
1950-07-05,0403,CfhFLp,10
1902-09-21,1950,FUbFkj,14
2001-04-01,1159,yPwYhu,13
2004-10-20,1519,VKQbRx,6
1938-09-05,0661,WRhvBN,22
1930-03-28,1594,KvOWpe,17
1909-11-28,0874,wbFVBr,13
2011-07-18,1536,qulGTr,17
1929-07-31,0782,fTGHOI,23
1970-09-25,1221,oSBqql,9
1958-07-10,1635,qBdDoM,13
1965-12-11,1173,GeDrVI,10
1970-09-01,1441,afGutH,23
1933-04-20,1702,YkPxaW,22
1946-06-17,1991,OMDTcc,23
1961-10-18,0488,iHUfXw,8
1908-01-25,0329,GGkfcm,24
1934-05-05,1446,VoajVh,8
2015-11-09,1081,eicKYq,3
2012-11-02,0338,PjsdpA,10
1997-10-20,0766,aXUSVs,21
1942-02-27,0040,Gsaklc,12
1921-01-02,0035,eqWhQq,20
2007-10-05,0090,PTpYhp,12
1974-08-03,1034,KifmaW,9
2019-04-30,1300,IcFXtD,8
1955-02-03,0059,qxGUpS,7
2013-04-03,1280,RXBrEO,14
1991-09-20,1778,KdBheA,21
1934-08-24,0926,JjngMs,5
1966-04-19,0402,aBpmdq,23
2018-11-21,0147,RRzBXh,7
2001-07-04,0548,LKZmAX,17
1923-08-01,0910,BfJnqI,3
1964-04-19,0521,nrnVZH,18
1950-10-16,1528,FdHGai,22
1985-09-19,0103,NpaLIt,21
1906-07-16,0432,julWpn,15
1949-01-14,0090,Decflf,4
1901-03-18,0051,ETmejL,13
1981-04-07,0120,TOWSbs,21
1951-09-10,0882,NNcgbg,13
1923-08-19,1276,eJuESb,12
1993-11-06,0369,ttbjAZ,5
1948-05-28,0205,aTxOLh,11
1967-11-17,1995,ITvmZv,10
1903-08-26,1993,hQSeAI,6
1923-05-12,1468,sdavQU,11
2015-08-16,1602,xOyxMq,10
1984-08-21,0776,wkvxvb,7
1978-09-21,0914,cpQFXi,3
1952-04-29,0200,UPeoFA,5
1907-08-07,0367,RYsdJt,1
1985-08-09,1446,PbWMpx,24
2011-07-20,0684,FxkRMf,3
1999-03-25,1236,hxEmcW,3
1928-10-12,0312,bCGWcH,5
1928-01-21,0289,DwykuU,14
1930-05-14,0085,bYEanE,18
1968-09-09,0948,eeMueB,14
1920-09-06,0871,KGoUWt,1
1942-08-29,0863,WhcOZB,19
1982-02-22,0347,iDJwze,4
1983-07-20,0420,vtXTLm,3
2007-03-01,0569,yCOjsB,15
1978-11-01,1329,WJSufX,10
2007-02-26,0669,SVVvYD,24
1939-12-13,1386,tqfmSS,1
1916-08-24,0700,YoLrMe,9
1925-09-17,1128,ECHSQd,23
1909-09-01,0364,oqnrfX,9
1939-08-06,1621,NXsqiI,23
2018-11-13,0682,tcXesZ,23
1942-12-21,0955,uHdPUs,4
1915-01-11,1175,lYsLps,13
2008-11-05,1016,hOCdHn,10
2014-09-02,0188,aiKzCr,17
1930-08-11,0718,XwkuoK,12
1925-12-13,0289,KGGfnZ,23
1973-06-29,0492,KhNnSc,14
1942-08-16,0570,VaLFKW,11
1971-01-17,1412,CYwJxy,17
2012-11-10,1330,IUcNmI,7
1953-02-27,0546,cLwvlp,16
1935-12-03,0560,mNHmeF,17
1957-05-21,1615,OKEkua,5
2008-10-10,0942,wabAcY,14
1987-12-20,0976,EXxwhC,14
2000-12-25,0407,wWCWwq,12
1917-05-08,0709,LFCyqM,16
1929-10-12,1632,msAUuu,17
1914-09-20,1656,rVtXmK,8
1989-06-31,0587,mNXYob,22
1998-01-05,0755,dUfkuz,8
2009-06-02,1016,XyZFbr,1
1964-09-09,1924,pphITF,17
1964-03-05,0832,xnvHQp,16
1947-11-12,1335,SGtxKC,14
1923-02-17,0660,hEjcwn,15
1945-01-21,1543,LlIISA,13
1942-08-05,1489,qnYCoA,3
1954-09-12,1226,pYXBcw,2
1992-01-29,1132,cIYGNm,19
1935-05-27,1651,ZAqkya,8
2004-09-21,1057,VdXGhK,13
2016-11-15,1912,BpFRGT,3
1997-07-10,1712,JNJctC,21
1972-11-24,1482,gLuzDW,14
1906-08-06,0230,CNlmNU,5
2000-03-18,0893,hpZPRj,20
1952-04-26,1266,vrLbZk,18
1961-08-16,0552,tcTAah,17
1998-07-24,0173,vBnuof,24
1937-07-18,0671,GPXqPt,9
1941-07-18,1207,CHpiXd,24
1920-07-26,1851,cJNJvE,13
1955-07-13,0787,TVLIkI,7
1995-09-16,0734,zloSWD,13
1943-07-27,1761,AXlntO,14
1932-11-16,1020,EuDedq,8
1970-08-09,1669,zgqIiF,24
1915-09-09,0175,PMlnWt,24
1959-03-31,1402,jhjpIt,16
1961-07-05,1228,hCJThZ,16
1923-10-27,0186,IzQriB,7
1967-07-05,0454,BqLSsG,22
1995-08-19,0438,PeXAkJ,21
1918-12-07,0791,ADijmV,9
2006-09-07,0245,OxAAQy,21
1975-09-18,1407,awQWjf,20
2003-08-09,1057,iphafA,9
1926-01-12,0065,AuSrms,11
1946-11-26,1639,PKZHWK,7
1931-09-26,0507,mIzfAh,21
1938-05-10,0029,NZenMq,20
2004-01-24,1901,bcusCR,5
1913-04-28,1026,XPKJIl,11
1979-09-20,0000,tLAtzQ,5
1982-02-15,0240,VwWzIT,14
1952-11-05,1098,KxUNCp,17
2000-01-13,0290,hbbJxi,19
1904-03-13,0156,wrZZbT,18
2020-05-07,0395,bLoJuU,6
1939-01-05,1779,bxoYub,2
1985-09-29,0912,hIHyKR,6
1983-03-21,0108,USfYJr,13
1938-04-13,1970,aVpZFh,11
1954-09-13,1867,zmbwFj,11
1977-02-08,1594,KOcxGv,13
1933-12-14,1741,PWmSQC,2
1925-09-22,0154,QcJWfR,12
1970-10-21,0057,dBLdlS,10
2013-07-19,0315,cSGDCM,16
1917-02-13,1044,SWySal,23
1922-05-06,1317,uFHVlj,18
1994-11-18,1061,GvBYNx,23
2005-06-12,1967,QVYVpK,12
1991-03-27,0631,NzTfFj,11
1953-03-06,0334,waeqSR,8
1959-06-09,1148,aYDbOn,11
1949-12-19,1866,pewjgJ,17
1918-10-25,1339,NvziYQ,1
1922-06-26,0162,gBDBgX,24
1908-12-06,0315,rQQgWU,3
2006-08-13,0360,OlyHlH,21
1923-12-18,1412,mBydZV,10
1970-09-15,1830,JGCSZk,23
1934-10-05,1849,VGkBTB,23
1967-02-03,0841,cAwBaM,4
2000-01-18,1358,RoZsTn,20
1907-12-25,1717,fBVwEo,14
1946-01-31,1327,OsRCFu,14
1924-07-17,1052,DeLRLw,20
1919-10-03,1773,yuRSHl,19
2019-04-13,1542,QyQEUi,23
1983-01-25,1178,ClBYOK,15
1992-12-07,0844,fYsWlx,22
1943-12-12,1879,EnWuLZ,23
1997-05-06,0725,HEddgt,20
2004-06-23,0251,xqvBpc,6
1997-07-20,1919,qNFtId,8
1926-02-20,0623,jvoipa,24
1947-01-10,1887,WgphDE,5
1931-08-09,0810,DbJCOS,1
1925-02-07,0062,CzwRdo,21
2010-12-10,1005,UICVjX,13
1962-04-31,0403,pvyPmh,22
1911-08-05,0446,gZocDo,11
1938-03-30,1422,JDhnIE,13
1964-09-14,0382,iCcgFi,14
2000-06-23,0635,ZrnhrP,9
1967-04-22,1202,KDyrSy,19
2007-08-07,1049,GBPgwf,13
1991-04-05,1819,gVkMEJ,5
1945-11-01,0524,oneRiG,9
1965-09-24,0170,fcfchA,10
1934-05-30,0030,rtRDxZ,5
1980-10-23,0574,BWjpwJ,14
2012-12-19,0490,zEbuVn,8
1939-02-16,1662,NcIVQM,10
1956-06-24,1792,fPRSZB,21
1981-12-18,1977,DvZJVN,5
1907-02-06,1373,XJqNaT,2
1928-12-24,0620,cMpSYC,15
1902-05-11,1880,VSpNPA,15
2001-04-28,0159,VrEHgM,13
1967-07-07,0582,iaWgYu,6
2011-07-15,1176,bxlfFz,8
1932-06-06,0302,DZUrlk,22
2001-02-13,0060,rzbdKB,23
1913-06-25,0155,LaLvSp,7
1947-05-03,0636,TwyFHI,10
1902-10-29,0042,QbarIx,1
2007-05-18,1748,DOkjJL,19
1906-02-15,1813,NYWlEb,14
1914-08-27,1709,roNgyc,3
2004-08-17,1179,MaNJZx,4
1952-11-10,0310,wVgJym,16
1953-03-28,1697,RtnZCo,21
1904-11-13,0652,SGqDTy,12
2007-09-17,1176,jexwJx,6
1986-07-09,1717,MQwTbi,2
1985-12-21,0794,QfODtn,9
1930-01-27,1316,hwsklf,13
2017-01-14,0176,LgxBSx,12
1909-06-09,0882,enUqzk,24
1917-05-13,0914,WSiTsq,20
1964-05-01,1203,zYXdQZ,16
2020-03-30,0756,GcXRrN,16
1985-05-24,1873,FGkcwa,17
1932-07-24,0929,OoKrFF,15
1965-04-01,0885,PSrTAd,11
1971-01-29,0457,IUYIsG,14
1948-01-26,0014,XgdRHf,11
1982-07-17,1839,RFqyQY,24
1993-11-16,1210,EuskSc,6
1907-09-31,0909,ttmsqn,11
1996-12-25,0911,bbLFKR,8
1912-05-15,1898,qpyRjt,13
1951-11-20,1328,psWyHQ,17
1926-03-04,0352,ELXdxK,1
1955-02-25,1333,zMAclV,22
1998-01-22,0878,sVKQSg,23
1944-11-12,0515,KpvKWg,13
1942-07-18,0527,MVUoCL,22
1996-02-15,0805,AGfCJC,24
1949-11-07,0251,LVUdvc,7
2017-05-07,1909,wlDDkJ,7
1975-04-14,1583,NLrpxj,20
1934-10-06,0699,mNFCDD,10
1904-02-07,1132,uTajTu,9
1955-08-08,0304,oXfkwx,20
1981-03-22,0079,PEvVTQ,7
1922-07-06,0254,PsAJav,3
1997-12-06,1163,vyHXJK,17
1959-11-13,1154,MYUhgR,13
1996-09-20,0923,zZvqpL,14
1905-06-20,0853,DpXxZz,3
1926-12-02,0444,VGjpzN,23
1905-04-10,1277,iCTFZl,8
1982-12-11,0791,CgtPlp,23
2017-05-30,1707,WZZaOV,4
1951-06-17,0441,aGiohm,22
1910-02-18,1476,AZAtIZ,7
1919-08-29,1187,RRVeQq,10
1903-06-27,0973,RiExkj,12
1982-05-03,1389,uZxDKa,8
2007-02-21,0457,xrfcGX,20
2008-11-08,1111,SIjFQH,1
1952-11-12,0091,OlePhm,16
1984-06-02,0213,UGmuGM,13
2008-09-08,1417,XHjZRP,18
1999-09-14,1370,PsncSw,21
2001-05-01,1059,SIBYex,3
1911-10-18,1775,ezzSVv,18
1985-10-01,0028,LCKkOq,2
1962-01-07,1353,BpFsme,10
1913-01-16,1890,GaUUGV,8
2013-03-24,0040,qJdmmu,3
1931-10-04,1652,hAzRZT,7
2004-04-10,1045,BacPQQ,8
1969-07-18,0351,nLuNBm,23
1921-04-27,1051,vAyNyy,7
1937-11-19,0311,noCnTZ,20
1999-03-30,1453,ZhUWsu,18
1987-07-19,0348,SEvAFE,1
2018-06-23,1308,ojlIwf,10
1956-08-04,1042,XsgVBv,17
1991-07-07,1383,tawxtW,16
1925-09-28,1297,RQatgv,11
1941-08-31,1216,NkMCiW,5
1907-04-06,1740,YEwmiF,23
1949-12-13,1400,bmVBJs,20
1901-02-10,0249,TWSCdL,22
2010-03-08,0576,gyCQIU,11
1922-09-26,1343,WrTWuo,4
1924-10-27,1417,ahIpwg,8
2010-03-21,0114,xbFqeg,16
1926-07-26,0344,QQCgnI,3
1950-03-20,1149,lMJZUe,22
1987-10-09,0259,uvXNJN,18
2000-06-19,1686,opZapV,8
1904-04-05,1617,qzrzbD,1
2003-10-25,1146,acLFeO,7
1939-12-12,0238,xTaZMl,6
1970-04-12,0996,nBleBj,5
1982-05-22,0021,rwGEpD,16
1951-09-22,1152,NjdpuM,9
1980-09-30,0753,kYhLAw,7
1945-07-14,0201,mHXIvJ,18
1999-02-06,1027,bGARLB,7
1949-02-15,0352,WkOyCg,14
1928-01-09,1458,TjcFbx,4
1932-03-23,1302,GfraVH,17
1968-01-25,0055,BvlJtJ,10
1982-12-03,1735,dQelqu,2
1915-10-25,1872,XSuTqg,17
1981-02-24,0449,uSjzra,14
1995-06-27,1806,ZqCxPh,24
1984-09-01,1518,CbHoNU,13
1999-05-28,1536,TmJrgZ,21
1930-01-19,1838,QKotfg,4
1969-12-04,1571,yQLTnF,11
1932-01-25,1879,vgROQU,19
1935-04-09,0976,bhKdMr,22
1995-12-30,0870,SmuzcR,14
1961-03-21,0131,dTDDvd,4
1909-05-15,1406,VROtmq,18
1960-10-17,1413,uyJXbI,7
1949-03-17,1598,GpJRYQ,9
1954-05-09,0302,jrQIab,6
1909-02-23,0972,ApyAmp,18
1947-06-12,0820,AjiFLA,6
1999-07-18,1481,vedJms,9
2016-05-08,0738,SatyQe,19
1999-04-01,0206,cOxlgW,17
2003-12-19,0138,drvWzx,23
2003-01-21,0309,NtFMLz,22
1916-08-30,0016,LDbVIO,14
1994-11-26,1585,HffSSq,1
1987-09-10,1028,MfulUF,20
1961-12-27,1681,fxWbAA,15
1971-04-19,0327,XiASWF,1
1901-12-29,0517,BSGEcZ,8
1919-03-15,0589,doSeZU,7
1906-06-31,1554,XmcbiM,12
1958-01-19,1980,DcPCxJ,4
1970-12-20,0332,sJNltB,5
1961-07-13,1930,NmWxHr,14
1999-01-29,0341,GhTpqY,1
1953-04-13,1701,MBtjCk,6
1928-10-26,0311,Ttfvqi,1
2005-09-21,1997,uHDoxI,18
1923-09-02,1643,emEDxi,19
1984-01-14,0258,Rqnjtj,1
1982-06-30,1313,OZPinP,4
1964-09-19,1991,hAIBGr,15
1919-01-16,0617,IjSyvW,8
1913-02-10,0088,RRWWYV,12
1990-09-02,1841,wVFQrM,22
1928-02-05,1826,nMpiGe,2
1927-07-12,1763,sjJzDu,12
1946-03-16,0284,bpUHZb,8
1955-09-27,0301,UvFqkg,2
1988-01-01,0043,sFgLVT,4
1936-09-31,0405,FYjpQV,16
2004-12-24,1685,rEIufS,3
1917-09-15,0120,NkiGKf,24
2016-06-14,0981,RmLMTw,23
1943-02-11,1763,XIRBME,3
1918-02-15,1605,VBHjId,20
1990-03-31,1106,AFOhCa,21
1994-02-16,1075,CKpTcb,21
2014-05-28,0802,ddPkhB,10
1905-01-29,1394,MgKfxh,20
1974-02-18,0003,lalIzk,3
1931-09-06,0481,zJJqXA,22
1902-09-01,1572,ExtFmI,4
1979-07-29,1111,yiAMhU,10
1907-10-24,1389,kDAlmL,12
2019-04-19,0378,oOlKno,5
1983-09-03,1074,ufIeeQ,12
1927-04-12,1587,BZBsCm,12
1991-04-03,1251,lnEjbG,23
2018-03-28,1418,gZWzWX,10
1908-03-31,1145,faBTdN,8
1903-09-07,1251,ZDPLal,24
1914-05-23,0924,lFwKzf,2
1901-03-02,0481,ODJbIS,23
1958-08-22,0138,LGjwgp,20
1938-06-27,0701,GlPmMB,17
1924-01-30,1556,VXpsBe,23
1926-02-11,1067,gumEpF,14
1924-04-12,1845,XrrXuE,21
1915-12-21,1336,RImmPV,5
2016-02-23,0795,ERKptD,19
2015-03-05,0367,SknOQl,23
1927-12-27,0531,AhkONS,9
1937-10-13,0361,Pdgjnt,22
1951-07-22,0281,NkJURN,18
1999-04-17,0555,xPtmzI,22
2003-07-25,1577,RzPtRI,20
1917-07-10,0330,PjgkSz,13
1997-06-10,1895,klDdnb,20
1913-03-21,1863,pCnaKD,3
1944-06-14,0690,PdkTbv,1
1913-04-07,1412,ohiwoM,7
2013-01-27,1150,JtKfYS,14
1953-05-18,1080,LyyRzp,10
1950-11-29,0122,QysvUR,17
1952-12-03,0661,kfwfBM,13
2016-02-27,1338,kRCmxa,23
1994-01-02,1144,kcKrIA,7
1967-10-17,1047,SKAZtu,6
1915-01-20,0042,AWvHWo,6
1997-03-04,0131,YJgURB,5
1953-04-27,0040,tgSSWn,6
1933-08-16,1473,BvyfXr,23
1949-07-30,1062,lYbCux,11
1937-02-16,1997,bgJOwI,23
2006-01-02,1845,yPwfgZ,9
1972-07-13,1197,TYcMKq,3
1938-02-06,1965,xxdhxI,10
2012-06-03,0772,gVgAyB,13
1936-09-02,0254,Vdgxwz,10
1934-04-07,1553,nQgOTB,21
1953-07-14,0722,eSpuqg,12
1939-11-20,1624,NMZLEf,9
1970-09-20,1326,xxDUFM,11
1905-04-26,1826,KaXwbP,8
1951-08-19,1795,elslzy,7
1995-09-25,1461,pIKiDB,10
2014-11-01,0016,ApuXpO,9
1948-12-27,0756,PkoDoS,10
2013-10-30,1645,pIUcmf,18
1960-08-14,0710,FMOBIl,23
1921-07-21,1322,hxpfqC,7
1936-03-18,1166,koyrhY,3
1945-06-05,0204,IkYHmo,4
2015-07-30,1833,rgqvdK,10
1961-04-28,0424,oYwjGz,2
1916-06-11,1108,YOBpyE,14
1913-07-20,0329,gBFPzs,6
1915-01-28,0272,xeTGHz,2
1955-10-25,0404,eKxsgV,24
1983-05-03,0099,ZtAJrU,6
1979-12-17,0451,lvcogK,18
2012-05-05,1438,yYrnOG,10
1974-01-17,0674,GzjdBy,23
1920-12-05,1855,uXuSpN,24
1924-12-19,1281,gXqzit,24
1920-04-21,1461,NdLYGa,19
2016-04-18,1750,IiluWF,3
1976-05-25,1294,CDIQnT,24
1994-09-20,0344,xncKBf,12
1937-02-15,0194,xedAwH,12
2000-01-12,0817,kiwVZV,8
1959-04-18,1971,WKrclL,14
1921-09-26,1626,OblQrd,10
1989-08-21,1350,hqKzRk,2
1974-11-27,0524,kgctrj,17
1961-10-08,0295,AGcDgg,7
1939-07-09,1311,UcPLcw,6
1993-04-08,0005,SWyfUl,19
1983-01-28,1182,RrKaLE,24
1970-05-11,0733,TczZQK,13
1930-01-31,0439,cHpAdm,23
1969-10-02,0766,ZgBdbv,12
1986-11-15,0128,VtdbkU,14
2019-08-08,0542,ArHScI,12
2016-08-31,0427,qlKqPN,9
2009-01-23,0771,RiCNRx,23
1923-08-03,1825,lervyz,13
1912-07-21,0513,bqwnWv,19
1938-08-11,1562,YgbIjp,22
1980-03-30,1288,YEQmTX,22
1972-07-12,0971,XSqLsj,15
2013-03-27,0647,getNZm,14
1999-01-01,0467,qndEMv,1
1927-11-09,1413,rMWXaj,16
1924-08-30,1560,oKUdCB,11
1993-08-01,0288,QQjLhr,14
1915-06-03,0947,oONXfo,8
1963-02-22,0030,ZVrDyJ,4
1909-05-19,1594,KqKTwc,17
1927-03-16,1287,QMUYin,20
1922-01-25,1224,iTHoVE,11
1973-11-24,1996,MnnGjh,12
1927-05-01,0497,TIjUSF,9
1928-12-28,0380,crWFIP,8
1925-01-25,0909,DjaQkF,20
1950-06-04,1143,eDMYVP,8
1988-02-20,1255,UXMnoO,8
1949-06-07,1935,mjDhXe,12
1969-10-30,1110,piudqC,19
1995-11-12,1633,VowVXZ,18
1906-02-17,1215,XrbGbr,21
1920-08-27,0545,uiTjbk,9
1969-10-04,0922,UUrElK,16
1985-02-12,0643,zEnmwF,16
1931-07-27,0627,VpNjTL,10
1951-06-20,0842,TfSthS,15
1968-05-22,0118,XRyQdz,11
1984-11-17,1833,xMXFsA,15
1927-10-26,0922,vnzLCW,14
1936-09-30,1153,IFJwZA,11
1954-10-11,1698,KwUbJP,16
1982-03-02,0630,XJotlL,21
1995-05-21,0954,EAhdzK,10
1905-10-12,0195,FFJfvy,1
1992-10-17,0445,PFVUhX,13
1990-03-08,1270,rGxREA,14
1917-06-04,0161,BSbxaX,9
2015-06-18,0789,mknQVK,15
1930-11-10,0662,JoXjEv,1
1926-08-09,0183,vMakAF,15
2012-10-12,1151,tIawqZ,17
1915-10-14,0920,ranzZt,21
1996-10-28,1151,Bpkfzs,20
1939-08-05,1076,yIgXbn,19
1924-01-08,1318,gAadkM,21
1912-01-30,0427,jovmiG,14
2010-09-21,1942,aEDQhr,18
1990-12-11,1036,eDwgkY,19
1977-11-22,1805,nxCwIY,5
1928-08-04,1685,TzqFCo,4
2014-06-01,1917,fuZRQB,11
1972-03-18,0055,JBaVeg,20
1946-08-16,1237,dpYiiO,12
2000-04-10,0358,ZLAZcQ,15
1930-01-24,1477,sHllzQ,23
1917-09-29,0777,IhAvDD,11
1964-04-08,1124,kIgFEK,4
1979-08-14,1471,Iusndt,16
1948-12-29,1485,IkEqoJ,10
2012-03-11,0617,wWkNdD,3
1938-04-01,0955,DuirML,18
2018-05-17,0774,qixsFq,22
1944-07-27,1680,vbpuhn,15
1907-12-05,1236,WSTpUO,11
1990-11-05,0231,nsazeH,3
1995-04-25,0959,qdFTwH,7
1941-08-10,0649,YmUgcu,12
1964-06-21,0667,bELnhH,10
1954-12-10,0249,IUIikd,1
1969-09-07,1737,xWRQOj,9
2004-02-08,0880,IkHiKa,10
2010-02-18,1326,DwuOgR,16
1948-04-04,0080,cWdfFK,13
1963-11-12,1475,TvPpGR,10
1978-08-20,0013,njJvsv,15
1986-11-01,1901,MpoMrw,14
2011-04-08,1466,jVPqKR,19
1949-11-05,0829,qyLnhM,12
1924-08-21,1656,etTtPC,24
1990-12-23,1864,CVFbHU,5
1934-11-28,1444,OrOqUO,14
1972-01-12,1522,iZHZTb,8
2015-06-03,0754,JdOsXl,16
2014-04-27,1240,CUvdQT,8
1903-01-07,0585,JWfIKN,22
2001-02-16,0607,azdBQd,1
1938-12-16,0745,yrObfJ,3
2015-12-30,1304,WBYXQU,12
2004-05-23,0945,nXZrra,5
1958-12-10,0030,MnVSAi,13
1937-12-20,1494,lUFdWy,24
2013-07-07,1648,mVHumT,18
1935-08-09,1297,VNTJBy,4
1953-08-13,1580,lSAnaf,11
1990-09-09,1906,cgphdj,4
2014-05-19,0995,MylkJp,13
1974-05-23,1044,suiezN,24
1961-06-31,1898,PKvLhQ,4
1929-08-04,1079,CJVbBJ,7
1920-01-22,0161,pWhaRT,24
1993-01-29,1480,kGwcea,10
1947-03-25,0097,vRQFYE,12
1908-04-30,1778,AXiLbF,4
1926-10-17,0992,kobrxN,7
1963-04-03,1468,xYcXOS,24
2011-10-20,0671,HEgWIU,17
2002-03-27,1555,ZGtTQn,3
1995-07-12,0290,epbrbo,22
2012-06-18,0396,KYgJKh,16
1938-06-16,0577,mBqGsB,20
2014-04-14,0174,BsIFgQ,2
1945-12-24,1160,SFyCGV,24
1945-10-17,0989,yJtuCs,13
1924-11-16,0181,zlvhvg,7
1994-12-26,1852,DVVlLK,11
1971-11-19,0672,cpfXwj,8
1916-07-01,0545,KYdbQq,21
1960-04-11,0110,GaHFwt,22
1937-08-20,1963,ByTTSL,8
1901-06-03,1568,myVtLP,8
1985-08-24,0510,xSNRvq,8
2020-06-09,0497,lzBtid,16
1958-05-26,0583,ORwtms,6
2008-04-23,0262,iWhgJd,24
2014-11-23,1685,hYCrOA,22
1939-07-13,0658,CIRoHR,21
2016-10-24,1914,XDQANj,23
1916-05-23,1064,gOHbbV,5
1997-08-05,0062,nAObbY,10
1918-01-08,1254,WwdxCH,8
1981-04-29,0425,DTnhnX,14
1918-02-08,0740,HqCXDf,19
1943-12-21,0115,MoZkKq,14
1908-09-09,1887,BAnhdZ,6
1987-02-12,0331,HJWKNH,22
2019-05-01,1314,hwEkgu,4
1927-09-15,1949,iFJcog,12
1994-08-22,1343,WSQrrS,14
1990-01-08,1031,mSgXZA,19
1993-02-24,1852,oiJSms,2
1928-11-12,1300,PveCRB,7
1939-05-21,0058,coOBuJ,24
1951-01-02,0260,SgDHAw,12
1960-06-20,1538,yRGIIY,16
2018-08-07,1917,bqQqvx,23
2020-05-20,0992,fXvYwt,7
1950-03-12,1604,hlwCWs,14
1953-11-12,1867,hMlYTb,19
2010-02-12,0008,hHzKfN,20
2014-06-08,0928,QGaLzq,15
2012-04-29,0907,KtfJVU,13
1973-12-13,0493,yzfAuP,14
1947-07-05,1905,WFyzUo,11
1994-07-14,1925,CwBoRv,3
1928-12-04,0167,dyrqJv,21
1945-08-16,0687,WtCnKo,11
2013-07-12,0874,LHYOkr,3
1992-12-29,0045,fppsPo,20
1946-06-19,0633,TWFdiZ,21
1928-10-17,1190,Nxniyy,2
1985-03-08,0752,VmKTPH,9
1985-07-29,0014,SlRFYK,17
1967-05-10,1514,hISFlu,22
2020-10-30,0692,UYRLHO,15
1980-12-27,1946,RYqYjT,7
1944-10-03,1455,NkOGbP,4
1970-04-05,1882,NBMjiu,7
1931-12-19,0707,kZWgNs,9
1966-04-31,0686,CMaPro,5
1970-04-26,0459,pQcJrB,20
1936-02-14,0983,nUhDdE,4
1922-10-01,0037,kypHPK,18
1928-02-01,0990,OVMGHg,6
1913-10-20,1899,Jnfsmf,22
1903-04-04,1880,GpwZIo,21
1990-05-03,0775,wLqEOX,9
1954-02-12,1390,aPHUxk,23
1956-03-23,1434,kTfzHg,8
1987-01-15,0645,pVplOO,16
1946-01-29,1960,ZlvJFW,7
1991-10-08,1870,vCdjUx,14
1975-02-01,1630,Zvtbjy,10
1953-02-09,0192,ownNpt,6
1902-01-14,1201,gMkTYS,24
2005-05-03,1860,rjazbv,2
1978-07-10,0000,WmuTAX,1
2004-07-11,0893,iyyNRI,19
1956-08-10,0593,RPxpHM,7
1983-09-21,0008,lhmTot,11
1923-11-02,1783,UrcsIp,18
2019-09-27,0956,QOEEGN,16
1964-04-02,1211,JOBpSG,23
1934-09-04,1499,uxBBeb,20
2002-05-19,1072,CywnoH,10
2015-07-12,0525,ZzWuqW,17
2013-02-24,0968,sBAlOv,10
1979-09-23,0935,XlLAMX,21
2003-08-31,1830,sHwoiD,14
1965-03-16,0568,FscgWO,20
1929-09-27,1885,MOllmX,12
1933-06-03,1583,PviDrk,12
1932-01-09,0562,xxtHvY,10
1943-07-20,0639,MAvKUA,2
1956-05-15,1835,TuUYyk,5
2006-11-01,0401,sOihOE,5
2006-04-15,1388,mqGIMU,7
1912-12-11,0775,udsfhA,13
1965-07-27,0642,XpZFII,2
1936-09-26,1155,yshEKq,13
2017-02-06,1747,MHSnxq,22
1931-02-17,0277,yiBBfa,17
1980-08-03,0111,uAlqzj,24
1940-05-15,0332,RKOnsW,23
1961-01-06,0014,LVVJxJ,19
1961-02-11,1220,GgwjDH,14
1915-02-17,0348,hlOZnK,10
1911-07-30,0877,kMJuTK,16
1930-12-06,0583,IBsQnb,23
1910-03-27,1417,MCZFnu,1
1981-10-13,1417,WdExoy,5
1948-09-05,1775,NXdLya,2
1915-03-06,1156,vTncPj,18
1998-05-22,1787,BYlXxK,7
1909-10-13,0092,bdzZUj,17
1978-05-08,0862,vQuLFi,4
1949-02-23,0981,NKykVd,19
1931-07-10,1521,RpcrZx,11
1996-01-17,1824,FbCRBR,4
1933-01-21,1398,eVwqxH,23
1954-07-27,0684,MXGUUQ,15
1977-06-11,1613,iRXzKS,22
1961-06-30,0402,owbVCk,4
1960-06-09,1856,bnmHNS,8
1966-08-09,1043,yPiIvO,9
1983-10-11,1423,PsKFrJ,12
1924-07-28,0237,bHiClb,7
1937-07-14,0068,ofCqvN,24
1975-06-29,0763,YkuwQU,1
1998-01-13,1741,uCoeWT,7
1951-05-28,0333,RddQQA,5
1935-08-26,1588,fdmeOl,6
2006-04-03,1769,ROZMRm,5
1928-06-27,1466,SAzHiN,13
1901-07-09,1678,KNeUyx,11
2009-04-11,1610,YHgxAU,19
2002-09-10,0359,fCqEDq,12
1920-11-14,0210,yQbNyB,16
1991-02-07,0814,QKtVOv,13
1921-02-23,1204,lIDIkX,20
1965-01-29,1820,IBAXGZ,19
2009-01-21,1284,aKTcyY,9
1943-08-25,0031,grDSQf,2
1987-06-01,0688,oydidf,15
1931-07-08,0271,REBafk,15
1973-08-04,0843,YQHZDZ,13
2019-06-27,0396,aUBRDF,3
1966-07-05,0933,VaMjLT,4
1977-12-27,0080,phVqTP,19
1984-04-11,1005,NbQOhN,4
1967-06-28,0939,ULnVMl,8
2009-04-12,0481,MczOPr,19
2017-10-11,0434,iiiLoE,11
1922-09-02,0834,MNTRCx,6
1992-06-19,0956,jASbeH,1
1925-02-06,0841,BTMora,10
2004-10-25,0888,OWLagD,20
1913-05-01,1525,pyCXro,21
1937-07-29,1795,ZTLSOC,7
2007-10-30,0394,ujGlXr,5
1983-02-12,0035,ZMRgKm,7
2019-04-25,1068,VoPYJj,4
2005-10-02,1811,ylBsxm,15
1921-02-15,1249,CLLHrh,1
1962-06-05,0603,SXnoOq,23
1981-06-24,0555,LQzVeV,11
1996-04-29,1922,nuHrWz,18
1922-04-23,1975,PNnOLD,4
1930-05-31,0215,yfYAdT,22
2013-01-22,1877,EXCqKI,7
2000-04-28,0176,PmeTSM,20
1954-01-16,1791,urmCNQ,12
1973-07-05,0001,iNjULt,9
1913-05-29,1033,xwaPMD,7
1951-09-06,1825,TDJhrX,4
1959-09-30,0683,AAXxdo,22
1984-12-29,1931,sRhtWk,24
1921-05-28,0968,BAXXhc,9
1969-03-04,1902,XjfLlf,22
1985-06-02,0256,PYVcxy,4
2018-01-23,0921,EHqVjf,9
1966-09-29,1300,fMaIxP,21
1991-03-06,1861,qZCehG,12
1935-02-11,1175,rIrFRY,21
2002-06-01,0941,udrjbN,11
1964-08-12,1964,TXERjT,16
1950-06-19,1551,lrOvjy,23
1941-04-19,1621,OwoBvQ,23
1912-02-12,1340,ExGklg,2
1960-01-29,0070,JuVnwp,15
1921-05-17,0457,dhOjMb,6
1936-05-22,0573,edsWqD,5
1930-06-23,1554,PeshPV,2
2002-07-23,1026,PQzYeN,1
2000-12-15,1397,bTcyTD,24
1956-07-30,0863,TxAKoo,7
2013-03-29,0304,vupiZE,20
1908-11-22,1473,wYLzyn,6
1968-03-23,1769,hCfbuq,10
1986-12-01,0091,mBLitf,1
2016-01-29,1686,TcxSbJ,6
2001-06-30,0079,terqHx,17
1954-04-01,0900,puRVgV,21
1912-05-05,1196,dGJiHu,11
2015-06-15,1882,lFVgJQ,4
1908-09-27,0659,ivNopR,10
2012-05-15,0354,uuzLcv,23
1904-08-12,0403,qSTIic,3
1919-10-05,1091,ncMFWs,14
1965-01-15,1334,DNqVmP,17
1911-07-08,1765,ctWVIf,10
1905-10-29,0562,tQcCHm,22
1995-08-08,1811,mjommy,12
1943-10-29,0398,wKnVvj,3
1910-04-23,0760,ORxphs,8
1938-10-26,1472,zWAkAV,23
1937-01-04,0991,XdvnNx,13
1911-03-06,1745,lswtzR,23
1922-09-23,0182,OzcZrI,22
1978-07-23,0726,yDtjbX,7
1982-12-20,1131,ZXOqdI,6
1940-01-21,1395,vUoOBJ,20
1928-03-18,0851,xJjDdm,4
1923-10-13,1030,RXLqUo,19
1959-02-11,1418,NwNWmW,10
1940-12-21,1434,qHwmIp,15
1903-11-17,0731,jgacEQ,7
1998-10-13,0095,sMvJOh,18
1902-03-16,1879,nNUuno,12
2013-08-16,0086,GIvJjF,17
1965-03-31,0234,XHHFhm,2
1914-06-21,0247,NfqVqZ,8
1917-07-18,0306,XaMwxM,17
1914-09-11,1552,gShAGa,22
1987-08-02,0730,yovYBJ,18
2020-06-27,0498,WqVEcH,16
1908-12-02,0195,DZqXid,1
1978-06-08,0568,ldvSPm,21
1950-01-31,0634,qFNRjO,8
1964-02-02,0553,UUWgnV,20
1991-09-16,1977,NimMgh,12
1999-01-16,1180,Hwnayx,2
1986-12-05,1148,dVLyIW,5
1926-02-24,1545,RiyDxB,13
2012-07-08,0176,NoiXvW,13
1903-12-29,1044,vGXTux,6
1923-10-08,1390,sibTke,8
2006-02-01,1988,yJJwsr,20
1986-02-27,0434,EpwYSo,22
1971-06-03,1357,EotBjs,24
2000-08-02,1032,ikBUeW,17
1991-08-19,0088,MAPozn,23
1974-06-13,1353,nrefjH,8
1970-02-17,1213,NOPWAG,12
2005-05-30,0176,yKeFLt,10
1973-01-30,0824,hoIcRC,8
2009-09-09,1192,GJMnNh,3
1926-01-19,0347,fiDYXl,8
2012-12-08,1613,ZmQkbN,9
1921-03-07,0709,DrRdaz,12
1997-10-22,1681,GQHAWI,20
2006-08-19,0824,YlpIan,19
1990-02-09,1052,GsCoSQ,2
1905-03-21,0561,yhaUjz,5
1969-01-29,1300,RBbWdv,11
1962-10-11,0362,aXvPSv,12
2017-09-13,1743,BcbduU,24
1981-03-11,1353,bzxIxQ,13
1928-11-26,0943,RGhKaM,5
1902-07-24,0026,nHvkWF,15
1924-09-14,1278,kNVuZg,20
2009-11-03,1069,EmRsRd,24
1925-04-25,1050,EOhMkq,23
1979-05-12,1744,EHigxA,9
1951-07-26,0987,EgVFUd,24
1907-03-12,0725,PjKBqG,21
2008-08-06,0068,bRnOss,6
1975-04-21,1995,FVvHCy,8
2000-07-22,0523,isVIYe,4
1934-10-14,0096,NEMxgY,10
1968-10-08,0976,QCJYFk,5
2012-05-28,0414,JCWTIB,5
1971-05-03,0990,vuapYO,3
1988-04-06,0204,cNNCNe,1
1989-11-24,0376,arrrbD,19
2012-09-09,0296,mgyOaP,15
2009-01-30,1438,DSJNWr,2
1937-04-20,1800,EJvjci,6
1968-06-17,0416,fDOhnX,13
1964-08-28,0463,gikvPX,8
1929-11-27,1141,YTpbjd,7
1916-03-03,1686,nBaycR,22
1910-12-17,1279,DqCoHX,12
1942-08-06,0990,yGTEKl,12
1994-05-28,0292,LwRjmp,11
1935-06-16,0487,HVwnIU,17
1956-05-16,1435,cdAqka,21
1995-01-30,1409,mLCDwy,23
1940-12-27,0320,eaRXWh,5
1950-01-01,0534,EYriGK,23
1973-04-10,1688,hVctFJ,10
1995-07-24,0779,myeJuM,18
1996-02-12,0592,GasmPx,2
1992-08-30,1687,XpBQYU,22
1976-05-03,0866,GIBLvY,16
1944-01-10,0869,snykFC,15
1961-05-24,0209,FDLvmC,2
1978-04-09,0332,iOhBYb,11
1980-05-06,1399,GoLBzb,18
1966-04-17,1737,pxzZXF,16
1909-01-08,1613,tdkIYQ,11
1934-08-02,1023,LRBJNq,13
1988-01-16,0246,egrCjw,21
2017-01-10,0965,EinjhK,22
1996-09-18,0377,BRHnEU,5
2009-02-13,1782,uuWzaR,11
1995-12-11,1215,amERXD,10
1922-07-25,0838,rNkDRF,18
2003-01-11,1540,DtrzPq,5
1990-07-06,0127,tkuyRe,13
1958-04-16,0816,lqtSca,15
1944-12-04,0391,vJvBBs,17
1955-08-09,1268,EDarki,2
1986-02-21,0268,uXdKJe,9
1917-04-19,1784,uFxpee,6
1971-05-09,1193,gwfbVF,24
1930-05-27,1943,qQdIBc,1
1996-12-10,0738,BVmnbT,1
1923-10-04,1592,OrrpgY,7
1923-01-26,1926,qBcavg,3
2000-06-01,1483,bfQSVm,15
1941-08-23,1140,mNMqmw,24
2004-05-15,0962,WZJydu,5
1972-03-07,0551,SRwgne,23
1972-01-27,1817,VzLgxN,10
1977-01-15,1859,gKltdH,11
2001-06-19,0864,hKEZGD,3
1971-03-18,1461,fivYgG,13
1920-05-12,0026,ZjLDEA,3
1993-02-17,0708,dpodMD,17
1976-05-24,1240,MCZXbE,10
1984-05-10,0220,Qqqefs,10
1981-06-31,1531,lqmHca,24
1926-03-06,0200,IyCIJj,15
1910-01-11,0865,OsZhWr,2
1935-09-25,1078,zTefWN,16
1905-09-05,0750,JGiXOx,22
2006-02-05,1936,mzabiA,10
1985-03-07,1016,uEWfpz,17
1940-06-19,1611,sMaIzd,16
1998-04-25,1519,GFgwkp,15
2013-09-29,0072,eNzCzu,2
1939-07-01,0724,tLlRPh,1
1957-09-30,0224,ohcmqA,9
2000-01-24,0390,SUvwFz,9
1994-12-15,1242,KrNtOk,24
1952-10-31,0668,JNbiUZ,24
2010-01-30,1414,KUZWbo,7
1922-09-31,1234,CpaTlk,4
1947-04-13,1141,hqzIjM,2
1928-02-15,0710,ROFRZA,13
1973-11-28,1421,WxIGez,8
1937-12-14,1982,lMxScg,17
1913-11-19,0777,uPRxyI,5
1932-04-16,0854,CKAWiI,11
1929-07-08,0392,PIRQFy,21
1961-07-10,0145,gIoDjD,1
1907-02-16,1198,zLRqqm,10
1937-10-20,0388,qOXtmz,17
1932-06-26,1478,nIQMkW,7
1963-12-22,0751,okFtOp,5
1977-01-09,0717,CHMroU,14
1927-01-30,1294,DULtPk,7
1917-01-13,0963,QYBHSH,2
1934-02-01,0964,jjtSyd,23
2018-03-06,1104,usWsdX,5
1937-10-10,0228,WGsgWR,24
1976-10-20,1387,OxAQpE,22
1933-12-22,0413,gEtHOx,9
1932-09-25,0648,PtVEcE,18
1972-01-28,1052,qHVdFr,13
1958-07-18,1030,rWCbgD,14
1942-12-20,1815,YMqiPA,19
1998-05-19,0943,YPRCKo,1
1938-07-11,1497,VDwIqe,22
1913-08-16,0479,WyZhba,4
1984-02-08,0954,lqokik,19
1921-06-18,0869,IGgFUt,7
2017-02-04,0798,aCfsuP,10
1935-10-11,1185,qfSXOm,22
2010-09-02,0179,yXTpZf,13
1915-01-29,0835,oGByls,9
1918-08-18,1186,LAUYhh,19
1934-05-11,0109,tncZXx,9
1977-07-21,1444,EpkiFl,11
1981-04-24,0437,smYkef,5
1902-03-06,1500,FUUAnd,19
1997-04-04,1184,SvLWjV,23
1966-05-18,0775,JncETE,22
1901-11-24,1977,KeGtBT,3
1981-02-06,1110,oAVnGg,12
1933-03-06,0039,WOHfnZ,1
1911-10-20,1068,DGucCa,7
1967-11-30,1355,OjkCmV,3
1907-06-12,1935,FCXQPd,20
1923-10-28,1145,rbPxdg,6
1990-09-17,0921,xZEQyh,14
1926-02-08,0614,nQfjAX,1
1919-04-05,0086,JLGaKQ,21
2017-11-05,1743,ziYLOP,2
1983-06-11,0221,mGULwp,15
1996-10-16,1642,hgPuTn,20
1921-09-13,1417,VUcfsk,9
1927-01-20,1226,GnJxSs,18
2016-09-30,0339,jPIFhJ,2
2009-04-31,1444,MfAkEQ,6
1902-08-12,0979,fgcYwa,9
1983-03-19,0425,frqILZ,10
1919-06-05,0913,JNvLPa,3
1965-02-01,1216,GooBcp,17
1942-01-09,1085,kYvcct,11
1940-06-09,0591,zNapxt,3
1987-07-16,0180,RPJGAk,19
1998-10-18,0765,IQrQUb,18
1983-03-11,1068,UFvtdU,7
1995-09-15,1062,YgmQqa,16
1986-01-05,0925,hKjmWU,14
1984-11-08,1224,AEoKbt,16
2020-07-25,1709,iFJqfK,18
1953-06-01,0079,qMEBzv,23
1918-05-03,0035,GuNrBD,11
1950-08-28,1845,IbrwTO,15
1942-04-15,0161,YtToRA,15
1990-03-07,1233,nRLaoE,23
1975-03-14,0750,CHMKYx,23
2000-10-18,1468,STaONY,22
1970-06-05,0880,qiQmLM,6
1933-04-12,1030,xVWAkY,17
1919-11-18,0861,xaCDNb,11
1913-08-02,1650,MqRzbw,5
2010-02-05,0701,bODmMO,6
1961-02-05,0361,REmGjA,3
1924-06-01,0208,wZVFnd,7
1952-10-03,0388,TQaWia,13
1936-02-06,0485,uaRloP,20
1914-05-06,1241,zYHjNj,15
1926-11-29,0506,tKPuNA,2
1996-01-03,0562,xnuzPT,4
2000-07-05,0588,pgYCkF,14
2011-11-21,0237,TRkQmP,12
1903-02-14,0493,KDGGhK,22
1971-11-02,1627,PdnSRu,5
1912-04-08,1319,AKDggX,11
1922-08-31,0021,uyeMGm,9
1992-12-26,0858,LJPzre,8
1968-04-19,1344,hFvqkZ,12
1977-04-13,1300,ypbmnt,6
2020-02-18,1994,gwJqdZ,18
1998-03-02,0429,mITRHF,21
1903-11-24,0551,DjoWAW,7
1997-08-29,0174,gpLNNj,4
1914-12-30,1111,dMRwCb,21
2010-10-11,1384,ZsbBFG,16
1944-08-26,1677,IYFgnn,11
1905-12-12,1936,WeJNTo,5
2005-01-22,1408,Txleug,17
2006-10-12,1797,lCBHCQ,24
1969-03-24,1396,aMgrEC,6
1948-03-01,0612,HmNjvT,1
1954-05-05,0642,WYiuSA,10
1928-08-13,1195,HqknuB,1
1922-05-02,0022,dNGoRr,19
1913-05-09,0273,EKjIGK,18
1926-07-24,1701,cJADsz,12
1951-03-01,1496,eEyUBX,8
2011-10-13,0350,hxNdgu,21
1961-09-25,0888,kUpLTz,19
1985-12-15,1949,LlMRVG,21
1980-10-12,0463,ksVnZL,10
2005-12-03,0014,svLpQO,14
1942-04-04,0108,RMKkAu,18
1941-02-06,1143,qUxfRv,6
1976-03-13,0697,vSnxOk,19
2005-01-17,1548,uNlQNj,13
2003-08-21,1362,XfvkmV,24
1950-03-03,1876,YJhkjn,4
1998-04-19,0972,kqCLNJ,17
1972-10-03,0777,cWNZNC,23
2007-04-01,0098,gGOMVR,16
1954-05-31,1978,zXURFI,20
1977-06-23,1800,STiwRf,4
1975-03-09,0456,bOGIhs,22
1906-07-31,1798,fHLrmW,6
1937-01-06,1202,mKreeA,8
1909-12-10,1187,gHAhEu,23
1979-08-01,1354,HxDaQi,18
2019-11-15,0427,hXSWtD,24
1989-08-23,0588,kSaFGz,11
1978-10-07,0452,NvPmfv,3
1918-11-25,0368,qqpxKk,21
1915-07-06,1990,ASlCZD,3
1977-08-01,0297,MbgxTO,7
2009-12-16,1783,gDNEgc,5
1945-12-25,0405,JKiRKE,2
2005-06-09,0954,NmLPNM,7
1913-12-05,1011,JwMEsv,14
1905-05-26,1738,GJBrLz,24
1940-12-23,0696,yfygvA,7
1936-08-17,1861,GDKZgk,12
1953-12-14,1905,kWUZyx,3
1993-08-30,1610,QeOfYF,1
1903-03-06,1704,WzWoFI,14
1946-10-01,0073,wggaAi,19
1925-11-07,1310,NpiYCv,13
1979-04-29,1106,DWujqh,23
1987-08-10,1131,ATSahW,19
1912-01-06,1897,OLeMHF,1
1990-11-28,0211,IrFjpb,23
1951-01-14,0819,shnMsS,2
1953-07-19,1999,DXiniT,18
2017-04-15,1245,dMVECi,9
1966-07-22,1244,TWQCDW,12
1933-10-19,0510,nFNtST,1
1923-12-30,1452,UORKhH,5
1929-06-26,0369,imWkSs,8
1961-02-15,1573,gjgPYv,22
1996-06-30,0511,IyqENn,5
1992-09-24,0043,rUmwsI,24
1990-07-04,0124,OiSryR,19
1941-02-21,0899,xcJyDj,3
1964-05-31,1972,yrddIL,14
1950-08-18,0245,MoiJXM,8
1917-12-27,1448,Valtav,23
1947-02-20,1653,InQmDC,1
1958-11-03,0194,LlbByH,9
1914-12-15,0902,kPMdNG,22
2015-11-12,0551,dmPLYI,8
1970-05-15,1700,gbNqwF,17
2013-12-24,1356,NdRnzA,9
2020-07-24,0772,BQNdum,14
2005-11-15,0413,sqfVtn,1
1932-07-31,0015,wSbyIv,1
1925-02-02,0267,iLlWrm,1
1943-10-12,1225,LsbMRd,2
1956-02-28,0693,bHKDNI,6
1936-09-09,1698,ZmdGJg,14
2013-11-09,1393,YBfpnq,1
1914-03-17,1425,YLQOHE,11
2007-11-12,0603,LReSNP,4
1996-04-12,0018,moAsBL,13
2013-11-17,0114,GcILhO,5
1910-06-21,0131,WDeExu,9
2013-02-21,1202,XFAzTh,5
1982-07-24,0708,vsEBgm,14
1978-08-07,0743,RnTxyr,9
1944-10-28,0471,rgxfcg,2
1958-05-13,1803,cJtAAS,14
1987-05-09,1058,wcUVwq,6
1984-11-14,0565,uzbaTL,20
1950-03-18,0137,nKQGcn,24
1920-06-28,1479,wcHqot,7
1984-05-12,1641,yaLUCZ,5
1966-05-12,1261,BDfddJ,13
1926-08-20,1137,BPZkgL,1
1953-04-10,1206,yxNZbh,22
1956-09-25,1577,wqlByJ,6
1981-10-29,0831,wmQEGD,24
1942-11-31,0340,CwTxCw,16
2002-02-22,1846,IbsvCX,7
1957-07-15,1397,kPstEK,21
2015-12-20,1551,arHxbp,16
1946-01-05,1598,moOTne,4
1956-08-24,1849,FmArQv,8
1963-08-16,0950,UQSnNW,5
2008-04-30,0935,yrWOVR,21
1973-07-17,0626,fmhArU,20
1947-01-11,0131,NzrBZU,15
1950-03-25,0081,skfTxy,9
1967-08-06,0685,cePPZh,2
1905-08-22,0005,TIaqHl,15
1968-07-23,1141,tdWrcu,16
1994-03-23,0566,RNSmZo,2
1924-02-16,1503,IDGxkZ,20
1904-10-17,1193,hsQgZW,11
1916-11-12,1341,ijqblM,19
1926-03-11,1194,XXcExJ,6
1909-02-11,1606,TxNcYm,19
1993-04-29,0466,vyoiQQ,10
1933-03-01,0630,pqfZFB,20
1998-10-07,1578,XqxCvn,4
1971-03-14,1637,bOPVOT,5
1988-11-26,1172,sOjWeq,16
1960-12-04,1919,uVKDJk,1
2014-08-10,0698,SuqqpR,17
1961-08-14,1360,wqwYCu,7
2001-06-28,1442,tQhmjc,20
1903-11-19,1554,gzeYOO,7
1914-05-13,0955,AzoXZF,24
2001-03-05,0281,rxebik,21
2004-12-18,0052,Zweesz,6
1996-07-26,0555,EETFbo,15
1911-06-11,1118,Zkynam,2
1909-09-04,0210,aWdgAC,19
1930-10-17,0484,ntpxIf,11
1965-03-12,1307,ClJvWe,11
1971-04-15,0848,bsBZhr,16
1964-04-24,0414,cnvkhb,16
1965-05-06,0024,ygRHoz,19
1922-03-04,0961,hbsWnO,7
2017-01-22,0047,kgJmGr,7
1978-06-22,0106,kqnWJf,17
1931-11-16,0264,JirjPA,10
1965-10-08,1712,VyzCYd,11
1961-07-28,1062,SAngMx,15
1956-01-12,0144,MMFoUj,21
1992-08-23,1585,fvmSoy,8
2017-07-15,1204,vBhYeQ,24
1902-12-25,0281,asgecs,17
2003-04-12,1676,RHsRdk,21
1928-04-20,1027,qudxtB,3
1977-10-17,0337,AgblTx,3
1981-01-17,0075,NLBUpn,6
1996-04-23,0570,bXbHIN,13
1989-04-11,0476,JKwmrm,14
1957-10-04,1035,EoXeYe,15
2015-10-03,0428,NImaSV,19
1912-06-19,1725,yHbtqa,17
1904-08-04,1193,hWMprU,19
1911-04-14,0392,SlXLOG,13
1970-09-28,0738,kxtPJT,20
2010-03-25,0051,GpVYzO,5
2014-08-31,0490,ZbtzoE,22
1968-09-07,1144,wqqSDF,7
1910-04-25,0007,LwjBNg,20
2007-10-11,1762,sitPKb,1
1972-12-17,0201,ZgGKol,13
2001-09-13,0430,dPWIGs,7
2018-11-27,0028,MtpSzL,8
1925-01-18,1197,DlCNzc,16
1901-05-06,0948,ghEkKp,10
2015-10-22,1986,qMxgIg,13
1971-06-20,0691,UMzdzU,5
1991-12-06,1986,UXWPMe,2
1966-03-14,1439,zolwis,16
1975-10-05,1313,EpUsqW,7
1994-02-19,0567,BSxORR,22
2013-12-07,1617,VmjiDT,4
1981-09-20,0404,RjqbJO,4
2013-03-08,0289,orAgOu,17
1990-01-03,1142,AnMnQw,18
1981-10-24,1106,xWHtrh,16
1951-09-03,0541,RFhJqo,19
1903-12-08,1038,AXUpcq,18
1926-11-20,1432,xgKSWf,2
1971-03-15,0111,kHQpXo,16
1928-04-22,1799,wWLOIw,23
1909-08-19,0466,EoyVNQ,1
1965-02-23,0055,SqvmwL,2
1977-10-23,1438,GzdFRp,23
2007-12-08,1379,GyKjHl,16
1944-03-19,1351,JGNzsA,15
1911-09-08,1644,JYHOPm,9
1957-11-21,1676,zVGfjx,4
2006-10-09,1843,LGhhjA,24
1999-11-04,1974,PFRODV,4
1969-11-18,0110,wundpe,6
1993-07-31,0268,SuizwT,18
1909-10-16,1442,BYMoGN,16
1951-11-06,1188,NOLHWq,20
2008-06-28,1418,khTfSh,17
2018-10-09,0212,ndgnZH,3
1938-09-11,0944,gMHcxA,1
1984-04-30,0741,LaJxYu,1
1914-07-19,0919,vScWpS,5
1914-01-03,0625,ohvKGD,1
1968-04-23,1927,mKMlbI,16
1921-02-12,0356,inCBFl,15
1976-11-09,0195,TmWEdW,13
1994-12-11,1530,bBxsPB,9
1912-04-09,1836,hTrkvo,4
2005-07-05,0191,wNhkdZ,3
1926-02-15,0841,NdWYMq,24
1902-07-28,1285,CiefIJ,2
1970-07-22,1124,BSUQgq,20
2000-04-30,0631,CJlFpt,10
1984-08-06,0771,FdSdZO,1
1973-06-12,1433,FeSYeS,4
1960-01-19,0111,yMADcI,21
1977-04-17,1714,HOFEiU,16
2004-11-12,0378,UaqUBh,16
1917-06-06,1968,ZRASzK,13
1963-08-26,1303,hQpXnb,21
1954-05-20,1830,uUCrZW,13
1970-04-29,0141,pRCKYx,2
1967-10-06,0307,nxCzrU,16
2003-07-12,0512,jIUShg,1
1994-07-25,1727,vvAKUJ,1
2009-10-03,1257,BZiiTZ,11
1907-04-17,0570,QBahRT,22
1925-09-11,0918,gorVog,3
2019-10-09,0957,QVcwpY,23
1948-10-31,0363,RTslRF,15
1914-05-15,0920,kzgMiE,21
1927-10-24,0799,GytWoG,1
1957-04-28,0037,rYRkPf,4
1944-10-13,0204,VzqGcR,9
2006-07-02,1395,zqBnZS,7
1930-12-23,1917,AaNKnT,3
1980-06-13,1808,jvIxxR,19
1913-02-15,0973,NIgNvw,8
1926-03-15,0333,ZSUQfE,2
2016-06-21,0421,nOzqIu,14
2004-04-26,0305,LLYuIK,9
1960-10-30,1199,WKhPVF,18
1936-02-15,1466,AQkfsy,23
1996-11-23,1045,jrYTxj,3
1982-03-17,1256,FkLxhH,18
1963-06-09,0519,EgtWoW,5
1917-08-08,0760,HrAjsq,10
1934-03-25,0764,ZbokMS,19
1921-12-19,1379,ngOkne,4
1906-09-13,1642,kBPSrw,1
1953-08-11,1884,aqCPPp,10
1932-12-29,1608,vYxsTU,7
1979-06-30,0398,rJEnKh,3
1904-12-03,0784,ePDxdO,10
2003-09-12,0533,NqSzjr,4
1909-09-20,1695,wfQbgF,14
2011-11-20,0019,IibFaj,7
1950-09-13,1737,HnXEMH,10
1927-03-26,0410,bvvYIp,4
1966-01-10,0886,EUgxGF,8
1966-11-25,1528,XdrBXH,16
1932-06-05,0965,pQujgw,10
1951-10-17,1999,zuNrWI,24
1973-10-06,1931,puKclQ,22
1933-12-31,1011,UGFdYA,14
1902-02-02,0082,ThPkOg,14
1915-09-23,1927,zPaRCV,6
1945-02-01,0258,SqWWbU,3
1997-08-19,1019,UgoNEF,18
1934-10-15,0114,HJiIYU,22
1915-02-15,1429,zFNUuy,16
2001-09-05,1166,ALxqqf,5
1959-11-31,1812,oQxYuJ,14
1997-02-15,0037,YVNLmF,15
2014-10-06,0937,QpmDSj,11
2009-06-23,0544,WRwaIM,16
1903-09-09,1293,GMLqKt,3
1962-07-02,1378,QbcJxd,7
1975-09-01,1436,FOonuK,12
1994-05-17,1079,AyoJSM,24
1975-12-09,1511,WQeRzU,11
1951-03-26,1364,LDviNP,11
1973-06-04,1439,ZChFAb,6
2003-08-06,0881,sGWYhp,2
1995-05-06,1739,LOEcyJ,23
2014-05-29,0807,gEMDgb,1
1939-05-07,0414,yHPjFV,8
1996-05-22,1601,mcrOxa,3
1957-08-14,0887,nsMFul,18
1914-03-25,0865,AMDUEj,3
1997-09-22,1748,OQKedo,19
1960-10-23,0811,YhYEWi,6
1978-10-19,1102,WzpdJl,12
2008-04-14,0052,MwmjAK,16
1956-10-12,0736,cheQcL,1
1971-09-26,1053,uSftrs,10
1977-06-01,1692,rGPtOA,4
1936-09-22,1517,pEAzFL,9
1944-02-11,1611,hylbZl,15
2014-08-08,0297,vyyYbv,14
1966-12-04,0965,qTHJqS,10
1952-10-20,0152,aopAMj,21
1983-04-11,0121,FyuDtU,24
1943-06-01,1573,jChCZB,1
2013-11-29,0906,UEIuvc,21
1957-05-01,0353,zvsmGM,13
1944-05-11,0243,bFiDMl,14
1921-01-03,0202,eCdoqv,10
2011-04-13,1749,pOmWQf,1
1997-02-04,0904,UoPNeN,2
1943-03-27,1338,pYpTWF,19
1944-11-25,0959,svqwhy,16
1917-07-12,1114,jJflYx,19
1988-03-22,1513,ZZtMmW,10
1911-04-09,0400,KRCakp,21
1976-05-05,0712,QVpYEV,4
1995-08-11,0124,GTLILT,15
1949-07-20,0427,gXoisf,18
1969-06-03,0636,NwVpjc,4
1958-05-15,0735,PkCRGK,13
1943-09-07,0415,BAIiLj,16
1961-10-26,0723,eQLcIs,17
1962-09-30,0737,WqOFBg,3
2009-08-07,1756,EuTmGJ,9
2013-12-08,0656,PoXdwM,9
1976-04-13,0042,ycPDrp,15
2019-07-25,0030,eSCGNT,14
1928-11-28,0657,ZyfBcV,15
1908-03-15,0688,eqEaPz,9
1992-05-11,1741,JIRbuC,22
1981-02-01,1783,SIlsNT,23
1942-01-18,1643,zVoaMb,17
2011-05-10,1016,EUkwRr,11
2009-03-16,1518,gHrfgo,15
1915-03-28,1916,QkTDtN,6
1948-04-01,0682,vTlftK,16
1962-10-06,1313,jPnqEE,3
1976-08-21,1447,qcKzWX,11
1969-07-25,0759,pPabkz,24
1964-05-19,0457,fANdxB,4
1941-03-04,1623,bWQIoJ,7
1929-07-03,1981,MtxOMA,13
1952-02-26,0334,KgCUrF,17
1935-11-03,1691,EIqLYY,1
1974-11-28,0791,FCKKBP,13
1925-12-10,0858,zOkfHy,1
1901-01-18,0765,kfLAsu,20
1996-11-01,1654,NbwmOs,22
1933-08-04,1281,YmIhaN,24
1972-10-01,0041,EcRaVl,13
1983-01-23,0437,XXNfml,14
2005-12-08,1933,Wtixmp,11
1971-01-09,1040,KQIIyy,1
1983-11-06,1829,NsXCQE,13
1938-07-16,1820,Moksxw,23
1995-01-08,1952,rCXyaW,17
2009-01-10,0792,jSxEZh,3
1975-03-16,0651,JbwWKH,17
1943-09-14,1049,lkNJnW,14
2019-01-17,1463,DYvuMC,12
1925-01-26,1185,QuZMbc,8
1921-01-27,0782,RxCrsd,20
1975-06-03,1317,lDciCB,24
1991-11-23,1467,VKWNnU,1
1913-01-12,0464,KWLIYf,14
2005-08-05,0837,KxoriA,8
1934-11-18,1070,gPDgoo,8
1907-09-23,0306,zEWGNb,24
1990-04-02,0749,bbtaDx,21
1966-05-30,1248,qveATv,10
1998-05-13,1068,xGPEoD,20
1923-03-26,0250,eSZDRG,16
1958-04-25,0105,WFmFNR,24
1993-05-23,1764,XCEfJR,7
2010-01-04,1248,xaoirt,17
2018-08-25,0078,EhvzZU,1
1989-06-09,0251,wEzdqU,14
1987-12-12,1886,YOUzGl,19
1948-01-23,0533,Lgfiaw,15
1920-12-18,1289,mxoWGb,17
2017-08-27,0211,dmaDHo,1
1913-04-30,0698,QveiZv,12
1970-05-26,1844,uAvOCu,19
1991-11-22,1539,RKTrbT,8
1975-08-26,0224,RJtxUa,12
1950-12-25,1218,YRNhuq,4
2017-12-18,1355,FNlyxj,15
1915-12-04,1319,HtGfzT,12
1917-02-11,0901,fAvVDN,11
1913-04-20,0287,yMwfvI,18
1995-12-01,0267,CQUatM,22
2003-04-21,1405,zQYxkf,22
1988-11-12,1454,RLRIGE,21
1902-11-02,1275,vatqWt,12
1980-12-15,1791,ALTzYk,7
1941-06-19,0642,EGpxSx,20
1947-08-22,1781,XMnogM,4
1906-10-04,1189,KYjwPg,11
1916-07-25,1564,xcahQX,4
1955-09-25,1076,xIxOzQ,17
1924-09-16,1027,DQaNsL,22
1952-03-15,0161,WkQQDn,10
1974-10-18,0051,FVQNml,5
1902-05-16,1119,HpOTyB,15
1914-11-06,0632,vEotbt,1
1939-01-12,0195,zsDYio,16
1904-10-01,1187,eArlwP,22
1942-06-27,0194,XegsAi,2
1960-05-10,1876,WhTyDp,13
2012-05-08,1106,LGguEM,13
1949-04-13,1472,sdPhdG,9
1989-04-08,1926,EKggGu,24
2005-10-15,1518,eeKNwd,7
1953-06-23,1108,otRJdL,24
1962-01-09,1891,xOyysR,18
1973-06-05,1839,SUfzGo,24
1990-12-02,1853,dvweqr,6
1912-03-25,1846,LyMzsD,15
1907-06-15,0830,HsHrXw,19
1934-08-28,1176,urutXx,10
1931-03-02,0827,QYRuLW,5
1984-01-30,1569,MKUGhg,17
1983-06-28,1984,ixgnKK,17
1947-06-08,1158,zWzJgS,15
2017-11-13,0589,VjDUGF,14
1964-02-22,1747,VyyPJT,24
1944-10-20,1652,JMMdxO,9
1994-07-11,1375,aDjWGg,21
1960-11-28,1669,GYbRTr,11
1918-06-11,1580,tonwvP,14
1943-12-15,1766,zFzBOU,10
1946-11-15,1293,mEXeTP,8
1982-06-14,0657,mpPolh,17
1915-09-10,1891,meERRU,19
1936-04-16,0198,CisBnI,5
1933-01-17,0499,YzJlKM,17
2011-08-24,1310,QgGLsA,13
1992-07-18,0270,sqwyqR,1
1966-08-06,1178,QDuarA,15
1974-09-10,0955,fYTBBT,22
1963-09-17,0601,gBOmmF,23
2000-12-09,1485,YXJUZN,23
1953-12-20,1810,IPDYHn,5
1961-11-11,0085,fHbSnF,15
1944-10-23,0721,bBoQsM,13
1914-01-27,0524,BaGcpi,21
1919-07-15,1762,sdfLqW,4
1943-02-17,0474,sBFOIx,2
1934-05-17,1302,kZtWjs,8
1982-01-24,0684,atLjIP,6
1909-04-26,0995,wynYUp,14
1922-02-20,0675,txRjXL,15
1974-07-18,1049,mDuvyM,5
1949-05-11,1584,cGlJhu,9
1977-05-05,1348,VDpiSA,21
1984-07-24,0918,mhofmP,14
1980-12-06,1483,rfPmWC,5
1956-11-14,0743,IZDdIN,8
1989-05-10,1194,aUTYGD,9
1927-11-06,1860,EBfdEY,12
1994-12-09,0387,ZKRTQn,14
2001-08-10,0139,fSixWy,12
1921-07-24,0528,gmSwQw,9
1963-02-04,1923,nRCeYp,10
1930-07-30,0818,DJeFFr,9
2016-08-11,0805,PbMpBs,7
1906-02-10,1177,bZTSED,17
1946-05-04,1993,Enayuc,20
1947-08-15,0540,mgeLEw,23
1954-08-05,0006,AwicLx,4
2016-01-25,1954,LKkdTk,3
1952-05-04,1818,gBGGcM,11
1909-10-28,1613,MpYZWm,21
1986-12-03,0316,nLkoeF,21
1954-02-06,0735,VeHnYj,10
1931-04-05,0665,IODoDY,22
1990-10-05,1205,wxKKzj,6
1915-07-25,0566,evJsbc,10
2011-08-14,0769,qvJWUZ,11
1972-03-17,1637,XKvprz,7
1959-06-07,0653,GJZqIN,14
1979-02-19,0474,kcQhtl,8
1935-02-04,1821,NIDrLf,19
2015-03-14,1977,EpkcQO,10
1945-12-08,1299,cXCxPw,10
1926-04-21,0068,soTWfU,15
1992-03-22,0990,OvfrPV,22
1938-03-02,0268,FlKRNO,20
2001-06-13,1574,ovBmAz,16
1933-03-16,1171,STuOnC,5
1971-10-25,0772,bQudOm,12
1903-07-30,0442,awsJvi,5
1985-12-25,1226,YfLMBj,5
1977-11-17,1520,AFzgmo,23
1982-12-22,1227,ITETWZ,24
1905-06-16,1400,YjPIzh,9
1937-01-25,0784,UCPAyT,9
1935-11-06,0701,zCFDlM,10
1936-12-12,1404,VanMVi,14
1901-08-20,0849,FiXWjJ,6
2010-02-09,1951,fJOXeL,15
1989-06-16,0454,RCTGnk,23
1956-07-01,0269,vyQjdv,5
1983-03-01,1707,fHfbta,2
1943-06-20,1764,zlmsmX,4
1980-11-21,0157,sGZXGN,8
1971-07-10,1852,iPiFdZ,20
1983-06-24,0434,mwiocZ,15
2011-07-21,0413,MhDipR,10
1968-03-04,1407,LqWMHA,18
1991-10-02,0312,MTOCbn,14
1975-04-12,1751,rzaBJK,10
2017-08-04,0278,gcrLaL,3
1932-11-02,1786,YSGjQp,19
1935-04-16,0684,KHFqOY,14
1901-11-04,0948,WfsQSY,12
1915-04-04,0962,doBgzd,19
1942-12-18,1987,iWikKH,12
1907-11-15,0472,HxLJQe,4
1936-02-19,1703,bOvbjg,13
2020-01-24,0534,HuyuRw,20
1946-11-24,0332,xLqvJE,8
1941-09-12,1159,tOkGoa,8
1945-07-09,1819,rRnRTc,10
1978-03-30,0532,FRCZUE,19
2015-02-24,1763,vbQbqd,16
1993-05-28,0136,WuMxfq,22
1949-04-18,0975,kEtnPQ,1
1962-12-04,1729,QthtwD,6
2010-09-13,1752,CqGyRS,16
2010-10-26,0715,XfusUD,12
1959-05-06,1983,ehYiBz,15
1952-10-09,0544,ssnOWA,1
1977-07-24,1892,fuFPxt,15
1914-03-21,1247,QhYzIQ,12
2000-05-08,1599,vhptZe,21
2019-08-13,0798,ahnXGM,1
1940-05-10,0309,xzZwik,8
2014-05-02,1948,ClaohD,9
1932-04-22,0490,onGHFM,3
2000-08-18,1090,KYeNDD,6
1954-01-31,0917,JBAlXU,2
2018-12-10,0855,UXLpoO,18
1935-04-25,0923,SHbHHz,16
1918-10-22,1526,fzCgoU,19
1954-07-09,1672,FgGujn,22
1991-06-13,0860,jHPKRC,3
1997-01-03,1436,gRuVNP,7
1921-03-06,1045,LrCDgu,5
2018-07-02,1335,MbLGhm,7
1912-01-23,0371,HfpRDd,17
1931-06-09,0236,cDIjLA,8
1943-09-10,0407,twKFqu,7
1997-10-30,1350,dNgDkD,24
1942-04-13,1711,nZQlTw,14
1950-04-28,1535,vtTAKx,21
1945-11-03,0131,TTtcYp,1
1916-05-09,1193,yfSjkN,20
2004-02-25,0132,JvvpiK,22
1992-07-14,0316,oFYZvi,23
1994-05-16,0779,fXHDQM,6
1998-05-12,0785,xVOEnC,22
1964-10-22,1225,RPpCBy,11
1909-04-09,1182,QEaKJV,19
1901-04-18,1753,kitNbH,22
1961-07-06,1084,wXSiij,12
1948-08-17,1899,mDNqgc,19
1991-06-22,0251,raxJvO,2
1921-06-04,1502,EwLhhf,23
2017-12-26,1334,EoRkUv,11
1914-03-24,1121,aeTHfO,5
1909-09-27,0824,NRPiNJ,20
1949-07-02,0719,MBisCe,2
2010-01-20,1143,OHaYhO,13
1910-11-03,1031,RRCwzR,20
1971-06-16,1258,XRyeUv,4
1934-02-15,0933,XqbmsT,19
2003-12-14,1451,QlzrBL,2
1961-07-12,1303,sOPiQp,12
1977-04-05,0928,CpFWuk,6
2010-04-26,0295,cBbgXt,2
1963-12-21,1382,mSrVYF,6
1959-07-17,0657,JoOSWO,22
2003-09-24,0107,OSXuSV,5
2017-10-10,0394,MRmVYf,18
2018-05-28,0845,PGyfrO,20
1921-02-13,0862,OiFOJj,14
1964-04-29,1907,DQaohs,24
1949-09-08,1195,lcXYVv,16
1907-12-17,1020,leceJW,19
1901-10-15,1133,pbFLNG,20
1933-12-04,0411,UrGWVQ,17
2000-06-10,0166,njRCgX,7
1936-08-06,1102,yhKiXw,9
1960-08-25,1624,oGODjx,20
1964-06-11,1792,BWgRFT,1
1993-01-10,0226,usKqnM,17
1929-12-12,1148,mqGdPW,21
1944-04-14,0854,EFYXTi,12
1954-03-30,0535,mPxRju,5
1976-01-25,1943,rNRLIz,21
2013-11-02,0647,agJfOs,21
1934-01-23,0786,AALoYA,21
1909-06-11,0283,BJSqxI,23
1940-08-06,0296,eNZEON,20
1981-06-25,1687,iaXHJg,3
2010-03-06,1274,NsLDhW,10
1950-03-31,0098,dXUsQL,4
1963-05-14,0728,MZwPGa,2
1904-07-06,1857,LXnhhb,22
1951-10-07,1513,ATCHtC,24
1978-01-14,0781,hoKGKk,13
1916-02-05,1803,NJUwna,2
1908-02-02,0159,GFmSuf,3
1947-07-02,0179,nayeiX,18
1920-02-14,0008,htrqPM,17
1931-01-10,1064,nIVPSi,9
1932-11-22,1113,gZfcvs,4
2002-10-18,0427,qQpYqc,3
1968-06-02,0813,RkbKhZ,10
1972-07-07,1558,lNqZVD,21
2012-05-29,0081,zKEDNZ,10
1938-01-13,1742,nfYbMj,5
1934-01-19,0948,YyZeiX,8
1929-10-13,1180,pNqECH,14
2000-11-23,1172,mEXZQi,21
1907-07-17,0622,tHrwwK,22
1924-05-26,0178,TtasXH,15
2017-11-14,0346,AtbhUZ,18
1961-08-01,1273,EvubMM,11
1999-07-24,0468,pWVwTL,16
1982-12-30,0525,fxAfaB,2
2006-12-05,0365,AfDaFB,1
1963-10-27,0964,YfbhxY,12
1910-09-18,0413,mtHnew,20
2004-09-23,1137,CvPBie,6
1903-08-14,0974,FYrlZE,4
2010-12-20,0284,TSTVTj,15
1920-04-10,1742,LiFOub,12
1948-02-02,1424,CPEJya,5
1928-09-14,0711,wkIljP,5
1905-11-09,1762,uChpYB,13
1978-08-25,0698,exAMXy,15
1953-06-05,0775,bucMjX,1
1964-02-28,1578,WBqFsc,17
1944-12-18,0563,dfAUQI,9
1966-09-15,1833,yjMRkx,18
1949-02-20,0694,ScZjiQ,12
1979-09-21,1766,ohRzcC,10
1987-04-10,1461,CjFFkK,2
1933-11-07,1677,Ncvxym,4
1901-08-22,1492,YHXqGX,15
1967-07-28,1897,VRkduR,13
1954-06-20,1792,wPjqey,10
1953-11-05,1664,poYGPz,1
1915-10-02,1043,PBeMpj,22
1969-06-24,1069,Otgtby,24
1958-06-29,0512,JAUvow,7
1908-06-28,1274,BiSxhq,5
1948-06-12,1605,ndvWzD,13
1930-10-21,1774,eaXtPK,24
1917-04-07,0292,hTtsgf,14
2018-04-26,0219,FmsBci,12
1921-05-11,0075,ELuvTi,24
1910-10-07,1745,eqXZiL,7
1986-06-20,1651,fPneQJ,10
1909-12-15,1815,QnwGVR,8
1925-05-05,0676,npvZSO,20
1916-03-29,0834,puBaPu,5
1920-11-05,0410,KsEsLQ,15
1939-06-24,0273,WqodWl,4
2017-12-21,1331,vDsXAL,20
2019-02-11,0243,BSTnbk,1
2018-10-02,1496,xPcfGk,10
1919-02-28,1537,mMBbrM,3
1927-12-15,0577,zfZWNI,18
2013-06-19,1185,UgdBTt,16
1981-12-06,0487,XkoKsC,4
1933-09-13,0091,WdpiIN,21
1935-04-14,0626,KONakB,13
1919-07-12,1991,flHhxt,5
1957-09-14,1569,aKjsMz,9
2012-10-01,0547,flBSJJ,18
1939-02-13,0069,EBCAKi,24
1996-03-14,0223,QmWsOb,10
1917-02-16,0413,RiCORw,14
1998-10-17,0148,QpTAGf,7
1976-08-28,0954,cRpwYe,19
2018-10-29,1909,eCCRGe,16
1955-10-29,0769,FCLjWc,11
1927-08-28,1157,YabkbM,4
