3.8925,71-3690,EFmUro,2000-09-23
4.7796,45-1190,ZSiKoM,1992-07-26
3.1964,63-3985,iQrcnv,1995-05-16
1.8344,70-6806,vZEBzZ,2016-10-11
0.7963,55-5281,unluWa,2008-11-24
4.4587,68-0156,ILnpqn,1995-02-08
4.9815,63-4484,KohMCm,1999-11-07
3.7164,99-9969,yPjYoc,2016-04-30
4.6237,82-7185,aehndu,2020-04-28
1.0122,90-4143,VSWSds,2020-07-19
1.2271,61-5737,NHnXoC,2009-09-28
3.8676,98-3312,dexySL,1991-05-25
2.3207,61-6274,sXgQad,1999-01-01
3.1076,87-8879,dkXCwg,2016-11-03
1.4335,67-5875,GTMTvp,1993-06-20
4.1286,93-7263,EGqNrT,1991-12-18
1.2532,66-6546,ISWUId,2003-03-30
3.5699,72-2993,FyhonX,1998-03-11
4.3544,66-2580,LowSED,2000-01-20
4.5007,62-0341,Xiwglg,1991-02-23
3.9024,58-9261,iKQCGg,2011-08-23
1.6713,87-9387,dFtotx,2009-01-15
2.3912,62-0446,kSLatb,2011-11-31
2.5858,99-9411,CIOqEB,1996-04-31
3.2503,53-4693,IHlqco,2001-03-08
2.7241,77-7449,tRgoYB,2004-08-08
3.9531,80-4763,iEUJeH,2019-05-10
4.2709,97-1874,yYGvVK,1996-04-11
2.4370,85-1699,EzVaVn,2015-06-31
1.4175,85-0421,tDVRDK,2020-06-04
3.9004,90-5765,gyAXkR,2018-08-31
1.4513,49-6477,LxABXU,2012-07-04
3.0024,86-2516,NwFtyk,2004-08-09
1.3114,64-8027,KsWIJM,2005-12-22
3.1397,79-6073,ngYpCI,2014-10-07
1.2122,78-4512,KeeRAv,2013-01-13
1.5189,49-3833,fxaMEE,1994-06-19
3.1895,88-9299,PzzGiM,2016-10-01
1.2436,70-6723,UkvbCt,1996-09-03
4.2559,89-2349,OJknlf,1995-12-21
4.6255,64-7250,arPacW,2014-09-21
4.4030,70-1563,cmblzS,2007-04-01
2.9849,44-3237,kdFWAY,1993-03-18
2.0863,61-9371,AKLWTP,2005-02-12
1.5215,98-5383,tGVshU,2019-01-15
3.6630,89-9219,fZlitL,2015-05-09
1.6925,85-3107,SfhrSB,1993-09-21
4.8081,47-0047,OUHCkr,2001-08-23
0.8913,72-4635,zKgrhx,2009-06-24
1.2033,66-3813,FrOUus,2016-12-23
2.3262,89-5970,mlKWiN,2013-05-18
0.7922,69-0874,NNlbVE,2005-04-24
0.8823,94-4710,CmXoll,2008-02-18
1.5978,61-0114,FAMWrQ,2007-01-11
3.4102,68-8566,aqyFFO,2006-09-07
4.9685,70-0776,EymOoZ,1991-06-20
0.8533,95-4628,MpNNeW,2019-02-05
2.5508,81-3376,NFTPzF,2001-05-20
1.2829,88-3935,TCeLZL,2009-08-24
4.3291,45-2192,IZWoES,2009-09-27
1.1416,59-7770,pegwpc,2010-10-11
4.6563,97-3744,TUjgKI,2014-04-28
4.6672,86-3184,Kwwnvl,1997-12-14
1.0056,65-8592,ZIYgHK,2013-05-24
2.2008,95-8599,MUZpfO,1996-02-01
1.2169,81-7536,AmKdmj,2005-12-28
3.2834,48-8972,CotWqr,2018-09-02
1.2098,92-6850,GnXWvX,1994-02-01
1.8635,62-4071,eGdEWo,1992-11-30
2.6668,79-0824,URugAq,2018-12-09
4.0848,83-7271,sPQqmj,1991-03-17
2.0908,56-0688,lJCecv,2004-05-09
4.9115,65-4887,ieQSda,2019-02-15
3.9798,82-7861,NFWOqy,1992-03-15
1.8014,63-9641,ronGLh,2000-10-11
4.8872,66-5112,UOENeX,2016-05-04
3.9003,80-7469,qsxZGL,2000-12-13
2.1996,52-5288,rqDaYh,2008-06-27
1.3389,61-6453,rclOPO,2009-05-30
2.1784,93-3650,IUWuly,2011-09-08
3.0371,70-6829,UIjyJQ,2008-07-08
3.9721,60-8375,LBvUNj,1990-07-12
0.7180,55-6453,nJBEOx,2013-12-29
3.4785,64-5251,DmMFRG,2008-11-13
3.0867,73-3718,lYLvgo,2016-11-30
1.5913,98-7822,JrwDfM,2000-11-25
4.8217,75-6064,Bvozhx,1999-10-09
1.5976,61-5067,UtPwqd,1990-02-26
4.5349,45-2838,twxaSz,1990-02-07
4.9765,99-2417,QmMHRQ,2002-09-09
2.5360,81-4727,MOpiij,1992-07-06
1.1816,57-8697,RzhACe,2006-05-30
3.6161,76-2870,RKysPm,1999-04-08
2.9149,79-6076,ByoBzA,2004-04-08
1.3460,63-4456,ctESFt,2008-01-18
1.9829,69-2651,kawmNs,2020-09-05
1.1424,46-3201,THpkgO,2004-10-18
4.1983,56-4022,lTbWUX,1997-02-09
1.6452,55-1998,STFwAt,2008-07-27
4.1514,78-7760,iUkouO,2000-06-29
4.6018,46-6945,YwWbKa,2016-09-13
1.3069,90-2852,BvYhbl,2007-10-23
1.5250,45-2216,pXsAfe,2011-08-07
4.4316,51-9432,DViVPK,2003-09-29
4.8779,87-5368,dGpqBL,2017-08-16
2.2753,81-3635,kIWGZm,2000-11-04
3.6949,90-8416,CVXmnq,2012-04-25
3.2288,63-9026,hzfUCu,2009-10-06
3.9194,43-3651,yWyJoe,1999-07-15
1.0815,83-0430,BTgoEM,1992-09-17
3.5714,56-5936,RtdNKK,1990-03-22
0.9413,75-1596,AtKvoU,2018-09-21
1.3295,61-3578,VXCKUe,2009-02-19
2.9524,89-0686,xgUABr,2015-11-13
3.2993,76-1833,DzvgWK,1998-12-10
3.5406,52-2557,YySRTW,2004-05-21
1.5642,55-8777,rhxrPk,2000-08-27
2.0030,88-0544,mlUxtM,1991-02-21
1.6035,88-3930,tkXzDf,1994-08-26
1.8987,47-4509,YuGSce,2008-12-02
3.0853,80-2971,YBriev,2001-11-09
0.9332,82-5633,PnTwVc,2016-01-09
4.7880,56-6504,gWSxoE,2011-09-19
4.8057,50-3126,JgcXka,2010-01-28
0.7819,48-6740,kUCcix,2013-09-08
0.9146,69-3558,QaochR,2002-07-05
4.9567,85-0246,dXKdGc,2013-01-01
3.8932,97-9474,HCKXHz,2011-05-10
3.3925,88-4994,drYxKs,2006-05-29
3.1285,71-8311,fkHvEy,1998-02-06
2.8927,57-0971,RxqxIi,1995-09-11
1.8304,99-7377,xWilOW,1991-04-31
4.7658,74-5655,BcsFrv,2006-06-24
2.7350,81-0671,qokioW,2000-07-28
0.9490,83-3699,SeeRKL,1993-02-27
4.4195,94-8864,GZsfXp,2006-08-12
1.7284,61-3592,naeqeW,1994-11-08
1.0126,77-0312,EtTUEw,1995-12-07
3.6072,94-6272,LYTDLP,2018-10-29
4.5925,89-0649,vIlQLq,1998-07-18
1.9804,61-6469,nNysVb,1995-11-26
0.7638,48-2733,aJUcXf,2017-07-26
2.2292,56-3631,hhkhBl,2008-09-26
0.9252,67-5003,RpVJUn,1994-08-09
3.3624,94-5108,HdgsZr,1997-11-04
2.9092,62-5355,puACUv,1992-04-02
1.7995,50-5957,ITOwAC,2010-11-26
1.1579,93-2502,ADjtkG,2016-07-31
1.0348,67-5435,aKMGIn,2007-12-17
4.2053,64-6432,jjfrtV,1991-02-24
4.1195,48-5290,nefVxC,2012-01-26
1.4324,47-7723,iFGDNJ,2006-06-30
1.4634,46-9356,KCgNjl,2014-11-29
0.9723,57-5072,bdaBbi,2003-10-05
2.0581,93-8649,WGCVMf,2008-11-01
1.4545,83-9898,DiFKBe,1991-08-07
4.2874,52-4519,bYjTZJ,2020-11-02
2.4534,94-8240,TtRAeN,2016-03-19
0.8508,77-8753,wgRiQG,2015-06-18
2.8701,82-8059,HSOdHJ,1994-02-19
2.4805,85-7016,VtsKtl,1994-04-02
4.5736,88-0262,qgzHZg,1999-04-26
4.7471,88-0227,tMZKZE,1998-04-02
2.1062,83-3108,sKIFHJ,2009-11-22
4.9467,87-5434,EkIoKI,2001-10-31
3.2427,64-7319,WVckKE,1990-11-02
3.9975,71-6064,JqfAhj,1998-05-13
1.7626,50-9342,lYXcel,1993-07-10
4.7574,88-9897,IhtfpV,2015-08-20
3.3956,96-1106,Bmjoyg,2006-01-21
1.0408,72-6830,KQPUTv,2020-09-28
4.1813,92-2984,FlASsS,2016-01-19
2.8648,56-2952,ErWtot,1991-03-25
4.4536,93-2941,MYIvrX,1998-10-14
3.3906,91-0994,xencnK,1998-10-09
1.8442,87-8113,eVPhRZ,2012-12-17
3.4377,71-5128,wUBtJd,2015-07-17
3.8875,90-1786,zbQfzf,1991-12-13
4.1663,87-4693,pWSxSn,1996-03-28
3.4243,80-1168,AeLPsT,2018-02-14
1.6927,56-7974,dSAtSa,2008-01-17
2.4800,62-9834,qFsGVf,2000-03-08
1.8597,63-1068,aboefP,2017-01-24
3.4591,53-4507,DxPVZg,2011-07-09
3.8365,57-5380,XDQgiA,1998-03-02
1.5654,51-8028,fEXEnd,2007-07-14
2.3423,89-5649,fcdKsU,2007-08-20
4.0066,97-4763,jKRYfw,2004-01-07
4.6790,94-3922,zcGext,1991-07-17
2.0554,54-8553,BdTRhV,1995-12-05
2.7744,84-8488,oMIqKM,1991-12-12
2.5472,56-6620,kQDqhk,1997-12-05
2.8260,54-5923,qJEkIp,1995-05-28
2.3480,55-1651,WKHIYm,2003-07-04
1.6254,70-5510,amXWzl,1996-05-05
4.3823,72-7585,kHNfmb,2020-04-29
4.1543,49-1536,lNuhrw,2010-05-19
3.0955,81-1044,ylyfnr,2020-12-06
4.8371,80-0276,qFiZYp,2000-10-29
3.0252,60-4741,ERQqJQ,2014-12-20
3.5363,83-3521,VuIApf,2009-07-09
2.4515,53-4171,cahVyT,2019-08-29
2.6346,77-3870,hBOwrc,2003-02-10
3.5531,57-5529,VcalBd,2015-05-29
2.4356,69-0704,paPYUB,2020-12-19
1.1634,69-2486,IlxVRE,1995-02-25
1.9158,94-7578,HqWRha,2016-08-03
3.5981,61-3024,zHCRQJ,2012-11-10
3.5789,82-3527,IqHSDV,2001-08-22
2.1274,70-3626,UvjACZ,1997-06-17
0.8713,45-1678,ynRYBg,2004-05-21
4.4017,83-9630,FyzAeT,1998-09-22
2.9409,88-3046,rKpQHA,2013-11-21
1.1915,59-9264,bnXXkj,2013-05-13
2.9083,95-2167,VXmnSF,2006-12-01
4.4179,99-4393,RpsAEF,2005-08-15
4.3695,67-3782,ZpZBrN,1996-08-20
0.7622,62-3174,zzbTZa,1999-06-20
1.9439,76-9723,zuvtip,2010-12-19
4.4031,70-6689,MFQUOX,2013-02-13
2.7325,57-4000,ZocsJr,2000-10-04
1.0686,75-9228,qUrPxg,2008-08-03
4.7526,85-1294,IvTcTc,2007-04-29
4.3505,81-9484,xdgWUe,2010-09-16
2.8709,85-4452,VVwTDP,2006-01-23
2.0959,79-5493,jxAbjc,2004-04-14
2.2932,70-1021,mMuBXS,2018-10-19
4.4380,66-4999,MrOayD,2009-03-18
2.0001,88-1281,wcdmUA,2004-07-18
4.4292,54-4543,byKvtV,2009-09-15
2.9822,93-8408,CRULSV,1994-10-28
4.2457,57-0696,NYoAhS,2001-07-18
2.2481,54-2365,fUAYXv,2001-10-18
1.8079,76-8984,ZAXuXm,1991-11-14
2.8813,49-2936,XZhlBK,1993-08-02
1.6748,70-9296,QnYgGh,2008-10-01
2.6240,72-0322,YYLIkX,1990-01-21
3.2764,74-3232,XOrCDG,2015-08-15
1.8845,95-1725,BnHnOQ,2019-06-14
3.7285,54-4722,DVcBum,2013-07-13
2.2884,60-5762,dpbCfV,2013-02-21
3.5634,89-3533,DPQFip,2004-12-21
2.3150,49-6381,VqpnkI,2012-12-21
4.1029,63-0034,OTTKPA,2007-12-27
3.7232,55-2622,xPbJXn,2004-11-01
1.6848,47-7780,zyBPZd,1995-01-14
2.6860,82-9184,gRGrxH,1998-05-05
1.6825,58-1493,ZIwapI,2020-08-08
0.7395,98-9086,QaGpnx,2005-07-05
1.8725,79-7311,ZjcWls,1990-10-14
4.4134,78-8926,MXNRha,2001-09-02
0.7004,73-3996,oRTQvv,2011-09-05
4.7936,91-9613,CWLpBe,2019-08-12
4.5151,61-6679,mNZHIb,2018-11-21
2.0789,88-3185,kLZSmC,2013-03-31
3.5301,99-5068,utEPpt,1996-11-12
4.4744,93-0161,NafZMw,2008-06-04
0.7174,54-1668,cIWDcA,2001-02-27
3.8144,88-4995,rGjyCd,2013-12-04
2.4174,99-8917,dxUPhw,1995-03-08
1.1695,88-2368,rbXhyy,2020-11-23
4.3345,99-6464,aQpEAr,1998-07-25
2.1275,82-2184,sQSKtY,1998-03-05
2.3456,99-1696,GnQiTu,2014-09-02
3.7473,97-3182,JczUmN,1990-03-31
3.9253,65-4822,SsNzzd,1992-02-24
0.9855,81-0228,eVQJFB,2006-09-08
4.6964,59-8570,FFSknD,1991-07-13
1.8349,57-2620,zMrxsr,2020-06-17
3.8158,56-2239,OfgCOy,2005-05-13
3.4783,49-9532,nAMXEq,2003-03-02
0.8804,48-6500,eeIKNL,2013-04-11
1.4272,69-3738,LPQUqM,1991-10-31
2.0548,53-2274,PoBLrw,2017-04-07
4.3736,46-3697,rlPxbP,2002-01-16
2.3827,63-1273,rLtZZi,2012-05-31
3.3212,85-0260,Pgychd,2006-01-14
4.7937,75-3352,BhjTAl,2005-10-30
2.5539,82-7657,kDRuVX,1995-10-07
3.1357,62-1285,uMoQzK,2001-04-01
2.7105,60-6751,hzfNFN,2015-11-28
0.7960,86-5106,mqTdca,1991-06-28
2.1192,65-2919,xVtlPD,2018-04-16
2.7256,86-0877,CfwBRn,2002-10-18
1.3132,61-4833,RQkiho,2020-05-01
2.6021,71-8566,paODYa,2001-07-17
1.5068,81-6398,xxvpCD,1996-12-19
4.5501,58-7437,XhXxxi,2012-03-12
4.2089,68-0318,YdCoGu,2015-07-25
4.0079,94-0518,zECRTi,1992-06-07
2.0238,49-5546,ekkmjE,2006-05-21
1.5900,70-2159,WVmBJy,2020-10-08
3.1855,74-9644,JKJBsG,2008-07-03
2.1173,83-9614,pJRkpO,1990-01-10
4.9250,63-8077,ylVLch,2008-07-14
3.5626,66-1757,eIkoRe,1995-12-28
4.1693,99-1854,ifFLMH,2018-09-17
1.9177,81-2459,HurrNy,2007-05-09
2.0033,49-1802,XDkViq,1997-09-05
2.4550,66-9599,aJNutd,2002-03-23
0.8541,51-0881,mEcVBt,1990-07-03
4.5355,89-8500,IYzZGh,2007-10-08
2.4187,66-5526,MaVLhr,2018-12-04
2.5418,44-5487,AGgbEX,2005-12-27
3.5913,79-8006,pigwsD,2012-08-08
3.1911,61-5699,aPKeCJ,2020-11-27
0.8920,82-9330,BfaKYO,2008-03-28
3.5725,82-6720,oNQQlH,2006-05-15
2.8949,67-3991,rhLrVm,2010-02-22
2.5436,97-3638,RqBJKU,2019-02-03
4.2243,62-1627,Ykamgo,2019-09-02
4.8737,80-1855,kAWwBu,2017-05-06
4.9487,70-8868,TSQXeX,1991-09-11
2.6597,50-8029,Oxovhb,1992-04-22
3.6583,63-3910,yvbDat,2018-04-29
4.1734,92-5320,tmyZpo,2015-07-25
4.7573,52-5552,PTLVbx,2012-09-13
3.5390,60-6220,eHBNiv,1996-11-14
4.8304,65-6671,yvkNVo,2002-03-01
3.6578,79-3966,dlyqeO,1999-03-10
1.0577,59-2426,rxqHXV,2007-01-02
2.4386,95-4977,XNyYti,2002-09-16
4.8026,74-4839,WqBIkg,2003-09-03
2.2656,83-5357,unLJSy,2010-08-13
1.1499,67-0527,LHXTwj,2009-08-12
0.8960,80-3644,pFPeZv,2017-08-27
2.3989,47-5521,BQTejQ,1992-05-29
3.1228,77-0896,shHehG,2013-05-06
0.8489,94-1728,kMQAKp,2015-11-27
2.0854,47-8519,rczRLU,2017-09-10
1.9659,93-8705,FYqLna,1999-09-19
4.6991,44-6745,rwkQCN,2016-04-22
3.2848,63-3823,fCzaBD,2017-09-27
1.1089,97-5116,MVKHkO,2020-04-17
3.9673,76-5452,mFUPxG,2006-11-09
3.5535,85-8449,FgvdVA,2019-09-04
1.7452,85-7268,iQsleK,1993-09-09
4.4096,88-2894,dfBuin,1990-05-21
1.8660,44-6520,gMqPif,2017-06-29
4.1106,51-2404,RSXlLN,2014-12-01
2.9408,51-1897,YHGGvN,2013-04-25
4.9722,50-3301,WjaHWE,2011-09-26
2.4022,54-3822,DKOoIk,2002-11-19
4.2883,44-2746,lBtATB,2013-08-17
4.9048,97-9732,eXayiW,2012-06-31
2.8915,50-5765,SqdYeq,1995-02-11
4.6690,54-7287,xTOLcK,1992-06-14
3.9421,62-3032,iKrSzY,2014-04-28
1.1757,50-6584,zVtazy,1990-09-19
3.0847,59-5684,uWRaAJ,2014-02-06
0.7589,89-7767,kDKkPx,2010-02-17
1.7425,80-1584,siByAT,1996-04-18
2.4714,51-2750,dyfhMM,2006-08-25
1.2135,72-2467,SRyTSA,1996-05-09
4.3885,59-2343,RvHSUa,1995-09-12
4.7425,52-4320,lHbgXJ,1991-02-25
3.1022,77-3917,pKwqqU,2008-04-08
2.2649,43-3817,FCOlnE,1990-06-08
4.9406,64-6777,AZKAjm,1996-02-15
4.7358,76-9174,MabJTB,2017-03-03
3.2380,57-8221,NOktxA,1991-01-22
1.3178,47-5062,vIqVvt,2017-08-06
1.4836,65-0557,TjVKrG,2005-03-26
3.6785,51-8439,BVgBSd,1991-07-28
3.7988,61-6959,ktdEKk,2017-12-04
4.1004,74-6390,fyJdqb,2019-02-17
2.6763,66-7722,muelQr,2019-07-27
1.4643,47-1448,YqbuHb,2014-02-13
2.6410,75-5233,JiJLkh,1995-11-17
1.9934,43-2401,CXNmSC,2004-01-30
4.8480,84-1843,pWtSPE,2018-11-16
1.4303,59-0185,PJOUsj,2009-09-21
4.7595,62-7148,LlgkTK,2013-09-16
4.1341,65-7999,veSEXQ,2001-08-09
1.6901,47-2704,yFYzvu,2018-03-16
3.9064,49-1775,ejNAmk,1992-07-22
2.6585,70-1019,pQlMCB,2013-06-02
1.5147,66-6231,VvSWqK,1996-08-21
2.9449,43-7997,vbYKFp,1996-09-13
1.0549,90-4700,vZsrgh,2009-04-02
2.9293,80-1002,DmJiuE,2020-05-22
0.8794,57-6146,IyCBmK,2003-09-15
2.5090,57-2344,ZBeBfA,1990-12-19
0.9419,85-5937,gdFeJx,1991-12-14
2.4757,99-3948,cAKNly,2010-03-03
1.3260,73-7429,CpgauE,2004-08-01
2.8049,63-8855,GFOPYS,1993-05-01
0.9032,76-4920,fXXnKe,2017-08-19
2.5859,86-1968,UOWJOI,2018-11-18
3.8002,86-8256,LVICRi,2011-05-10
0.8860,51-5077,FeyLuv,2009-07-04
4.9550,73-2581,EmDmut,2014-04-23
2.6446,92-9559,KQmVFk,1990-02-24
4.8419,47-5278,bvDXVt,1991-08-04
2.4077,67-2640,iYCrGC,2016-12-12
2.9921,45-2211,vHTIdm,1991-11-01
3.5707,52-3166,IoKzfQ,1997-02-13
0.9523,62-8768,zBmUIn,1990-08-05
3.8339,70-7558,ARNOYh,2003-01-19
2.1781,81-3741,swiVji,1998-01-24
4.9339,71-7874,cQDHtB,1990-03-02
3.6213,48-9841,LijGyu,2015-05-31
1.1303,86-8319,wZEAIt,2000-03-29
1.5586,80-5598,hWJLNc,2013-02-03
3.0554,93-7887,elYpMk,1997-11-22
4.7820,64-7001,hsvrzP,1994-03-03
4.3693,61-8164,OomsZe,1993-02-05
3.8712,49-6019,CQDKkp,2018-12-10
2.9804,55-8625,VSPJOR,2004-07-31
3.3161,92-5051,EnBJgY,2014-01-20
3.3583,49-0075,NLiOFr,2020-10-29
1.1933,44-5478,cGasQi,1992-12-10
4.9081,79-9105,CymsFs,2001-04-03
2.4171,82-7652,rAwSca,2011-12-07
4.8114,61-6084,gmgqYe,1992-07-24
4.0460,75-3684,lVDYDV,1998-02-01
4.0333,89-4038,vSpJwQ,2014-03-09
0.7634,56-7046,iWSFmC,2014-03-23
2.9287,90-9801,QhTrSY,2004-11-27
4.7347,49-2100,NyHHdh,2003-10-30
1.9868,50-1908,fptgyc,2003-09-14
4.7788,70-4223,NMBdvP,1994-08-16
3.7782,94-8067,hxQBBv,2008-08-14
2.8014,96-9138,ALeFWF,1994-11-05
4.9154,58-5022,VWzRYI,1991-02-16
2.4979,69-2768,sdsgeR,1994-09-21
2.1744,96-7689,ptYhKY,2000-07-22
3.4011,56-1860,OKUysn,2019-04-18
1.9670,85-8518,phIAAP,1992-12-01
2.6911,90-9635,PnqHHN,2006-09-27
4.2891,65-8887,RoZxeI,2013-09-01
4.7316,83-7579,iTGuyf,1993-12-23
1.2081,58-5656,bchkEm,1996-05-31
2.2963,70-1568,ZiGKvx,2002-06-13
3.2034,66-9895,wiTgTq,2007-03-27
0.7036,60-9941,yNuBNg,2000-07-05
4.9996,95-7022,HLEUta,2009-05-01
4.4355,69-0429,sZDzQJ,2007-01-13
1.5099,48-5961,dyskYI,1990-09-14
3.5580,56-7675,waDNzB,2010-04-18
4.1888,45-0910,FldVXi,1990-11-28
4.5467,75-7033,IAmRHE,2006-11-16
3.6970,57-9741,gmLewx,2011-08-02
4.8271,57-2453,BRakYd,2012-12-27
2.8443,47-5171,NYMRGG,1991-03-11
4.7928,97-2180,tgXtjS,1990-06-16
2.3108,62-0228,VSrvDm,2010-03-20
2.7902,65-4838,yvvevz,2020-08-09
1.7366,81-5782,DUnssd,2005-12-19
3.7833,94-5019,kGPblq,1997-07-08
4.0177,78-2240,CTIEqg,2020-09-18
4.2291,87-6922,dCDgxh,2016-05-19
4.6059,97-5850,sBciMG,1996-08-03
3.0282,69-8887,sNFBZm,2014-01-25
4.1560,67-4570,mFZTYb,2003-09-18
4.7089,90-5230,LjDxws,2019-01-27
2.0659,55-4819,OLYQpi,1994-11-19
2.7242,94-6642,cVKrvA,2003-05-12
1.8228,90-2341,VyIEDy,1994-06-03
4.1319,64-5636,aIBsBJ,2018-09-02
4.0221,71-4119,XIZEMW,2008-08-14
4.9238,69-5543,jFMqcZ,2016-11-19
1.0065,94-9873,ZsNwij,2015-08-11
4.0040,52-3660,jpesvF,1999-02-23
3.6394,70-4770,NYWfJl,2015-09-01
4.5962,72-3792,iWijND,2019-12-22
2.5698,64-2036,hHWEjw,2009-10-01
4.1568,87-1064,NCeMud,2017-07-19
4.7009,71-7151,zoCWWX,2002-07-20
4.8277,88-0508,ReHkwG,1990-04-06
4.6495,46-0463,nvPWyg,2014-12-18
3.6385,87-3848,qCJuuc,2006-11-07
3.5350,96-8318,rNKdXt,2000-01-26
4.3518,79-1713,XSmZAb,2016-07-27
3.9606,78-6243,FpvheG,2018-02-16
4.9192,89-1811,XLtHHD,1995-02-03
4.0508,70-9686,JYtcpx,1997-05-31
3.5990,55-0899,yRuEhN,2011-08-15
1.3655,81-2040,aYEuMm,2019-06-07
4.9373,58-7046,nSGOMi,2008-08-03
3.1317,44-1964,BlEDLm,1995-11-26
4.1690,75-3078,mZGBph,2012-02-01
4.0996,57-5032,JwSGUD,2013-05-29
3.9038,63-0514,bmCemF,2018-05-27
4.1725,64-6671,BYvaJK,2014-11-22
1.2687,80-4168,OuQrSV,1991-10-16
4.7481,89-4160,KmBXcv,2010-03-12
4.6899,92-1093,EbGpJV,2009-04-21
4.7664,62-9374,yuAEPi,1992-07-29
4.9383,55-7780,jVAEoS,2001-07-05
4.7775,93-0160,AloEQM,2011-08-17
4.1521,83-9399,ajivrB,1995-10-01
3.7955,56-5578,QZEDRy,2000-06-01
3.9875,79-2288,WYTREN,2019-08-18
1.3816,62-9343,sQYZIV,2011-03-16
2.6689,95-2427,bNFAHp,2010-09-10
3.7441,67-4088,IlwWRf,2005-11-05
2.1821,76-9417,XjPGXJ,1992-05-25
4.2573,95-6226,fEYrxO,2005-02-07
4.2739,71-7428,aNwBWc,2004-10-08
1.3463,89-3338,HuHTmN,2013-01-31
2.3437,80-4474,bIbfFY,1995-01-06
1.6197,87-1642,dvrNCx,1993-09-16
3.8726,95-5487,uiOzcc,1992-09-24
2.8684,89-5160,AyJQhV,1994-05-02
4.9258,47-7278,FCrfnO,2003-02-26
3.4549,53-6784,CrDcOg,1999-08-23
3.9758,46-5996,bXoLVX,2015-05-14
2.3879,44-0851,yIfykk,1992-06-14
2.2065,85-3389,IyqyKd,1991-02-11
3.7476,53-3734,dJUHBM,2018-02-07
2.6276,95-3161,CVNRPk,2002-11-19
3.1261,76-6367,GjNDDC,2010-04-30
0.8113,49-2339,DHGpUc,1995-02-22
4.5457,54-2093,RTnfIw,2015-01-28
3.6729,75-6722,vzhJGz,2014-05-03
4.0283,88-5653,crzKId,1996-11-15
3.1537,49-7298,DvtFFm,2003-04-28
2.6890,64-3408,yzicCd,2009-02-21
1.3429,80-1721,tkOrwT,1998-10-25
1.4880,51-1962,vmPzyO,2006-11-21
2.1685,60-2738,YStzkB,2008-11-16
1.9186,51-5987,awRKaD,2019-07-05
4.9349,56-4981,DbRrXl,1995-07-15
4.9447,73-6604,JzuEiv,1997-12-05
4.0724,94-8107,oOmnKT,2017-06-30
2.3894,72-7272,xCSqiz,2020-05-22
2.7357,88-6673,GUslWM,2011-10-30
1.2659,70-1822,NQwizK,2011-03-24
4.7345,65-4837,dlvfGL,1990-07-19
3.0806,76-8775,LDmbxr,2020-06-03
4.5049,74-0160,Kkponz,2016-08-10
4.4879,52-5276,sHGgIV,1994-02-08
1.6304,77-1457,tQzKIj,2005-01-21
4.3445,63-2611,IJJigI,1991-09-20
4.9648,84-6178,AqfeoH,2000-01-29
3.4149,66-1482,ftjGzW,2002-06-25
3.0609,62-7575,gSuQEl,2015-10-08
2.8353,50-4923,vAYLoW,2003-09-29
4.5174,75-2943,jwAkCj,2017-06-26
2.0556,99-7752,GXoWFr,2016-09-12
1.6086,60-4254,PNQulo,2011-06-06
2.1007,51-7049,bBhiXm,2014-03-09
2.3322,53-3716,pqQtKU,1999-08-19
4.4054,77-6139,XhWrUe,2016-11-18
3.2459,89-4658,xnMFdn,2009-05-30
0.7391,62-5843,bexcIc,2001-09-21
4.1133,88-9798,hlDhqO,1991-11-01
4.9627,46-6199,bmLNfs,1992-05-06
4.5560,50-2192,yegjJD,2008-08-12
1.6561,52-0556,nSlBAm,2007-10-01
1.3325,98-8968,VxZXqO,2013-02-14
1.6026,55-8975,bmXJdE,2003-08-09
4.0442,46-0331,HprokH,1999-01-15
3.3116,78-9750,QJXcjP,2009-10-25
2.7540,59-9783,tGwkgc,1992-08-18
1.3299,43-6783,UTsTBL,2018-03-10
2.5808,66-5763,nRlHrZ,2012-03-08
3.8083,48-1396,jHGHBK,1990-05-13
0.7545,55-9249,IEHYtL,1991-10-17
3.1630,57-8894,WHgasF,2009-08-07
2.6877,64-8667,DDpaUs,1994-08-23
2.0243,57-9336,wxlJcs,1996-06-15
3.4812,96-7123,JnusIH,2007-04-29
3.1470,78-4545,HAnZHS,1998-05-06
1.9857,97-0461,bgfUBi,2005-12-23
3.5455,84-5855,pxjQVF,2001-11-08
2.6557,77-9419,cYTykV,2013-03-14
1.0567,52-1304,jwEGsh,1998-05-17
0.8471,85-2722,XBqGJj,2010-09-25
3.1558,67-9194,WeJdVR,2000-11-15
1.7948,65-6540,GSVVLI,1990-02-11
1.7720,54-9749,iUgdMN,1991-03-18
1.5618,44-1192,mWLOwI,1997-05-05
1.4390,58-8472,WsByeG,2001-09-31
3.3130,98-4659,pHfuya,1997-08-21
4.5749,48-8792,JbWxPy,2003-02-02
4.9177,43-6370,qAoRrL,2020-06-10
1.4507,59-3476,usPFle,2016-05-05
3.3891,77-2837,ykMkOR,1994-08-05
1.8642,60-7346,XcWoCb,1994-09-04
1.3976,43-8133,qvqgoH,2007-12-23
1.5777,87-6238,xVvYAZ,2009-01-12
4.1548,84-0634,TatvwU,1992-01-28
4.4796,92-8395,OpiTpA,2006-11-15
2.0543,97-4793,bxOHlN,2019-09-31
2.8642,95-1380,PsrRQp,2006-03-15
1.6984,83-0553,Wsqtyq,2018-07-26
4.6327,52-4200,ZtYZwN,2014-09-12
4.3159,54-2472,iUGMve,2000-08-30
2.9978,72-7651,PdxjAB,2019-09-05
3.4899,75-0594,jxmKYG,2000-07-19
4.5147,66-6668,BqGVgt,1995-05-28
4.1465,67-9099,OciYVQ,1999-04-31
0.7303,58-7669,WAEUPm,2003-08-08
1.0747,76-7133,VRcxsb,2004-03-27
4.6217,95-1005,YsiToc,2003-06-25
2.0978,71-1321,pMHPoS,1991-01-22
0.8520,69-6732,fyXdZZ,1990-12-14
2.8317,46-1442,QvHqfe,2013-12-29
3.5632,95-0604,tKxtql,1990-05-15
2.8570,73-1374,svDmBL,1990-08-31
4.2934,91-6536,OEYlYl,1999-12-18
3.1231,56-6053,DdDExb,1996-12-03
3.2854,74-8309,aKSdIs,2000-08-11
2.4399,78-2901,mAtZXi,2019-04-30
1.2103,47-2115,tqcDSf,2002-12-08
4.6010,88-4346,JILYGi,2005-03-10
3.8079,74-5286,TckwWe,2017-09-15
2.6323,82-2674,LddkNo,1998-01-21
3.7370,75-1123,aMxfmY,2001-03-30
4.5810,92-2799,hWdTWu,1996-07-09
1.3329,94-9427,UhgdkN,1998-06-29
2.7848,79-3068,LIKlwa,2007-11-13
1.5378,57-4231,onyQYk,2010-04-08
4.9001,50-9003,qIuVkm,2010-07-30
1.4097,59-7976,TetUaq,2002-12-25
4.2488,96-6183,VoTlrl,1999-02-15
2.6760,83-6301,xHSQNf,2003-06-28
4.0274,61-4306,EtlcBQ,2000-12-27
2.5530,94-8542,mbwEgQ,2002-10-03
3.1938,44-6337,lGejMb,1999-04-17
1.3697,76-7007,uWqyeP,2010-05-07
4.6821,46-3147,bhAhBb,2009-07-16
1.7677,83-6956,BNfBnK,1996-10-19
2.9660,70-9821,JbWUVS,2016-12-20
4.4883,67-4255,XWvOsJ,2000-10-10
2.7428,66-3652,gaaAxw,1999-08-13
4.4322,82-9105,skGkcz,1992-04-11
4.9461,73-5257,fLJjLR,2003-11-19
1.3951,52-9014,xToLlq,2005-07-04
2.7739,83-1300,nYnhFY,1991-06-21
1.4557,94-2055,xpKBnk,1993-08-13
1.7260,76-7572,LxXcks,2002-12-21
3.6771,99-7674,ymhkXs,2012-09-14
1.6345,83-8769,eZWBzo,1998-06-15
4.9035,72-4250,ezUYqN,2009-08-03
1.4999,59-0019,beDedZ,2000-12-03
4.7479,78-5174,Czzuef,2004-01-09
4.6650,74-7690,qDAABI,2012-11-18
4.3702,76-5853,GtgeYp,2017-11-20
3.0460,93-2755,JJOBwZ,2006-04-03
3.9987,87-8170,bCdlch,2019-06-25
2.3210,99-8745,jgkWFj,2011-04-31
3.3764,94-2434,QjKiMA,2005-07-26
3.1132,60-8793,PqYqCj,1996-12-19
1.9684,70-0101,PcOHYd,2020-01-04
4.1505,82-7785,faDByI,1993-11-14
4.4871,65-4760,scPcDh,2014-08-30
1.2728,84-5998,IdNgCV,2004-08-02
4.8570,48-3290,yDJGJT,2009-02-07
1.7567,95-0005,oZBsGq,2014-02-13
2.4777,84-7528,phiEFz,2000-03-26
4.2672,45-0480,YpuANU,2005-05-26
2.7542,87-5237,TQIItS,1992-06-05
2.0537,89-1863,rNjYqX,2015-09-16
1.9436,78-0283,DtZlzA,2019-08-09
3.4715,91-2716,UXufFE,2013-03-20
3.0454,61-1540,rphUlj,2016-08-01
4.4683,52-0133,BuqRxN,2017-12-02
2.3642,93-9415,OHyZhn,2003-12-29
2.1634,93-9832,EEWHcr,2006-11-18
3.8313,50-7174,nKArnm,1998-08-16
3.5278,95-6816,JvVVgc,1993-12-29
1.4472,97-7320,UYAuSI,2007-06-18
2.9499,48-3723,YLldBO,1991-07-27
1.9495,58-4665,zSwqzq,1999-09-20
3.4611,97-2873,tMKshM,1990-12-31
4.2445,81-1243,SySyQY,1996-03-13
0.9192,75-3495,UAExAr,2017-03-25
4.4236,78-1852,DIktne,1990-05-01
2.9413,96-0889,Dgwzsb,2012-02-11
0.7639,77-7508,gRXrSl,1990-01-08
1.9794,99-5365,ZcQgTz,2011-08-23
1.9004,48-5242,TIkJcV,2019-08-13
0.8194,47-9504,NYrMMd,2007-06-30
4.5648,52-4503,nvEciD,2018-04-20
3.8993,93-0138,CjusQA,1996-04-11
4.9569,88-7350,DDmsEx,2012-01-10
4.1591,49-7260,fMBhQF,2020-11-09
3.7022,96-4238,FGDebL,2014-09-09
4.6238,58-4355,cxKDkd,2005-10-20
1.0916,69-8469,NJWYoX,1998-04-14
4.1210,87-9225,auClWf,2001-11-13
3.5122,68-9202,JuKiWT,2002-02-21
3.1766,98-3282,yImVGG,2008-05-24
3.9518,63-3135,HNWJEk,2019-08-20
4.9013,49-3745,DkyPUF,2020-10-05
3.4035,81-8832,mJlAyA,1993-01-30
1.0118,72-3294,jbFIQN,2017-01-15
3.9006,99-1492,GLTiGf,2017-02-28
4.3890,58-5723,PBhsVK,2013-08-22
0.9784,94-7808,rMJbNC,1998-12-28
1.6641,64-0780,nTeibu,1995-02-11
4.4352,44-5219,uMIryA,2020-04-15
0.8936,48-2944,QuvcaM,1999-08-28
1.2638,93-6211,Kzqqdq,2012-03-14
2.2305,82-0541,dlxbdM,2011-09-18
4.6436,97-5505,CMsDSB,1995-12-18
2.7840,61-8336,oxUEDK,2007-11-28
3.8392,71-7180,Xjgxdw,1990-12-01
3.4846,49-1459,rUvKfW,2009-06-19
2.9059,43-5807,tabsbk,1995-09-07
1.5210,48-9208,UHaERn,1997-09-22
4.2475,69-2676,PZZVeN,2013-09-01
0.8229,53-9873,IVSKpI,2005-08-20
1.3155,69-0066,WluBlP,1992-02-05
3.7028,60-2074,jhtwJk,2016-10-31
1.1252,55-0069,HNbyNa,2015-10-07
3.2122,84-2412,Lharlj,1993-07-17
4.3444,77-0576,uvHnxd,2019-04-21
4.0773,44-6345,JBuITF,2011-03-27
4.8889,80-7590,ontzro,1992-10-30
2.1434,56-5525,jgQLcY,1996-08-05
1.8949,53-5972,crfnpj,2012-07-09
3.1612,78-7200,CdppDX,1992-08-24
4.1483,66-3427,GWAkkV,1992-08-11
3.8551,72-1138,RHVDRM,1990-04-29
4.1293,44-2101,KERnEN,2013-04-29
4.5561,45-5678,WVCjkJ,2014-10-11
3.0438,58-5017,SLoIBs,1991-11-28
1.3259,70-4916,UCeWij,1995-03-08
0.9262,64-3975,KsExKS,2018-04-28
4.9566,79-5055,vmFvzU,2020-06-01
4.2142,52-8643,eYvngu,1995-02-02
0.8751,71-0197,MPElwa,2007-09-22
4.8938,88-3776,Keejmj,1992-04-17
1.0552,69-3775,kjhNkA,2016-02-21
3.8225,52-5921,QCQwvr,1994-08-13
3.1907,66-0184,pOwide,2012-10-06
0.7941,59-8204,JBhXdh,2006-04-11
4.9928,78-0850,KoFoRl,2006-10-31
1.5746,74-8867,ugsJsd,1999-06-05
3.8757,91-4162,rosRwB,2018-06-13
4.6494,79-4390,mHbcAA,2019-04-31
2.1667,65-7716,HwWSmT,2015-07-28
1.9082,93-4935,xjWWfp,2016-01-30
3.7156,90-7442,nagkRG,2007-03-14
3.4642,81-2242,Zdsafa,1993-05-08
0.9358,91-9521,yOXXfF,1991-11-03
3.1854,71-2922,gNrHCr,2007-12-20
2.5084,58-3194,faraoJ,1996-07-02
3.0969,92-9312,OKJwWz,2000-10-06
1.3239,78-4431,WJvYUo,2013-04-29
1.1725,84-7251,eiZAzX,2007-02-04
0.8717,52-9274,dVqBPj,1996-02-05
3.4181,70-1382,BqgjJM,1997-05-27
1.7288,92-2644,JmzOaj,1990-01-13
3.4541,78-7766,XGfmYJ,2020-06-18
3.9235,72-4727,qDLgBA,2019-12-01
3.3044,99-5948,FknqYv,2015-01-29
2.9892,55-4990,QfcvZO,2007-01-07
2.7534,75-7870,fzmjJV,2010-01-21
1.4292,52-5553,yTxNPa,2017-01-11
3.9814,63-7658,PTioWa,2019-03-21
3.6148,60-4073,fybvss,2005-04-06
3.5670,80-2887,dWWOoL,2008-12-05
2.5574,93-6693,anbQHp,2009-03-13
1.3113,72-4778,XbrCQZ,1997-12-03
0.9269,57-7810,NuujKY,2014-12-02
4.4872,49-6675,JjJQDH,1998-04-09
1.2253,48-1683,ThEgvr,2018-06-29
2.9751,70-7927,jlLDLu,1994-08-23
2.4926,60-3695,PFqAGQ,2008-10-03
1.7951,85-6604,MIFnJm,2013-05-29
4.0741,63-7836,qjjbHv,2002-07-09
4.9579,50-2946,jlvRTd,2004-08-10
1.5961,84-9787,NGBHRH,2008-09-13
3.5271,92-3961,PBRQvf,2000-01-03
0.8954,65-5211,MdCXOO,2006-11-14
3.6008,62-6110,ILMFhK,2001-05-27
1.1648,61-8646,uwjUCp,2002-09-02
3.6736,68-9423,crLRgz,2016-03-19
3.9139,47-1172,OioLgX,2011-10-19
2.9944,52-8850,ecpqDY,1990-07-20
3.6588,84-3386,YTaMiX,1994-12-30
3.6192,78-9407,ClFtPe,2016-06-06
4.6192,75-8157,gsbbPS,2015-01-31
4.0167,70-0945,WGOlum,2015-02-09
1.2292,73-7468,aYmwul,2005-12-26
1.1928,76-1895,ckDEdy,2015-04-05
3.4794,46-2198,vhIpAE,1999-09-09
3.4728,90-5566,IqPHOn,2017-06-02
2.7544,43-9800,zfYtOH,2013-05-02
4.4480,80-6521,hRpTQt,2013-03-03
1.9099,62-6556,OlWnus,1997-11-21
1.2847,99-3689,tkWWwG,2013-06-14
3.7650,56-1877,ofYCba,2000-08-25
4.9662,81-2882,EpgNIp,2007-09-18
4.7569,55-7281,wVkkZn,2010-07-20
2.5039,96-4964,kaWLSw,1994-04-18
2.2094,62-2286,oUVEgJ,2011-08-18
2.0491,74-3805,MSPdzo,2001-04-02
4.8893,61-5725,IKdRwF,1997-07-27
4.3799,65-3394,crObbG,2001-05-01
3.9610,85-7300,XocvVM,2001-01-24
2.5943,77-8354,RbCUPI,2016-06-04
4.4609,81-2893,uhKFKi,2018-09-08
3.8259,51-1565,AXZQyw,2016-07-30
3.3226,52-5445,xeeEYp,1999-11-21
2.5148,44-9143,lLcFQd,1991-02-01
3.0257,90-8325,mjRfKR,2014-08-11
4.3874,56-3540,VmvtYu,2017-05-30
1.0110,49-6206,DqZsSv,2020-03-20
2.0917,56-6999,cqtGTU,2009-05-25
3.0973,79-0315,PIRdiT,2008-03-03
1.4457,52-8594,EDxedq,2012-02-16
4.1551,84-2840,sqykKS,2012-04-31
1.3093,73-0396,teJKba,2011-01-16
2.0407,82-8085,EVaZPc,2000-07-17
1.1889,92-3841,YaWhib,2006-01-31
2.8261,65-2980,mKdrGW,2011-06-08
1.3795,69-5647,ffvMhi,2012-12-05
3.9291,85-8717,QQFJWy,2018-08-10
1.3830,80-4401,VPXvPx,2005-12-03
2.0494,44-3841,hppllL,2017-03-28
3.8627,82-8910,DfToBq,1996-11-17
3.0213,69-1692,cIQdSG,1991-10-19
1.6314,82-5392,qvghOv,2002-04-09
1.7176,68-7130,YPubsD,2000-06-17
1.3481,54-9208,FFoZnA,2010-04-16
1.0320,54-3040,cvLEsD,1995-06-14
3.0161,66-5896,MPJJfC,1993-09-26
2.3241,79-6636,UJYFCu,2020-11-24
3.8786,62-9483,xUniht,1995-12-11
3.8223,88-3574,nXcTpV,2007-12-03
1.5221,49-9989,JQEWqK,2007-07-18
2.3656,91-4414,uMjtZC,2015-09-10
3.3049,52-6596,ZfLRBF,1990-05-21
3.0331,59-0102,PJoTBe,2004-11-13
2.2366,63-8372,BqKNcJ,2003-04-22
3.4766,44-7094,lpsVhW,1997-01-23
0.9127,56-1931,XKHsrK,2014-04-13
1.9839,54-8755,frSAPt,2018-04-29
4.1226,84-2012,gBlVRW,2018-03-09
4.6083,99-5226,ASHaum,2000-04-24
4.6868,89-3115,SpkgEp,1996-04-14
4.1708,77-1921,sntSiZ,2020-10-20
2.6500,84-7805,guRlVs,2019-09-17
1.1566,79-3934,xGDgce,1998-05-28
1.1559,65-2083,CprPsR,2013-11-09
3.4103,44-9731,KBEebp,2000-04-04
4.5199,46-0248,JXwLAb,2009-06-27
4.6838,53-8619,xivqCM,1995-08-09
4.3936,62-6358,VkfVCH,2017-05-19
3.8936,90-3139,dZEuBU,2012-06-05
3.3917,74-7015,FCzfIx,1997-01-13
4.1561,71-7308,ZENJKI,1992-05-28
4.1398,64-6278,XNyLVJ,2018-11-05
0.8264,54-5153,MwxHCu,2016-11-24
1.1288,88-4753,EauJyL,1990-07-05
4.2688,91-2068,pYkRCK,1995-06-09
2.7714,93-1334,GDCRHT,2018-08-18
4.8302,57-4940,KRtGWt,2016-02-18
1.9867,65-5280,pndYKN,1997-03-18
4.0979,53-5233,jvPwCK,2005-02-10
1.4594,63-1475,webzqO,2014-02-20
4.2551,64-3391,EQALjD,2014-03-23
1.9629,78-5530,TUqQKj,2020-09-29
4.0732,90-3327,aVEOvt,2008-03-04
1.2208,54-4627,NIrUXa,2007-04-11
0.9781,86-0676,jDmVPi,2013-05-09
3.8460,63-5778,ZBvdxM,2015-04-15
4.4940,46-3704,ycOfTC,2003-07-04
3.4371,86-3817,aIiudp,2003-06-18
4.2805,59-1959,fKFiaJ,1994-04-08
1.1562,51-2720,uYmLJD,2010-03-01
4.5287,68-4772,AOIZEN,2017-01-19
4.6779,96-1753,SdllHy,2002-11-03
4.9016,99-2934,SiWsAe,1997-03-30
2.3763,63-4581,oLXTDU,1993-12-10
2.8815,47-0572,alZxGN,1990-11-26
3.8061,95-5822,QrSlog,1993-11-26
2.7115,55-3107,sDxVIM,2009-03-03
0.7889,44-0795,GbpBHM,2009-12-15
0.9964,87-2977,EHHNBT,2018-11-29
3.3931,77-6137,yeSzms,2003-10-08
0.9114,69-6438,bJLFnv,2006-07-17
4.3409,64-4109,fmcFPe,1999-06-21
3.9353,47-3769,PCqbnC,1998-01-02
3.9902,79-1351,TlJqdN,2007-03-17
3.0551,91-6672,xLCZHz,2010-08-15
2.2466,82-5726,EGqMhb,1996-08-29
0.7777,69-2802,ofAboU,2003-09-10
1.2946,81-7388,XdtBwu,1995-07-31
3.9951,61-0075,BTtqHU,2003-06-03
4.4741,49-6219,dGFUkt,2005-06-03
4.9208,88-3379,rJhsZB,2003-08-13
4.8232,93-1187,CqXcCF,1994-09-19
2.5809,83-7913,wqGors,2017-08-22
1.7370,90-8368,TyqPBS,1994-02-10
1.1409,51-3708,avKRWh,2013-01-20
2.0911,49-5509,jlaVAj,1999-01-28
1.8593,87-8965,bWNKZb,2002-07-28
2.0286,62-8301,iXdwcM,2006-12-04
2.6413,74-9163,cDTKVf,1994-07-18
2.9365,56-5171,vOpmza,1991-09-13
0.7595,99-6182,AJMXBR,2012-05-16
3.2361,75-4650,JvFXHz,2001-01-06
3.9015,56-7009,jFmwRc,1998-12-05
0.8531,70-3269,yZGCAi,2004-06-21
2.7324,46-3623,eOYQNs,1999-04-17
3.3639,85-4016,iMIQDH,2009-12-27
1.8293,48-5458,YMXgmM,1997-10-11
2.0408,96-8209,RjracC,2015-06-06
2.3293,65-0241,SVIgJJ,2011-07-13
3.0272,90-5002,ihdoop,1993-08-04
2.8510,72-1964,VlyCat,1992-02-10
4.0173,87-5119,wWcOrS,2001-12-01
2.7120,74-2462,cQbHZv,2000-10-12
4.4343,56-1322,sMTByx,2019-11-07
4.8140,77-7468,HSdzZf,2019-06-04
1.3275,50-0942,sNMlxQ,2013-05-04
4.1024,92-3274,nHozjQ,1996-02-13
3.8231,59-4328,UfvBNQ,2001-02-27
1.4216,61-1648,RXEBOD,2020-09-30
1.1490,45-3265,qGisMQ,1997-06-30
2.1786,90-1785,UNIiAu,1997-10-28
4.7433,81-5868,niHKHn,1996-04-02
4.0710,68-7764,GyUnQV,2016-07-21
3.3723,93-3701,aYbXsU,2007-12-31
2.1711,80-6249,EXuPMD,2015-01-28
4.9854,76-8746,DCvZqr,2012-11-24
3.1838,58-6568,mjKcnr,2000-09-21
2.2100,69-7597,YGQQuF,2006-04-08
1.1850,69-0564,Agulxi,1994-04-26
0.8654,44-5843,nKOaBu,2013-07-19
3.8921,71-2105,rtFSxS,2020-04-14
2.5307,89-4810,QuXRra,2001-09-08
2.8230,53-0251,gHiatm,2004-11-18
1.2441,56-7955,KhrYxS,1994-03-20
1.7249,50-2990,sMViaD,2005-12-05
2.4176,84-9605,CWdcci,1991-09-24
3.5014,69-3536,TyOUWl,2008-03-17
2.3409,90-8601,CzuhIO,2010-06-22
2.0333,78-7559,VZUpFu,1997-09-07
3.4563,99-8160,Aomllo,2004-04-26
3.1346,75-0154,HExYTw,2012-08-13
0.9167,95-6830,nIfcJq,2013-01-17
3.4901,94-1204,SSRrEF,1999-03-02
3.9014,94-3498,esBmJw,2005-07-18
4.0381,70-0136,HkXwcb,1998-01-26
0.9807,46-3333,QQMnPh,1998-11-13
1.2680,78-2839,IqcMwN,2004-02-10
0.8154,95-7957,WjtFOz,1990-06-06
2.5194,56-4682,fNqYQj,2002-01-04
0.7998,44-7283,vLhruZ,2010-11-11
1.9080,76-2483,LsTiHM,2013-11-05
2.8269,96-6818,YWMkWT,1997-06-23
2.8345,74-0532,JjlFWm,2012-12-24
3.5955,85-3875,TfBlSN,2005-10-21
3.3289,65-0882,XPFMfq,2015-12-13
2.5920,55-7951,gaIcLD,2011-08-28
2.4115,57-6786,odjvol,2019-08-27
2.2379,81-8347,OUaNAn,1991-02-22
0.9339,57-0259,KsCIYZ,1991-04-16
1.0332,57-7449,GHmUNP,2008-11-29
4.6097,84-8396,xLuhGX,1995-05-21
1.8694,60-8438,zSrNAD,2000-03-28
2.5551,61-4053,NwUEAz,1997-09-19
3.9663,84-0213,bfxJlo,2011-09-10
1.6219,51-6175,mBMDyK,2008-05-13
3.0925,81-4075,chTBRB,2002-03-23
1.8930,74-6918,TWeDTy,2002-12-22
2.0598,58-1365,TbdwvC,1992-01-28
4.9798,74-1596,ATXxUg,2004-01-14
4.9794,60-0638,pDFvFR,2000-08-02
4.2058,56-2624,cRImuL,2015-03-17
4.9204,83-3419,QuMebg,2013-10-27
3.5546,72-6392,yMFnMv,1999-04-21
3.3823,48-5680,FoFPJb,2018-10-15
1.6141,53-4059,ypYiqm,2001-11-16
1.8280,67-7709,fikLeY,1993-05-03
1.0762,44-9691,PxMJgB,2009-04-01
1.6425,76-7173,CZiKZK,2006-08-06
2.4609,99-0015,pWqaxj,2016-01-14
1.3196,44-4900,qBYYtn,1997-01-17
1.4310,60-0809,LASrAF,2010-11-19
3.4272,78-5399,HJXrAf,2006-05-19
3.0524,90-3844,IUqFNb,1999-12-17
0.9868,70-7610,jwNnnu,2002-03-17
2.9866,68-6840,pZpSVH,1991-04-18
1.4205,55-9320,EBvncV,2019-03-13
0.7697,71-2262,qIvfCr,1992-08-23
1.8744,95-6891,iTtKYE,1990-12-18
1.3751,45-8822,uMszgY,2001-12-02
1.9836,99-1093,KtPUWW,2003-11-17
0.7103,60-3616,gysQMm,1995-06-24
4.4242,84-9642,YmxEiY,2014-02-01
4.0048,63-2070,OehVrN,2010-04-05
2.8292,71-6782,TsKTJm,2011-09-24
4.7332,50-4132,tKpqTF,2014-05-11
3.7757,75-6606,uAQjKo,1994-12-29
2.0793,76-9485,gIRpmX,1999-01-06
1.6851,92-8521,STScfE,1990-12-09
1.4621,81-6908,BuywqX,2002-08-29
3.9739,67-0778,FQRQOQ,2004-06-09
3.5196,59-7674,OMlBdp,2002-03-14
0.7382,62-8068,cpllNZ,2019-08-23
3.5504,65-7611,CXgXXg,2009-09-13
3.7500,70-1136,XrULQX,2015-10-19
3.5227,45-8777,aKxoDj,2007-07-04
0.7945,51-6764,ufnTvi,2006-06-25
3.8585,62-6972,GzuwJT,1996-12-09
4.7988,77-9593,iRVttj,2010-07-12
3.9699,53-7457,Nspkof,2005-06-29
1.8373,45-8868,qIgMth,2005-06-06
0.7423,62-2476,NZVlKF,2002-11-26
4.3105,66-2620,DYugSZ,2013-09-12
4.1716,83-2462,UAQSVw,2017-11-09
2.0201,64-3705,yUWKsg,2003-11-30
2.0678,44-0882,Bdvlwu,1992-12-27
2.1043,66-2952,EIOLJG,2011-09-02
3.7129,93-9188,CrHDgM,2007-01-22
4.9181,71-8432,PApoae,2020-06-29
0.9842,87-2524,NXZCYe,1996-12-29
0.8373,69-8738,cIxUlr,2009-05-08
3.7502,90-8485,sZHXGq,2008-03-07
1.6610,48-2310,lVFEOg,1995-05-26
1.9603,98-2717,JoFmBE,2016-11-13
3.4964,90-7512,uZiepe,2014-05-23
1.7580,76-3793,OuEBkM,2000-09-01
4.8179,68-9291,fZysSU,2008-03-20
3.3961,62-4885,uxcZeq,2006-05-16
3.5767,81-1844,keQwOB,2004-08-27
4.0385,52-1133,KovGaL,2011-06-13
1.2564,95-3508,lGlGTg,1995-01-31
4.6648,60-0219,rQXcie,2016-08-14
1.1567,43-8416,lGgFvR,2007-09-03
3.1980,47-6795,wJCYti,2001-03-19
2.1926,49-4133,VUaeIn,1999-03-13
4.2042,79-5643,FhCSpd,1997-03-26
4.5284,44-0829,ToaUDp,2002-05-13
3.7806,84-2373,MhwiAe,2012-03-06
1.0667,48-8583,jhKwgk,2003-08-14
2.1664,48-8574,LnlvRx,1991-04-06
3.0796,69-4604,bRHbBe,2016-02-26
2.5481,77-6388,ReQBYA,2007-08-23
0.7018,79-4342,cXkkxg,1998-12-30
3.4464,89-4259,MkBlAx,2012-08-28
1.2238,43-1773,xIiFaq,2000-02-17
1.3742,96-7337,wuuvrN,2012-04-29
4.2166,49-6696,jqzcbR,1999-10-13
4.2843,88-0035,PozFcs,2009-01-22
2.2147,94-0871,ryoIDH,1993-08-16
1.0149,63-1571,fiKLum,2005-10-30
4.4836,69-9032,NmyqFN,1998-09-22
4.4567,57-9348,uGAgnh,2006-03-18
4.3911,73-6435,oLEazi,2016-12-31
2.4983,92-0793,pIXEsc,2003-08-22
3.1091,59-1291,hJAKmH,1994-12-24
2.6826,89-6404,VJRHYq,1994-09-19
2.6743,71-6776,xdikTY,2019-02-08
1.0684,96-7377,pSpNvC,2012-07-01
1.8734,79-7965,IIGWlV,2009-07-04
4.3731,72-1546,eiPVpR,2005-02-11
3.7668,72-2997,QjnfDk,2018-08-13
1.0517,81-3840,ujOSnM,2006-11-06
4.5786,66-0963,MVPKHi,2007-04-19
2.5907,78-1161,bSKIkZ,2002-02-24
4.2227,52-1746,ctzOQo,2000-07-24
1.0536,50-2330,VRqqti,1998-01-22
1.4705,66-0736,mcQPnZ,2005-11-13
1.9849,59-6636,ACIVPf,2020-03-07
3.2476,84-0327,McHLoD,1999-02-01
4.9851,63-1854,yNSsPF,2002-05-31
2.6078,73-3854,edCcUk,2016-06-24
1.1405,90-9323,xwktLy,1990-04-08
4.1796,50-1789,CDOodd,2020-10-15
4.6644,53-4427,ZaDxDt,2020-10-30
3.8128,88-5114,vrjPvW,2002-01-29
3.5861,52-5423,ikqqwg,2015-04-14
4.5019,71-8132,EnXnup,2000-09-23
2.9938,89-0025,wyAviY,2006-01-09
1.4980,91-6727,pxGpcS,2005-06-16
2.4731,93-3283,fhfXaS,2014-06-11
2.0162,93-4091,mwmLno,2020-04-28
4.0767,88-9226,amOnLx,2020-12-29
2.6365,99-2882,atdhBz,1999-03-22
3.1670,88-9743,PUxZbU,1991-07-20
1.3992,61-1011,luamYD,2002-11-09
1.7749,68-2438,eJEoFc,1991-09-31
3.4342,90-5202,tRUizm,2003-06-05
3.2295,91-1618,JVCqSf,1992-04-26
0.7908,85-0945,rXmjil,1999-03-06
2.1984,96-2685,MluvlB,1990-02-10
0.8116,64-8874,YvPXcC,2008-06-14
4.0776,65-7025,qcmGuF,2007-02-11
0.9932,73-2778,npDGWi,1992-10-23
4.8875,65-4977,FEXXMi,1990-12-09
3.4085,85-0117,XnmtXI,1998-08-10
1.9759,60-5341,JXktvB,1991-12-23
4.2756,62-7571,Xlxkdu,2013-08-09
0.7851,96-0638,vuZDFw,2012-08-16
1.3831,85-7913,gjnoSV,2013-12-31
2.2421,80-9915,SaJqee,1994-11-07
1.8035,94-6846,MxNqlJ,2001-02-09
1.6360,83-2249,ZOdcGK,2009-04-21
3.6716,84-2238,GkiIbe,1993-06-06
2.4389,95-1489,DyANKF,1998-05-03
2.1480,53-8062,DwiLZJ,2010-08-14
3.6753,67-0473,KfqJct,2015-12-03
2.0924,61-1746,SyeMOy,2002-12-22
0.9915,82-8212,HJQxvI,1991-05-07
4.6323,90-4673,qQMQyH,1995-04-05
2.7530,70-2429,FfqGaR,2020-05-15
1.3722,54-9891,CdEpJG,2003-04-04
3.1603,80-4837,OeYfxX,2016-01-19
4.3947,90-3264,UxKGwX,2016-01-12
1.8108,47-4175,QVVDli,2019-11-11
2.3563,78-5303,WTqSEt,2012-12-22
4.0293,78-6034,MDvDAA,2000-09-27
1.0519,85-1648,IVOueE,2017-01-03
2.9819,43-5664,hNJTlM,2020-07-10
3.9927,79-9821,TueTXb,2006-03-27
4.8139,81-5904,voEkpe,1992-10-18
1.8030,92-6665,ZfiFhK,1999-03-19
1.1147,89-4121,NUvgwk,2018-01-31
1.3787,98-7808,XbmxTI,2006-04-04
3.1003,45-5468,ZoYDde,2019-08-28
3.7227,76-8811,QZjQWk,1992-08-31
2.1195,83-5442,fVSCfQ,1991-01-26
2.9471,61-5886,QbITYJ,1996-11-01
1.5316,44-8934,IbmuMi,2000-09-08
3.6004,92-7929,XzNIyx,1990-02-16
4.3521,53-8394,ZaskST,2001-01-07
2.4613,99-1024,fFqWnh,1996-07-06
3.9781,70-5791,ypCXMF,1993-04-01
4.3808,49-1426,luQgEX,1996-11-30
4.0319,92-8496,AgzapQ,1995-07-08
4.4232,52-9103,JNxaaN,2000-02-23
4.9410,70-2108,nQxPYV,2010-04-26
4.7158,80-9772,rYMmVb,2017-09-04
3.9027,69-7636,GecHNB,1990-06-23
0.7550,70-5568,olqfjm,1999-09-04
3.6722,76-0524,wMmnJn,2018-08-08
3.8939,77-1569,tQElmS,2014-07-31
2.1682,48-9446,oweGqq,2005-08-09
4.1262,54-4233,owsTtt,2001-09-26
2.0954,78-7667,KoXypd,2014-03-24
2.3347,74-9567,FYKvxh,2002-06-31
3.0091,45-0408,LVAzkQ,1995-09-13
4.9074,65-8563,oKskqd,2015-01-12
1.8918,75-1145,htKQLR,1996-10-29
0.8615,46-4446,eZmMZW,2001-10-03
3.1243,65-2169,Ptkots,2019-09-22
1.1888,96-5181,HFFYeo,2016-07-04
4.1352,74-3106,zOBHCP,2020-05-04
2.3203,84-2823,adVYnk,2013-05-29
4.2092,68-7534,FQNafU,2014-12-22
1.6426,52-2140,mWseKl,2014-02-09
2.8421,60-4984,MYqWsS,1997-04-25
2.1611,53-1097,iNvaVw,2019-06-18
2.4354,82-4647,ZCRiSu,1998-07-01
2.6546,43-7589,NgpPLI,1994-11-12
2.1861,82-3451,sjMOeU,1991-06-27
2.4366,78-1807,PTACAn,2017-10-20
4.8945,62-2185,qfxvoj,1996-10-05
2.9608,88-6831,YxsiAu,2008-04-03
3.7415,59-4183,ebJEwf,2014-09-05
2.7733,59-2418,BfIPeM,2009-12-30
1.8389,59-7704,DzKyZD,1998-09-28
4.7227,92-0217,oxRErz,2011-11-01
4.0138,93-1371,FRWwbK,1991-05-14
2.8892,91-7922,wsricI,1998-06-16
4.0470,78-1652,PImQyb,1998-01-07
3.5806,46-7856,HxgKDQ,2008-01-15
1.2765,93-1163,sYOprd,1993-03-08
1.1754,66-3364,TMHbLy,2017-10-24
1.0369,94-8252,QSfsrM,2011-02-17
1.6394,54-7399,cuBTxo,1994-04-19
2.8917,61-2282,RidlgX,2004-09-25
1.9805,52-4654,RnvyTb,1990-12-12
1.6585,55-0451,sAOZHU,2017-01-10
3.8496,90-7204,HiQwEX,2018-01-17
3.3792,95-0014,CVemnx,2002-03-07
3.8849,69-9790,EKhbfX,1993-04-18
3.9792,47-1102,SWAMsf,2015-12-29
4.7394,79-9983,yenscM,2019-12-27
3.0130,89-8412,yizVSO,2016-02-06
1.5611,81-1961,vPFtPZ,2016-03-29
0.9799,95-4609,DGtAck,2001-03-05
1.1400,83-7731,rgqarZ,2013-04-31
1.8913,79-3594,GeZLUn,1990-11-14
2.8979,44-3187,PlSaUE,1992-06-05
3.9829,44-3358,LfgAkB,2003-12-14
2.5558,70-8549,vcALTi,1998-12-08
2.7260,96-1530,tbRCwv,2018-05-30
3.1937,93-0698,zBqrkU,2007-06-02
2.6048,68-7207,ctmTKq,1997-07-12
4.8481,85-2033,GucqIx,2017-04-09
3.0852,46-7598,SPANdY,2010-08-07
2.6734,52-9526,wknFsH,2006-08-17
3.1125,46-4726,xHjZIF,2004-03-18
0.8955,92-6932,mkVJSB,1999-12-01
1.9850,60-5301,cXAStR,2010-12-07
1.3240,58-0417,NSLXFG,1995-11-25
3.5669,74-0976,ykwtre,1997-06-20
4.2472,90-8048,CdlUFg,1990-09-28
2.1595,78-9832,EIbjXs,2017-06-24
1.8794,85-6114,HGRjph,2012-01-05
4.8754,55-5742,fVUKSa,2000-12-12
1.1162,69-5346,ELzrpf,2005-11-30
3.4270,86-6036,ZYTbuV,2001-02-08
0.7274,74-6017,iZLbtu,2020-12-12
4.8233,45-8482,ggDBCM,2017-02-19
4.2779,62-0510,hciofJ,2010-08-05
1.4743,98-7555,CiREMg,2014-12-31
1.4904,99-4033,vOkIEd,2014-06-30
3.8050,75-8876,fmSwLi,2014-07-15
4.0968,91-1131,bWdiJX,2001-05-06
1.0587,77-6428,ZDSmHd,2015-01-31
1.0068,76-9608,aQfckL,1994-07-21
4.4290,95-5167,ENQPgU,1996-10-27
3.1241,96-2887,iYXAnz,2013-05-11
2.4012,46-0648,YDplMQ,1992-05-22
1.7541,72-9974,GtVLLU,1993-05-27
1.6549,55-9266,NFPfrB,2009-01-30
4.2761,77-0494,irsvpF,2020-10-31
4.5390,46-5264,pujueD,2007-07-11
3.1781,56-6705,YoShvM,1999-02-03
2.0842,69-3300,WPCuoK,1992-12-18
1.6568,45-7752,rTeCbq,2011-01-04
2.9481,90-3563,JMmpqr,1995-08-16
2.2121,62-4027,UNONwv,1996-08-25
3.5360,50-4350,vSOalb,2020-02-19
1.9068,53-2258,bGcqHK,1991-09-15
1.7324,54-8828,ySbNVm,1996-04-17
3.0127,55-4314,KypAsA,2016-10-13
1.1919,97-8870,aQkuko,2010-12-25
3.9838,70-3436,PUhftD,1997-11-17
0.8021,62-6033,WUIlCo,2005-03-02
4.3914,91-3013,jRQwuL,2019-09-31
4.2436,52-7062,rwFeHJ,2002-05-05
3.7058,76-1980,LqKBAz,2018-11-20
2.7837,94-5593,UItiqJ,2001-10-09
0.7526,87-9940,FUBwtA,2002-05-12
1.1376,51-4891,EpuVRD,2005-07-31
4.7900,66-7049,hCzhRa,2007-03-15
2.1559,95-9827,RIKtRj,1991-08-05
1.8693,73-8634,tRbbvF,2014-03-19
3.4241,77-7342,JmyTgm,2019-05-26
2.2041,54-3008,UOKiBP,2013-05-31
2.8773,94-9039,sTxdBl,1990-04-02
3.3195,88-5111,dgpgHw,1999-08-29
2.6519,89-2694,aggNom,2011-05-11
2.2296,99-6942,oNXvUt,2011-12-19
1.6786,48-0344,uRmgMs,2020-02-24
1.8893,78-5284,apGERd,1997-06-26
4.5859,43-0647,nYtvpA,2005-10-17
2.6035,52-1701,EvHkyf,2003-04-15
4.4833,73-9427,lGjacn,1995-11-29
0.8086,86-0360,NgJoVP,2015-07-08
4.8984,56-2443,zqtohZ,2002-07-04
1.2333,53-7901,ewYsVO,2004-07-05
4.2677,50-1074,WoKVHp,1999-02-27
4.8192,62-5487,HgpjGy,2019-10-31
1.2152,87-5078,UEIpyD,2000-02-08
4.0850,72-9012,GxDCqk,2003-03-18
3.9283,52-1355,PuQhYM,1999-08-22
3.5170,66-8664,acWrZs,2007-10-05
2.4741,60-5763,MNnFyX,2000-02-03
1.5898,65-8572,NpMqOi,1999-12-08
2.6441,68-6501,YYdjcJ,1999-10-27
3.7359,62-2099,jfkiYD,2003-10-22
3.0597,47-9675,msJeGx,2006-07-19
4.2338,54-4145,ErJixA,2016-05-24
0.8941,61-1401,AOrpxr,2010-07-25
3.2670,50-4920,FMQFek,2012-04-29
3.7124,88-2404,FYCYMs,2012-04-10
3.8764,69-9218,kficma,2004-01-31
4.7256,97-0321,IiQefc,1998-02-16
1.6622,49-5419,QMPkPp,2017-11-04
4.1376,86-2767,mrkNOL,1996-11-06
4.7594,66-6351,gggSbp,2000-07-06
2.2984,51-0329,moEMcW,2007-03-25
1.4220,79-2893,ffvZHC,2016-11-06
4.0925,71-0902,utqSir,2018-03-20
4.3442,66-4417,NjLeux,2004-05-04
2.4496,80-4821,QbVmtW,2010-12-19
1.0496,84-6149,PNxMGv,2003-11-08
0.9583,62-1364,iodQGp,1999-11-17
4.0662,47-3865,kftoxQ,1992-12-17
1.8829,69-9228,qmeLIt,2009-12-15
0.7843,76-0723,rnDsZB,1998-08-19
4.6194,99-2379,bBkSaF,1999-02-23
1.0583,72-1554,gjdZZX,2005-11-24
4.8365,62-1199,ZBsPKY,1995-07-10
2.1268,54-3564,RevPEF,2004-10-20
2.5961,73-7283,TFMHfD,1999-06-29
2.3739,83-1789,dxWHNI,2012-06-12
2.0367,85-5858,JXtZGO,2018-03-22
2.2862,99-0757,eXIdGx,2019-03-11
4.0286,80-4556,VJVoUi,2015-07-24
4.8645,51-3238,EvXrKp,2005-02-18
4.8656,44-0339,gjVhCW,1992-10-17
0.8104,67-2396,CruWSL,2019-02-01
1.5260,82-5431,Hgysqd,1992-06-22
0.8858,45-2712,jVDQzL,1990-04-21
1.2577,77-3888,edoUqJ,2005-01-25
4.4757,45-9743,ggxkvt,2010-07-11
1.4470,85-7863,nIQquA,2004-05-19
1.1100,55-1826,DpXntE,2004-05-18
2.8381,45-6984,LADuKP,2005-10-16
4.3069,95-1852,RcCklF,2003-03-10
3.6474,95-3822,ghmdzV,1994-12-12
1.1912,44-9348,TDSTTn,2007-09-21
4.9308,73-3615,KFWLnf,2003-09-28
2.4878,76-3601,KCiwmE,2008-02-10
1.7313,63-1870,RWLgeO,1994-12-28
2.5232,90-9272,PqmSGF,2017-02-08
1.3705,51-8983,sQCanh,2009-07-07
3.1725,56-6757,QIDeHf,2020-10-18
2.2668,99-9976,AGldSo,1996-08-14
4.5598,81-8750,ntqIDj,2004-01-23
1.2591,90-8554,rehLiL,1995-09-15
2.4273,64-4099,PLQKbA,2000-02-04
3.4263,81-2616,uAUyah,1996-06-26
3.1622,54-6894,BhRDuQ,1998-02-02
1.2025,70-6500,zoxkwv,2017-12-06
1.9923,92-1296,ZMQGEj,2009-08-05
2.0456,84-1032,SDzLdk,2005-04-19
4.4413,54-0932,YrtJFk,2002-01-30
1.5648,82-0004,PohlLG,1995-06-02
1.0186,55-9171,zSVBqL,2015-05-19
1.7821,56-9290,CDlbCS,1997-11-29
3.4495,79-6004,ZtFWYN,1995-09-09
1.3291,94-6317,KKlHpu,2013-06-03
2.8734,43-1707,LDGxYo,2015-03-22
4.8030,90-9463,mqblPD,2015-11-15
2.2049,66-0981,dLfwxq,1992-07-11
1.0548,71-0321,YtagzQ,1996-01-22
4.2514,60-6909,wrdqHj,1992-08-07
2.8984,95-8086,pocJRq,2009-04-12
1.7051,55-8945,coyYvd,2016-10-19
4.2601,65-9852,GjOCDr,2000-10-20
3.9186,45-2573,fuoITu,2006-04-03
2.9733,79-6987,Ccvwem,1990-02-06
2.5264,96-8240,XXMwUu,2016-01-18
1.8048,78-0298,lGHDTI,2005-11-28
1.9210,62-7751,Qiomcn,2003-06-11
2.5079,64-5839,NuLiWK,2006-06-12
4.7989,71-4169,MLwWeS,2005-02-07
2.2249,99-6677,RWFRDB,2009-04-30
2.5109,91-6672,dXNSXF,2003-03-29
3.1310,54-7961,JELNjG,2004-11-07
4.2390,85-5189,HPNRyN,2012-10-26
4.2547,54-2706,cKSqcV,1993-01-04
4.6052,76-3033,NYZBfT,1994-11-30
2.0342,50-2071,nTnoGg,2009-02-01
1.8500,81-3891,jeflnt,2016-01-19
3.3978,49-7293,ZcnYJN,2014-12-18
2.3392,94-2330,cKFjna,1998-10-10
4.4699,78-6591,bFsftR,1999-11-31
3.3571,99-4068,kfDjhi,2006-05-12
0.9352,49-5219,ieNvps,2016-10-20
3.7096,58-8526,knVzie,1997-04-27
3.4668,90-0397,hWMpal,1991-02-18
2.0187,69-0271,tYnalj,2009-01-03
4.8234,76-5927,jHeYhx,2019-09-04
4.3100,63-0527,WxBXvt,2014-08-31
2.2670,64-0048,UKbymH,2015-03-09
1.6231,78-9935,KVaOzX,1990-09-16
2.6619,43-9384,ODSZfz,2017-03-18
1.6693,91-4587,YixqSh,2002-06-25
3.1101,50-5515,fooiIK,2011-06-16
3.5925,50-0655,GubcoJ,2007-06-31
1.6289,86-5207,KJLftP,1999-01-28
4.1962,90-5800,lMmzSn,2006-07-27
3.8278,70-0736,vyYbcu,2002-11-26
3.7979,84-1175,XyXnBa,2010-10-23
0.9321,47-5541,HvvWPU,2018-11-08
4.6876,76-0582,iUvpKC,2008-05-09
3.1327,48-6338,dCUzYr,2013-12-29
1.5123,88-1391,uvwrak,2016-03-03
4.8880,70-9854,qhIMsL,2009-08-06
1.2382,73-3199,koDonK,1996-10-21
3.9240,47-3353,lISUWQ,2015-12-30
4.7921,75-2391,XKeqit,1992-11-02
0.9077,52-8376,dXbfvb,1997-06-20
2.4387,97-3122,EkjSPj,2018-06-17
4.9759,91-0320,MOdHnn,2016-04-22
3.4590,56-3418,SzPKHA,2007-02-01
2.3110,84-9457,QBCyyT,2003-06-15
0.8049,85-4846,ZuvPAr,1993-03-25
3.6266,45-0085,jLVtva,2005-05-29
1.7449,47-3486,AQzMnO,2020-02-19
4.9806,70-2908,pBtEhr,2002-02-08
2.9084,47-8463,KeBKVT,2018-09-30
3.1759,50-4501,Znvqti,2012-11-07
1.7958,51-1047,oysnfi,2004-09-21
0.9728,44-4440,xbWqbJ,1999-11-25
3.9368,70-6573,TAIjDF,1998-04-05
3.1535,60-9172,RcfSNz,1993-06-16
2.7710,84-7299,hAmFML,1993-11-18
2.3015,98-9246,bChnle,2006-10-18
4.3194,85-1733,JYfIgK,2009-09-31
1.9027,97-2332,TYuyVR,1996-02-11
1.4215,83-6106,Ogztqh,1990-06-23
3.4004,97-5490,pbDUBK,2008-08-18
1.0731,53-0265,FoUIVJ,1998-08-30
3.2818,94-8327,IRhlNX,1994-03-04
2.9301,59-2952,zJZEXA,2020-06-11
4.7702,78-8794,WpfZLi,2000-07-23
2.0235,87-3645,GpBPKc,2018-08-29
4.4330,54-6928,RwoEgG,1995-11-06
0.7483,59-9153,KFmKuW,1999-09-24
2.0776,45-0036,EgMNUI,2019-12-29
0.8819,87-7369,svATLV,2001-10-01
1.2320,55-6898,hVHWbh,2000-11-13
3.2129,60-1116,QdVpMp,1991-06-26
4.7784,90-6394,tPcFVz,2016-11-31
1.3109,48-6689,pXJNhK,2002-12-10
3.2614,88-6498,IdKQBp,2019-06-24
4.9886,64-3163,zuvAwj,2004-12-23
1.9312,75-0069,loHYnh,2010-06-17
4.0587,44-6237,hzRvUu,2004-07-02
1.2094,89-7732,FPWUMa,2013-02-04
2.1516,61-5080,CPwynf,2007-11-04
4.5905,84-5674,heXTTN,2007-12-24
1.1192,99-9974,bNGFoI,2010-11-04
2.6510,59-3388,QYOVYd,2007-03-31
2.4927,69-2868,ujwGbw,2000-10-04
3.6430,93-2276,KQxnnW,2007-04-11
3.1787,84-4798,OAxbgA,1993-03-14
4.0339,86-9259,lgAqBP,2013-12-09
3.7559,90-3401,HwHtNp,1999-11-06
4.5781,47-5291,cXuzaG,1990-12-30
2.1816,83-9248,YYZWLY,2002-11-07
1.7377,77-4324,xpoqyz,2000-06-10
2.6369,52-6362,vgXlyk,2006-09-31
0.8628,62-4496,aayJlx,2016-08-01
1.1901,69-0458,hbveAz,2009-06-20
2.5424,64-4474,OHEyuN,2010-09-08
1.7712,44-3246,xejjeq,2002-12-22
2.2682,92-8866,wDAQaR,1991-07-29
2.5718,55-7429,hxMWjm,2019-06-26
2.0872,99-6730,isLTtX,1993-09-17
3.5079,90-7664,nxKQXc,2013-10-10
4.2846,57-6940,CJSOSt,2000-11-25
4.2698,59-7956,kqhjAT,2008-10-18
0.7117,69-3163,EUjcnM,2018-12-01
2.7950,92-9561,ExFbrl,1991-04-07
3.1124,96-4298,AIKJpr,1994-08-08
2.6904,73-2649,ShoeFL,1996-09-22
3.2532,87-7211,qEMkLt,2020-01-22
2.9765,49-6708,cgxllE,1998-03-05
2.7646,71-5206,dlrQTh,1999-04-18
4.3139,95-1593,pnzSol,2012-03-07
1.3466,97-7249,sVBfpd,2010-05-05
4.1573,92-7279,YzIWbn,2004-08-21
2.6603,73-7435,tYQYwP,1998-02-24
0.8197,96-3551,JgJymW,2008-12-29
1.5269,95-9607,eIFKsc,1992-04-20
1.8088,60-2466,TAxlTC,2002-02-16
3.2208,81-0679,PjWBRC,2020-04-07
1.8208,62-3846,JluzaL,1993-12-02
2.6082,51-6588,xmLGSu,2010-12-20
2.5491,92-2412,EsAAUA,2007-09-24
3.1620,96-8671,QevtaN,1996-04-11
2.9989,46-9236,OXyedj,2015-11-13
3.9909,78-7614,KDBRqS,2020-02-02
2.0644,44-4757,cvkzri,2001-11-01
1.2750,97-6205,dZzIrB,2009-07-24
1.8283,77-5083,dRXtll,1990-06-11
3.7320,96-0338,gbvlky,2011-01-02
1.4652,68-3485,mFEcqV,1999-12-13
1.2139,49-5395,koyFSB,2004-04-25
4.8112,56-8799,yPQuqs,1990-05-19
2.0987,59-5192,AxElcU,2014-11-22
1.1529,80-4346,snZjiG,2002-08-19
1.8672,85-3445,dZpKdt,2007-07-08
1.2242,87-1433,GAftXL,1999-04-26
2.5933,82-6909,lFTiwA,1995-08-05
2.1659,96-7550,vdcmjs,1992-05-13
3.9133,72-1596,RYaYgH,2008-12-12
1.8602,60-5897,ITLGHi,2000-04-11
0.7525,55-5262,fRFsKP,2020-06-11
4.5780,93-1491,oxMnNo,1996-06-26
4.8845,64-3526,pmvFyR,2011-04-31
1.5198,56-3680,lGJrgb,2011-05-23
2.8730,88-0650,keMfDf,1992-08-27
2.3516,46-1568,rmRoLk,1994-02-23
3.9438,66-0527,rmRFoK,2015-04-30
2.6820,85-4789,TCKnTy,2001-07-29
2.9899,67-5295,YPHyeV,2016-12-26
3.3293,74-3691,HUaPTT,2004-01-04
4.2504,49-8867,IFDBFt,2017-06-15
1.7054,84-9423,EfMXRa,2014-11-29
4.5881,65-7057,cBZGAI,2019-11-14
4.1251,52-5475,VmlMxk,1999-09-06
2.6741,44-1426,fTDEkG,2010-09-10
2.2153,92-4894,nLhAhG,2012-08-12
2.7682,63-8962,BJekJw,1998-08-17
1.2630,58-4072,ncJKyg,2007-07-16
1.8697,72-7434,PnpOjn,2007-07-06
4.5690,98-1143,OtOSDY,1995-06-01
0.9010,91-2485,GzYeNS,2015-06-28
0.7211,83-2663,QUwIXZ,1994-06-09
1.7351,67-6207,Jbwsvj,2003-09-31
4.9357,51-0672,gVvJLV,1998-11-14
3.0912,79-9389,JfbiCo,1996-01-13
1.5073,78-3095,pfwUWG,1993-07-21
0.7440,59-6908,QHkpvc,2013-05-24
3.1835,44-0924,DiBpOs,1992-01-22
4.9661,96-3676,SsxKtR,2004-05-29
2.7706,99-6355,PRpyyo,1994-04-14
4.3622,66-7906,rEKEZR,1999-12-07
3.5325,61-6361,KFnsWq,2006-05-11
4.1481,82-3242,UnyiaP,1992-01-04
4.4720,90-9586,HygSNB,1993-04-22
2.6922,53-4899,htAqSb,2009-01-15
4.8797,47-6246,mBaEQL,1995-10-20
2.6130,58-0517,rttYlW,2001-12-10
3.3743,55-2261,uWxeBv,2017-11-31
4.4731,86-7945,hCSKjS,2018-10-04
1.6987,45-5705,SOEcGo,2010-08-20
4.7724,52-7255,InlpQc,2004-01-30
2.4971,91-8357,CKQunT,2003-11-03
0.9762,49-5643,RdrBnX,2014-10-16
0.9733,66-9107,gGJcie,1997-08-15
3.6319,80-9412,jlrvNO,1992-06-12
1.7630,61-7432,esHxMI,2008-07-20
4.5771,58-8890,ATavip,2011-09-21
2.8165,58-3136,ufRQGG,2013-03-04
4.1503,58-4407,QmOLgh,2006-10-09
2.9839,95-0280,GClDrr,2015-02-15
2.9081,83-0226,AJDqfc,1999-03-30
2.2836,44-4087,dEVXjr,2012-04-29
3.3711,60-4077,lVpaJm,1998-08-18
4.5530,59-1419,drlagL,2001-06-30
2.6800,60-1007,Mlkfht,2003-06-07
3.8092,56-7644,mtbirp,2012-11-17
2.4561,75-4890,XsUjaw,2000-05-10
1.8753,89-0161,uoLILS,1990-05-14
2.3913,73-3693,lrBsnw,2019-12-14
3.8622,56-8197,kKHlnx,2013-12-10
2.8074,55-4942,dhbZHl,2001-06-16
1.9512,83-9422,LTMZvR,2016-12-21
3.6168,59-7343,RLdvnM,2010-11-30
3.2797,60-9077,kUtPRx,1993-02-13
1.9296,83-3668,yYqpIs,2012-04-13
4.1326,46-6457,zlvtfo,2005-03-04
3.8616,95-9437,SRkxlO,2002-09-17
2.1731,45-7838,cJOGtn,1995-07-23
3.0902,44-4698,YAdNRF,2020-01-10
1.8040,57-8348,xcaOQA,1998-11-05
2.4082,91-1163,JTvkrk,1996-07-15
3.6160,93-8799,cBFbHR,1991-12-11
3.5146,50-2097,HlqwXw,1991-04-27
3.4834,66-8190,IkShNE,2016-06-31
1.0471,76-8672,qJjKUh,2019-05-02
1.7618,99-1972,oqUzUq,2019-02-02
2.0730,73-5357,VTnqOA,2004-05-15
4.3569,77-3492,oeCltW,1990-07-24
2.3735,71-1049,ZFvDht,2009-03-10
4.5276,86-1178,XNGahW,2013-01-02
2.9681,99-0440,mDuiCm,1990-12-30
3.0027,75-0166,waYUFG,2018-06-03
2.4518,83-1610,mQGttL,1993-03-20
4.5760,68-2043,CdgmOA,1995-09-19
4.5641,82-5167,UEWsOP,2012-10-03
1.0565,80-8795,pOdkyf,1993-02-02
3.2967,67-0147,PmVzex,1990-07-24
3.2962,55-5307,QfBIgm,2008-03-17
3.1891,64-6297,Xumhwm,2010-10-08
1.2111,99-1307,cnjzGa,1990-07-15
2.7107,45-7231,tKJGrc,2006-07-31
2.0661,51-4249,KEXdjb,2012-05-21
0.9265,70-0459,SFvKcX,1996-09-31
1.4194,85-1919,CmXBEK,2016-04-25
2.3639,82-7991,aTCDCG,2014-01-31
2.3090,84-3248,wEgYSz,2009-08-08
2.4146,91-0123,SPVlAC,1990-10-06
2.3998,46-1112,zNMHob,2003-01-16
3.5368,97-1069,NSDXut,2003-09-16
3.5896,85-3296,TDZfAT,2010-12-07
1.1357,60-1046,NegOkc,2005-12-03
1.0375,73-8527,sslqyW,1998-05-05
2.6764,84-3088,ngdViQ,2008-03-11
3.5063,82-1601,NeuGPC,2015-12-14
1.9542,66-3101,EMyRpI,2011-04-30
1.9246,64-8953,NdMZtO,2004-05-11
1.9727,46-5078,dhtCST,1990-09-10
2.0589,53-5777,RQkfVR,2015-12-28
3.0677,74-4141,fWBFcc,2007-01-01
2.3016,69-0051,ARyDfA,1999-08-02
3.9971,66-1463,ueKsUG,2007-06-20
4.0226,53-6986,lYPykL,1992-07-15
1.6599,62-3701,ysQuRZ,2019-05-16
2.4098,55-1622,UHwtyj,2010-02-12
3.4083,69-1906,SnmWHd,2009-04-04
1.5291,44-8977,zZJthp,1996-06-21
2.3766,79-9235,bPhHKl,1993-08-04
4.9120,57-3442,nNjCQg,1997-12-10
4.8348,46-5106,uxnKZb,2000-10-10
3.4267,59-6196,aXsYOo,1994-09-26
3.7887,97-4005,MGPKWW,1996-01-04
3.3687,52-8023,rgJVUf,1994-01-14
3.5251,56-0812,tyOEIt,2006-04-08
3.9002,43-6081,PaDpjv,2005-12-31
3.2984,92-2875,rTyVKZ,1993-05-01
3.6659,84-4315,aNWyWe,1991-02-16
1.0337,95-5137,ApCBgY,2008-11-17
0.8038,70-2501,LNAAiw,2013-03-31
2.8267,63-7513,fHbbYy,2016-06-06
0.8509,94-4872,sAJzlt,1991-09-01
4.8159,43-6896,yOobPL,2002-04-09
2.7066,59-2377,FRsbgt,2017-10-16
4.5142,91-7772,OjlJko,1992-09-28
4.4868,61-4460,JOUNXY,2019-03-02
3.3921,96-4659,uCbYOu,2002-06-11
2.4540,97-8494,uvtGtV,1992-07-28
2.6975,78-6094,BgYmjr,2020-02-25
1.0574,64-6785,nFnRiu,1998-11-19
4.5896,53-1897,jmQWmt,1991-08-24
4.2118,81-7159,DDCKAw,1997-06-03
0.9120,56-5258,oqknIE,2008-02-12
1.2311,63-3781,lGRJnW,2004-01-27
1.8546,47-1245,BRvypK,2007-12-25
1.0357,86-4416,XuseIt,2003-01-14
1.2047,62-4097,IvFcRO,2008-02-26
3.8201,72-6060,vijtuR,2016-07-15
2.0254,46-3697,zZfGdO,1991-07-03
1.6201,79-9566,fJPsSh,2020-01-03
2.4232,53-6068,KosMeh,2002-10-09
2.1945,88-0882,RqoQby,1990-12-10
1.0326,87-5551,hYbRLY,2008-12-08
2.4442,58-3089,iDHbAo,2017-08-17
1.2747,66-0042,zDWAot,2003-01-18
2.2245,51-4340,MVSdkT,1992-01-02
4.0053,83-4966,nwWwHp,2011-07-24
2.6464,75-4700,maKewi,2005-07-31
4.9180,75-5715,SUdxxc,2018-04-22
3.9544,98-2523,RSQvOi,1995-12-17
1.3504,73-2601,WLGjzQ,2011-03-19
1.8011,74-3604,ieujEu,2007-07-07
3.5155,43-1640,EREvJs,2005-08-01
3.5132,59-7181,eTrQTb,2020-03-03
4.9352,65-2071,VBcroH,2003-01-27
2.8446,55-2474,vLeSPg,2003-03-26
0.9164,53-8891,UIFIIK,1991-03-24
3.8564,63-0421,UWANvh,1995-01-21
4.9612,51-4376,rXeEmJ,1993-09-15
1.0435,73-8387,lVbiiz,1998-07-21
2.7691,48-2363,ChVUxd,2012-10-12
1.3692,79-2658,xwPMVO,1995-05-12
4.1368,75-3646,akXvJp,2003-01-26
1.3220,81-3992,yUMJzU,2018-04-07
1.5160,93-7999,ATMHlg,2001-02-17
4.1698,89-6126,BuwWFJ,2011-01-24
2.8690,45-9275,YgHwWg,1997-04-11
2.4379,91-4639,niveeu,1993-05-12
1.8862,53-5549,IRKXrZ,2007-07-05
3.2546,48-5152,ryPIAn,2010-09-19
4.9881,59-9827,xcBKKU,1997-11-15
2.1410,75-0444,OCWKXN,2017-03-22
0.7254,52-1850,rrkbWP,2002-02-07
2.9920,64-9462,tTtSDn,1994-01-22
2.9934,74-2731,MvbWXE,2000-09-27
1.6358,79-2720,EmUfYR,2016-10-15
0.9148,62-0489,esOOWB,2004-07-10
1.8521,86-2838,JoPsYS,2013-05-21
2.5879,55-5740,XifdKh,2013-08-05
4.9135,83-3805,mpDGvL,1994-11-01
4.7131,78-2786,ITAIOq,1991-07-21
2.8234,88-3377,tEvyLY,2003-07-14
1.4095,63-6455,iIEYpR,1994-09-26
4.3558,68-4449,JoliSF,2000-02-01
1.0426,84-6675,HkZWBb,1995-01-14
2.1144,64-1602,dLbSQD,2018-02-20
0.8847,64-6979,XwKsUY,2006-08-08
2.6213,47-2392,MQkJmw,2013-08-07
2.6592,97-7842,WzLJzw,1998-08-28
3.6380,81-2683,WInKQO,2015-06-15
4.9591,87-0923,tZoKbw,2009-03-20
1.8964,78-2004,HlXcfK,2005-08-20
4.9448,89-8450,UwnTbr,1997-11-06
2.8272,61-5328,LQxAnw,2007-05-09
0.9511,74-0973,sfIQWA,2016-11-29
1.3111,86-1002,nmPAUb,2010-12-03
4.4866,54-4201,ZQwDWr,1997-04-26
1.6466,59-6674,Erftbo,1998-02-24
1.6542,82-5377,AGJCEc,1998-06-03
3.4210,79-7977,ZOoTaH,2010-07-29
0.9763,69-1508,yFzjKi,2002-12-17
1.0981,47-6455,aeJtmA,2016-03-02
1.2132,67-3323,jjNJWT,1991-11-24
3.1617,55-8087,yIwVAg,2019-11-06
1.0706,93-0355,oClvXh,2017-08-18
0.7534,73-7956,iMEUKD,1996-01-22
4.4020,55-3549,MZzhIv,2009-07-22
3.6565,51-2728,zuVEaP,1998-12-28
4.5133,88-0138,ZpiYYg,1992-11-21
3.9538,90-6030,HaxPQT,2013-10-12
2.0665,54-6511,zxtfPV,1997-05-08
0.7279,75-4845,nBaAYd,2020-06-09
4.4590,55-5313,HhurlT,2017-08-20
1.3832,85-5211,qXgixd,2009-10-08
2.2327,53-5097,uhURgA,2017-11-27
4.8796,77-7816,gJQIjB,2000-10-14
3.9172,76-4679,VVPAmx,2020-01-04
2.6028,55-1611,rbeLEf,1997-11-18
2.9562,70-8543,vVPPMj,2001-03-31
1.8315,48-7744,QpDqOv,2000-08-23
1.7325,69-7303,bPsSVs,2012-11-21
4.3420,73-8082,vLqYom,2020-10-25
3.5692,48-5534,zruHLT,2012-12-19
0.7821,45-5878,odCkqj,1990-09-22
4.7815,89-8383,gxNfsR,2007-11-07
3.0483,98-5589,nfiyZZ,2014-02-10
4.4621,90-8911,GKaPJl,2020-04-11
2.0214,60-2547,dCyJnV,2013-04-03
4.4454,95-5168,IZHXCZ,1996-12-19
2.2515,74-4384,fRLwdm,1998-06-16
1.5400,89-7511,LVvvvE,1995-04-11
1.0823,63-6233,xthgZE,2013-12-16
3.8721,93-3061,XRdkAk,1999-04-04
1.6830,58-8886,oVnenG,1994-04-22
2.7020,80-5596,sIhvZb,2004-06-25
2.5717,62-6634,rHJkvy,1993-06-26
3.5403,70-3056,IkJAoE,1996-05-09
2.2425,49-4715,PlOgvE,1996-05-01
4.4106,78-7053,wXpVMr,2008-11-18
4.2341,60-0611,FjyZbd,1998-08-05
1.6916,61-4617,yJxmDu,1999-11-06
1.3606,99-2578,YenZPm,2020-03-16
3.4707,95-2827,GzLdGQ,2017-11-30
1.0300,75-6972,GooBgi,2020-03-23
3.6792,54-1301,PGyTUh,2010-09-10
1.9865,68-5057,wROOCO,2011-08-18
3.6033,45-7951,mIufRq,2017-07-17
1.5926,58-3246,EXHxuH,2009-09-06
2.4528,65-4265,WJHNvm,2017-03-02
3.2994,69-7763,bpoTwo,2006-02-10
2.5086,86-6854,TZkvEG,2014-07-06
4.5576,76-9723,jvZjjq,2001-01-11
1.2063,50-1199,KBmehg,2017-06-27
4.2083,82-1712,ueHdDn,2001-10-28
2.7002,63-4100,NBnPzv,2010-08-06
4.8439,76-9405,dQaFga,2008-07-24
4.9430,74-8637,QegvGu,1996-06-30
3.6817,92-1890,hSZeSS,2000-05-07
1.4978,45-7633,JPcKuX,2009-06-17
2.3786,92-7102,LIVSTy,1996-01-23
2.2763,51-8085,ayPbuf,2007-05-27
3.2169,83-6854,EaPuaQ,1994-03-12
1.0698,99-2526,iEuJDe,2015-12-16
3.7575,93-1163,uGBKza,1991-01-28
1.2463,97-4896,TdINhY,2005-07-16
1.8748,54-7577,xGXpBQ,2011-09-08
2.2183,60-4017,dJDuKl,2009-01-29
0.7691,72-1359,ykpTMw,2019-11-07
1.5807,69-0195,FhyOGA,1998-11-08
3.3170,79-2998,hZkfaU,2014-12-04
3.5418,89-4243,ndUihU,2001-07-20
2.8411,82-9840,nxcPPx,2020-05-29
1.9410,56-5304,HaiwuW,2016-11-15
1.8892,98-7077,PibQWe,2002-08-09
3.0073,64-2809,wuhUph,2016-10-15
2.0752,83-1401,HYYjFC,2010-05-07
1.7549,46-8425,VleaSO,2008-12-27
2.1203,94-2213,Aecnqa,1991-11-10
2.3011,95-7340,coZPno,1996-12-13
4.0556,44-9172,nQcxfk,1999-10-14
3.1216,43-1468,Usrtcu,2016-09-25
3.8948,71-3167,gsaVoH,2012-02-17
1.9050,49-7485,ybAnCb,2000-02-27
3.4462,80-2316,eYwfqi,2003-09-30
2.7516,55-6950,hkqyxY,2009-02-09
2.8926,90-6910,EcoybU,1990-08-12
2.8190,66-5891,WjuQNp,2003-10-08
1.2779,63-3755,eraaMG,2005-07-08
2.9859,52-8308,qItBxl,2016-04-16
4.2223,89-2062,OdHXeV,2004-02-10
3.0417,95-2928,ApahlM,2014-07-27
4.2734,80-6132,QhQRIP,1997-04-25
4.2174,58-9066,WeETCq,2016-02-16
4.0309,88-4488,VMfIuq,2005-09-27
4.2315,72-9107,xTipCn,2014-08-09
2.3826,51-1053,wAmRuU,2007-05-27
1.2187,50-9880,jmsbKv,2014-11-27
1.6671,78-8946,WLJpgd,2016-07-02
3.7814,73-4852,CaIPfc,2010-01-04
3.7716,85-9914,JMBEmP,2001-09-30
4.5301,62-6049,jtXGex,2018-11-23
2.6448,81-3675,ClhefV,1994-10-11
2.1248,52-1069,NADpIn,2000-09-17
2.3444,93-8410,qNvlrg,2016-12-19
0.7464,97-7246,gtALDK,1998-11-14
3.2638,79-5765,HEHpqQ,2012-07-28
1.3343,77-1037,OrHbGp,2015-11-01
2.9657,50-9105,EJRkFy,1991-01-17
4.0532,45-7062,rUcHJB,1993-06-16
2.2052,92-8379,JrcStx,2005-04-04
1.7094,77-9641,kunloF,2012-12-17
2.9757,89-3691,zdSrwW,2005-05-13
1.7118,57-2112,pYOZzV,1999-02-24
1.4678,99-6004,JuKhsl,1995-02-07
1.0931,55-8324,IJvMBU,1994-11-15
4.6272,75-3861,thPmtC,1990-09-06
1.6382,95-5411,lPdSwT,2011-12-04
2.3147,75-5006,XRenWJ,2019-04-25
3.0709,70-8499,mAnCFz,1997-12-05
3.7853,63-7114,vqLFNs,2006-10-07
1.5873,83-8466,XTgZWv,2012-03-30
2.4915,93-2289,ravJTU,2012-05-31
4.3235,59-8655,CLUGtr,1999-07-09
4.6502,56-1960,QkfyeY,1992-03-22
4.1128,88-4151,soOdjN,1994-04-31
4.5039,84-2738,eHYHFe,2008-09-09
1.7464,78-1104,ZQZbhb,1990-05-12
1.9329,70-6364,hkttPT,2009-07-19
2.0047,55-6197,lEcrus,2003-10-22
4.2703,94-1406,wACHuZ,2004-11-04
2.4711,43-0177,lnBkGL,2001-03-14
2.1694,46-2175,ovUpWj,2020-05-02
0.8544,91-1551,uDpKeY,2003-11-11
2.3271,69-8957,OkmVaQ,2012-08-23
1.2229,80-6708,SOcXXG,2015-07-08
0.9981,97-8486,LSqpgR,1993-03-19
1.4944,73-9309,QXrVwe,2003-02-10
3.5012,87-8201,vvFIEE,1991-02-17
2.3402,56-1884,GVmREx,1993-01-23
3.4747,47-5090,djWjhI,2001-11-04
4.8592,55-4171,auXebM,1993-11-08
4.5107,95-2949,gPnuPf,2004-05-19
3.4745,74-4154,gGTZDH,2008-09-17
1.4638,56-2911,JCnNYP,2004-04-23
2.2631,96-4068,HlEyTM,2010-05-27
1.5668,82-2415,JtgMep,1993-08-16
4.7225,76-9689,qauZxb,2014-12-08
3.1571,45-5718,CHOMqb,2012-03-30
4.3104,46-4602,FoPLyv,2002-08-08
1.5475,53-1615,YDlKON,2010-01-21
4.0448,52-1080,hZRkNk,2001-04-07
1.3263,80-8525,bdZefO,1991-02-02
4.8423,95-4651,FpvdpB,2011-05-27
2.0754,64-3698,JXqLrw,2006-12-18
1.4389,60-8115,sqtsfq,1990-08-13
2.4618,82-3537,ioResG,2010-07-02
1.0883,61-1443,gAEpec,2011-07-26
2.5917,59-1309,xzXppr,2015-04-13
3.3673,75-2872,xZuYuJ,1994-09-20
2.7490,85-3567,KANeVV,1996-05-23
3.5614,80-4213,RssKVo,1994-04-19
1.3558,44-6582,AxNkJX,2001-05-28
2.7369,53-5566,ZIttOw,2002-01-07
4.8534,71-5551,hUROor,2002-06-09
4.5016,73-3299,UJVEjB,2018-07-27
1.4997,73-9195,gnfmBh,2001-05-22
1.9828,45-6510,Qaaoov,1999-03-24
1.8793,54-3683,FsHKve,2017-10-20
3.8216,51-8458,hjrVbm,2015-06-24
4.8181,89-7040,fnslso,2002-03-23
2.3233,77-4816,SIqHgm,1990-12-11
3.5422,87-6828,AWMMlX,1990-01-11
0.8272,70-0099,iWKNHL,1996-08-21
3.5561,68-0871,yQPumW,2000-08-27
1.1722,57-2639,EmUpim,1997-08-14
1.2021,59-1751,vcysOD,2019-12-12
4.2097,54-4481,DZnsSY,1993-12-29
3.0143,44-4979,zUMigZ,2009-05-22
2.1966,61-7767,rrDLtS,2003-04-15
0.7876,68-1660,sfgsIK,2003-03-06
4.9813,86-9618,aoIPQk,2017-12-19
2.3614,51-5100,GFNQzp,2010-02-17
1.2457,51-8416,MTXnHp,1992-08-19
3.0153,85-4297,qulnyS,2009-08-28
3.9328,99-3713,NVrvzd,1991-08-17
3.7938,68-7206,ucPRUH,2002-01-16
3.9864,53-1742,OKVWMf,2017-09-28
2.1855,69-4724,evQPFG,1995-05-19
1.6860,62-1795,EiikVj,1998-03-08
3.2354,96-9140,foegGA,2010-03-26
3.7976,55-4377,UWTpxC,2011-03-18
3.5609,84-5667,wrkvQL,2015-08-05
1.3814,75-3171,JbCrwG,1994-06-09
2.2451,63-5287,pkuelQ,1991-06-28
4.3179,88-7407,bdKJdt,1992-09-23
1.6313,89-7421,xBtTHw,2016-04-17
3.0691,74-9347,DvYgNE,2011-09-31
3.1198,60-3963,YQWfRd,2020-09-11
3.4476,89-9750,nFnOBD,1996-09-07
1.7343,93-3458,qWbXkb,1991-11-31
1.3103,96-5325,xyHQuS,2002-04-06
4.2367,77-0799,DZhqVy,2020-06-14
4.1417,99-7432,KifWbl,2007-09-11
4.6831,76-4303,uDzKBT,2002-08-15
3.8138,62-3457,uMGNnU,2009-02-07
2.8697,55-9525,NSylvB,2018-10-11
1.9690,81-9426,nlXIbJ,1990-06-12
0.8758,73-0177,sgyOUb,2016-02-15
4.7495,69-0939,BZfPwz,1991-04-21
1.5663,49-9801,NcBgrp,2018-02-16
2.3927,65-0060,MPaJZh,2004-06-07
4.7403,85-1247,lNAgxG,2020-12-14
3.8040,98-2450,NcovBc,1992-08-30
1.3130,65-2488,wYNlAA,2009-11-17
1.1697,74-7615,nOcEih,2020-06-03
2.1887,92-1208,ZPPTox,2018-11-17
1.5899,43-4729,qSBTHE,1990-07-25
3.2299,98-1121,atzGrK,2014-04-20
2.0816,95-9452,tPnZms,2015-03-20
3.7705,83-2013,kHpHWk,2018-03-28
0.9927,67-0289,OsDbBI,2009-04-07
0.9847,50-5853,AHYIHT,2020-12-26
4.0490,94-3461,aSIOia,1999-02-11
1.9921,80-7567,JCNyov,1996-11-28
1.7141,90-9163,oCqeFh,2020-12-25
2.0337,54-8319,XLlyGk,1993-11-22
1.0169,75-7207,TyyPOc,1995-05-19
2.4988,52-8436,AxyxPJ,1995-09-23
1.9586,90-7023,NFqakK,2019-09-06
3.9839,95-4304,cFLDtH,2007-08-06
1.2509,62-9590,LdrzCJ,2011-09-30
2.8474,44-2037,yjzZIY,1997-02-26
4.9800,57-4855,kChafl,2002-04-06
0.8482,53-6616,PSRUCh,2006-10-08
4.1582,75-0767,oFVVwt,2004-05-16
3.5872,75-8346,HiAasV,1998-07-11
2.3003,99-4634,HtDLVP,2008-03-06
3.7721,54-4462,HXnGsy,2019-01-14
1.6710,64-6774,vBxYmn,2017-05-04
3.7262,91-2464,avjxys,1992-08-19
4.1182,62-4622,UeNigj,1994-08-07
2.0864,70-1587,OORler,2017-03-25
1.8052,49-7809,KiMfoS,1995-11-31
1.1508,81-6346,SZkbxK,2008-04-12
4.1390,71-7616,ifYsPy,2019-10-17
3.5024,48-3450,lqRWfp,2000-06-21
4.0880,71-2781,RsuzAX,1999-07-09
4.8801,80-1180,kjJiRR,2010-11-23
1.0938,85-2707,cGgLQj,1990-10-29
4.8918,97-9413,IjTvRT,2006-10-04
1.3662,51-1108,QrTVIO,2016-07-25
3.1959,90-3502,RbaazQ,2002-01-03
3.9276,96-5795,bbMapU,2007-06-24
2.5008,59-8360,lvDzae,2020-01-27
3.7081,72-9027,AnBOho,2006-10-25
3.9629,89-2821,TbYbea,1990-07-05
4.0056,85-2359,txwUlM,2016-01-02
3.2372,73-0348,SEfcOn,2012-04-12
2.3706,55-3600,BCeBTh,2008-01-06
3.9137,70-9854,XBPZlr,2011-05-21
1.9000,97-7468,qaKrPP,1996-08-05
2.1263,96-5577,NWFTaF,2007-01-25
1.3966,59-1525,rwGRrT,2003-10-23
3.5846,46-4030,BylgaX,2004-12-04
3.2356,88-2751,xQPJro,2016-10-31
4.6816,43-0447,sxnhrP,1996-10-06
1.1313,72-4655,URziAQ,1992-04-17
4.2329,93-0553,dXRlGz,2004-01-18
1.7811,92-2203,mzyyfC,1997-04-01
2.4343,54-5707,ttCRzL,1998-09-20
2.4585,82-0820,zNYnFz,2011-10-24
4.8798,68-9175,xjByCB,2007-11-14
1.2451,74-8831,dWQogx,1994-06-19
4.3586,59-8619,MOOnoZ,2010-01-10
1.1497,55-8810,ROTaWz,2013-05-13
1.8603,99-6305,SDoGFT,2001-10-19
3.8763,47-4487,FJVqEi,1995-01-04
4.5850,99-1837,xjsPHY,2001-12-28
3.1505,65-7896,apCcGG,2005-09-19
3.3628,97-0642,jamSXR,1996-06-31
2.1981,65-5539,zyzfEj,1997-02-07
3.9817,45-0447,cGyBQl,1995-08-08
1.7019,89-6225,gbnMWB,2010-09-14
0.8211,98-2745,EctLhu,2001-07-22
4.2444,51-1167,CrbCFA,2006-05-30
3.6425,63-8698,JKBlmV,1990-10-04
3.6017,54-9272,MVhNer,2008-10-05
1.9953,74-5311,teRzkx,2011-08-04
4.1060,77-9494,uJEIXP,2008-12-22
2.1170,68-7935,gNqWzz,1994-05-19
3.3508,77-2723,ZBIEpO,2020-02-16
2.8614,97-8697,wrQhZq,1994-05-04
2.2429,85-8062,DANcep,2001-01-05
1.6656,91-8359,tLdUfq,2019-07-07
1.7610,43-8552,ArPYjO,1990-07-06
2.9284,94-1612,yXiHWT,1992-03-09
2.9603,93-8656,BoeZnv,1992-08-15
3.1760,84-1970,ujkDvP,1997-01-02
2.0261,84-7921,SAoaOM,2018-11-01
1.6436,48-8249,KRceRj,2017-03-10
3.5158,88-1292,vgwhRB,2002-07-15
4.3679,47-2804,CcVjcI,2018-07-09
1.3144,66-9613,zXoHmW,1994-04-21
3.8218,64-4895,mIvvoz,2011-04-09
1.7496,47-6621,IIeJHM,2005-05-30
0.8251,49-5091,akwlOz,2001-12-24
1.5783,69-1423,ejkTDL,1996-03-07
1.8166,56-3392,xNsMub,2005-02-18
4.5120,58-1528,UbNwet,2020-08-20
3.4861,62-5972,WfLHBa,2018-07-20
1.1619,96-3014,znArmf,2006-08-30
1.0442,95-9134,ngcLlE,2013-07-04
3.5177,75-2045,cyTECL,1998-07-11
1.1768,65-6604,OiJEaR,2010-11-28
4.5603,48-9291,xUxNAp,1992-09-07
2.9150,61-4720,AGHqVO,2018-03-25
1.1256,45-0252,AJnSVp,2008-09-21
0.9482,74-3988,OfQqTY,2016-08-30
2.7595,58-1886,HUTkYT,2000-04-24
0.8585,92-7640,pJFeOf,1995-01-30
4.0200,67-9574,zhzvLz,2017-04-27
4.6499,77-1101,VmvvTq,2009-09-15
4.8166,46-1035,oVafru,2008-07-03
4.6540,97-0473,nawuhK,2016-11-09
0.7280,84-2708,CuEyJt,2009-09-06
2.4024,93-2266,MebYAG,2014-10-06
1.9624,90-3455,jydNUk,2016-05-10
4.7238,72-0755,RCdlCD,2014-03-30
3.2323,55-1846,cGRkYA,2005-03-20
4.1484,77-5239,GcfnXB,2009-04-30
4.6841,45-3432,blcoYu,1999-04-28
3.8752,88-5397,wdLJvh,2007-06-30
0.8278,46-1956,AhuKDz,2012-11-11
4.8141,52-9136,PSFlaA,2009-11-10
2.5219,73-1060,TxwiFi,2013-03-15
2.1949,95-0725,JckeCK,2010-09-08
1.3529,67-2156,zLHTyO,2009-11-17
0.7931,71-7253,QzHtZs,2014-02-25
3.0642,45-5909,OLYpMr,1991-01-21
1.8018,84-6750,YMInzL,2015-01-12
2.6833,48-0158,YMMrsC,2018-11-18
2.4509,56-2831,sTpHRm,1999-07-14
1.8122,87-6566,hzirjh,2001-06-17
0.8175,52-5317,hzZDxw,2020-06-11
2.0224,77-3975,wodAYy,1998-11-28
1.4927,97-3927,diEShm,2018-01-08
1.3618,48-1448,xmfxfg,1992-05-05
2.9054,91-5062,IPgQmf,2012-02-02
1.2763,94-2446,girFgn,2000-01-16
0.9215,87-9210,hDMGHM,1990-09-20
2.0672,63-8420,hcPqFh,1991-02-03
1.6770,68-1763,vfbqIN,2016-01-11
3.3676,62-2395,TkJRVs,2012-08-19
1.2663,46-5808,vmGBSC,2005-01-18
1.1191,52-2154,pKbRIp,1992-09-20
3.6419,78-7146,fCfwYt,2004-12-29
1.5188,75-9829,TdMEFm,2008-02-13
1.6028,67-7348,EdGGgb,2013-07-24
3.4057,46-9425,HyPAqk,1998-12-01
3.6489,47-5556,gOBgDd,2020-05-20
4.8700,61-6419,pbWCUr,1999-01-08
2.3954,77-8303,AywBQh,1991-12-31
1.8353,87-6702,wUHqnJ,2014-08-06
4.1626,86-9919,KLitGn,1998-02-26
2.8436,65-1717,SgvDtq,2013-07-10
3.2183,68-7695,UTtuoz,2016-02-05
3.6845,47-4442,OgExTS,1997-08-25
4.4327,60-1631,MJusvs,1995-11-07
4.4756,73-9302,wDEfUF,2006-07-22
1.4543,80-4844,uJgTek,2001-03-12
0.8149,77-8331,iJDRpT,1990-04-09
3.8648,94-4445,XZmQME,1996-01-18
4.1558,55-8332,RxSofW,2018-01-21
1.2952,82-5327,iEOCPj,2016-07-16
1.0665,59-9755,UlMxbh,1997-07-21
0.8124,95-6647,hvzszk,2007-06-29
2.9841,75-3906,AGZxkT,2012-03-01
2.5631,56-3013,tHANPi,1996-07-21
2.3657,94-0765,pWdLsy,2001-02-10
3.6439,71-0476,XuEiom,1997-07-24
2.9817,74-4265,JfkzBw,2019-08-27
1.2769,97-5392,ORIpEQ,1990-01-24
4.2641,75-8169,uFhYwG,1995-06-17
1.0719,76-1198,dfnWTb,1993-01-10
2.5399,88-6183,RCIeCI,2000-04-19
3.9449,50-2456,CoaONT,1990-05-06
2.7886,65-4289,kNHYhG,1990-03-03
3.5543,86-0141,ZvOgdL,2004-05-23
1.9323,66-8049,Iwgnac,2001-06-25
2.9658,69-9027,hSEjdc,2002-02-12
2.7328,92-5975,ldqoMD,2006-06-28
1.6067,85-0449,liWupz,2001-05-23
1.3133,98-2751,bMZqTJ,2014-05-14
1.5882,95-7202,GmWyvx,2004-07-20
3.2560,47-8115,rQuaew,2020-05-26
4.0239,90-2351,zohOea,2004-11-30
1.7478,54-1644,AtQAKB,1992-08-23
1.6076,73-7691,AOEnBT,2011-02-02
2.0228,73-2144,xplETv,2001-10-05
2.7924,74-7523,xYnBuu,1995-04-07
0.9404,96-3220,eTQrrf,2012-11-18
4.0384,91-1690,TDaTCd,1998-09-27
4.2974,48-2824,rrBDby,2003-06-15
2.1761,75-9349,ZrLuww,1995-01-08
2.3058,91-3719,uTFWtP,2010-11-03
2.6294,68-9231,ZcpvSE,2009-11-02
1.1110,66-4583,GQCIqF,2006-08-20
4.5929,76-5582,IBQLPy,2019-04-23
4.7653,76-5687,pbbJLp,1997-05-31
1.5458,80-3937,QhqzIs,2013-01-15
3.8612,72-4099,GLhPtW,2020-01-21
1.3150,58-2375,aYEINJ,2003-07-10
3.4379,62-6032,dbixxH,2017-07-22
1.1872,60-6866,XwHLnF,2015-12-04
4.9431,96-2728,GXaGiM,2010-10-21
4.2443,46-1970,XLhZrT,2000-07-16
1.3404,79-0662,DkIUgp,1995-10-01
1.7984,88-8209,EOjZDG,1991-11-24
4.9858,72-9432,bValKc,1991-06-23
1.9182,54-4097,dZxPWI,1998-07-06
3.3308,55-5016,IcyhlX,2005-11-03
3.0113,72-1497,ODyLfl,2000-09-16
1.2059,46-8876,MJjDdb,1996-11-06
2.0282,45-1866,GRfOPr,2000-07-29
1.9309,64-8396,DYXCli,1997-03-17
4.3550,87-8912,yZFDKa,2005-05-20
2.9890,79-9334,JNtztG,2004-03-19
1.3855,46-3010,DnJyeN,1992-10-26
4.0331,54-6260,SClftd,2017-01-06
3.9747,88-4091,jJVjjl,1990-02-16
3.8873,65-0462,bIDPDt,2013-01-08
2.9712,66-0457,djebHs,1996-01-05
3.1186,80-8650,ejkIDq,2004-03-07
2.2219,68-8943,hMJhhG,2019-04-29
4.6852,92-6485,ZtJIHT,2011-02-11
3.3181,88-0863,TOIqqq,2013-02-23
4.3214,83-5678,ZQfUDD,1991-06-12
2.4575,92-2167,PhFjWU,1999-03-24
3.6775,43-2779,twGeIC,1998-04-01
0.7532,64-4186,zOAUyo,1997-06-15
4.8133,77-5549,wRaHxZ,1993-06-16
3.7554,89-8593,UdBlgt,2018-02-03
4.3141,61-6519,OpWwiP,2016-07-16
4.1211,94-7987,ULLjXD,2010-06-30
3.2442,86-2336,hGoaDt,2016-08-23
1.7391,99-8662,ZPnplI,2016-04-16
1.6232,66-5720,vMBtOA,2001-05-14
0.9283,43-3574,eprLtO,2014-11-06
2.5780,94-8059,xppFrd,1998-09-03
1.8711,89-4837,JqypKV,1992-09-28
1.4582,50-6385,xjogqc,1995-01-22
3.1543,98-1110,tdEGDd,2018-07-12
0.8747,51-3583,RPIqqH,2001-01-22
1.9697,95-1244,yYNvkU,2000-07-26
2.0102,75-6859,LNTdFq,1997-03-28
1.9711,92-9203,ZkrJyL,1993-11-10
1.7753,84-5043,jTNdgn,1999-05-06
4.4515,90-1223,RFCuxB,2009-10-16
4.3497,61-3914,ZDvxAr,2014-08-20
2.5005,91-9507,ltMfJi,1996-08-16
1.3492,58-9112,rQOcPX,2019-06-25
3.0358,51-3770,QiJJgi,2011-09-12
3.3778,82-6259,qrCeBm,2002-05-18
4.3289,54-7943,zEIPLR,2008-01-17
4.8777,88-2735,JKnVEm,2010-11-12
4.7284,60-3153,ScqAPo,2005-03-25
1.7737,62-5911,ufRTbn,1991-12-05
1.9939,85-1847,MPbAYO,2000-06-13
1.1393,85-1017,tSKqFH,2018-10-06
2.1381,58-8444,NvocfX,2014-11-14
2.6773,57-5315,GvFcqk,2001-05-23
3.9378,82-7128,qbaiRV,1996-01-09
3.0762,77-9966,HEMqdF,1998-10-04
4.6038,71-3630,DPOuZE,2009-12-02
4.0396,56-9643,BIMZXg,1999-01-07
4.3932,98-0789,RfXpRF,1994-07-22
4.3559,81-9650,refScm,2012-04-28
2.6758,82-5224,IHtKXi,2006-10-31
1.9698,80-4610,JNcNWW,2000-01-01
3.6864,57-5777,ZEKGmj,2020-05-28
2.8745,76-4460,srHkmh,2003-10-26
2.0963,66-0403,DucCTp,2011-06-18
3.9124,97-6215,nkOjWR,1991-04-14
4.3737,61-8206,vAfcpv,1995-11-07
4.9758,74-8472,zFavCt,2015-11-12
2.5228,64-4657,OVQumk,1990-12-04
3.8605,67-5712,NyBePL,1999-04-05
0.7323,90-4816,aMLIeR,2008-02-19
4.1152,46-5273,KiZdvc,2000-07-19
2.9521,96-8767,UJZCgr,1997-09-04
4.1041,59-0483,yUzXTO,2016-10-29
4.4432,61-0210,xwMHVK,2010-02-24
3.9715,49-7857,nGJbNI,2015-04-24
1.5861,53-9238,wxLIxw,2009-01-25
2.4576,86-0398,YuZsFs,1996-02-20
2.7651,56-8103,tTBeaa,2018-03-21
1.6652,91-2311,trmQGT,2019-05-01
4.9895,81-9062,gIqMyh,2015-06-30
1.4648,47-1222,AhLvZv,2008-10-25
2.8943,91-7758,tKuYpn,2019-04-16
0.8445,50-3777,NoDjUg,1997-06-09
3.7658,94-4249,sPoefZ,1993-09-23
4.1261,45-9806,joKjdg,1995-03-20
2.3553,71-7725,vTdufQ,2020-06-16
2.2102,68-6082,dOPBQp,2017-11-10
2.0307,56-3024,iSHPLO,1998-04-18
3.8905,94-9032,pZPfvh,1997-12-16
4.7677,79-3268,oDVtDX,1992-09-01
2.9821,57-6012,sHmwrB,1992-10-24
1.5782,75-6523,czoQTF,1999-12-04
2.8376,72-2329,wrawKz,1996-07-28
1.6144,70-1680,pzmpKB,2012-10-28
4.8463,44-3250,WShERQ,2015-03-09
4.3132,97-7943,uOySec,2014-09-28
2.1850,89-4383,FySZpp,2013-11-30
3.9788,74-1877,yyGIcD,2012-07-25
3.0411,49-0852,TsLHPJ,2012-02-06
3.6823,95-0402,mYvwWW,2014-01-24
2.6492,58-9022,hwsDdm,2000-04-21
1.4482,83-2991,oURVRy,2015-01-19
1.8562,47-4791,hqLWZC,2018-09-07
4.1299,58-0776,nCeIXZ,2017-11-29
2.9632,84-8365,TtdXam,1996-08-01
1.4706,96-8779,xShzin,1990-08-19
0.7771,47-4333,yjKojK,1996-03-22
2.6291,78-5088,koZwPF,1990-05-01
1.6994,91-1093,HAInBm,1993-05-16
4.6167,52-9219,RJgdvT,2003-03-09
4.1914,85-4890,AdINfK,2020-11-20
4.4194,93-7284,WNBSmu,2014-08-23
1.0198,54-6924,VJCjqD,2015-04-12
4.8500,66-7263,gnlNxS,2020-12-27
0.7158,61-2037,oVYfTG,2009-05-06
0.9987,51-5670,ocHfLT,2013-11-15
4.6845,80-2116,KOzQyN,1999-04-15
0.9375,88-3293,tRMNRJ,1995-07-23
4.5187,86-7139,LKjdUf,1992-05-02
3.0062,94-0200,oRjYZk,2006-11-11
4.2952,93-4547,qLHcum,2006-02-25
2.7517,74-9794,xrsMHe,2003-06-20
3.0643,49-4669,YVbOsT,1998-11-20
1.3872,72-2473,XpobfA,2014-09-26
2.6431,71-7111,YfqVtR,1991-03-15
3.6314,99-3535,EVdfQN,1999-07-27
0.7320,88-9324,wANaeA,2014-08-18
1.4553,66-9400,RNIgzr,2019-01-16
2.9896,55-0718,RaVkOY,2016-02-09
4.8759,69-7279,ZNDifI,2007-04-17
3.9554,50-3374,mrwRpp,2002-03-18
1.3374,75-1352,bvjLXv,1993-11-02
1.7130,61-9407,cDemVz,1997-03-09
3.8330,83-3949,XLBbeX,2014-12-22
0.9449,72-8224,EQhgCM,2012-01-08
1.6557,48-6247,fjRWOx,2014-09-09
3.6856,83-8778,sRTHMF,1992-07-29
4.7487,55-7534,PSffAg,2001-05-15
0.9541,63-2995,bhCabJ,2004-03-04
0.7386,82-2272,KKPqqx,1998-02-09
0.9887,94-4880,DDXnru,1992-04-06
0.8928,55-5906,mdfoig,2006-04-08
1.9774,68-3362,ScePpZ,1991-08-02
3.2430,58-2075,thmIqt,2020-11-27
3.7414,97-0674,oLjWJc,2007-11-09
0.9478,90-4375,hFlNcK,1993-07-18
2.1532,53-7560,tlImdH,2015-08-21
1.3532,61-8134,RdtBnm,2007-02-27
1.8020,91-9225,yAZYxh,1994-04-07
2.1102,97-0906,IczFDJ,2005-03-06
1.1267,79-8861,wVcRTo,1992-11-03
1.3395,96-3346,RpgGcQ,2020-09-31
1.8680,98-1336,TKPqeG,2017-08-27
0.9160,58-4904,zRovkn,2015-02-27
4.6530,91-3380,aYsMoA,1998-11-02
0.8245,64-7467,aCRSLG,2018-03-04
0.8754,93-9128,qRxwNE,1999-10-02
4.4067,54-7338,bewACS,2007-06-18
4.1008,86-8251,soxhII,2010-03-08
2.1161,66-0009,ixGsDJ,2015-05-09
2.9131,69-5462,CqAazd,1995-04-19
2.5171,98-1962,WbvgvM,2017-09-11
2.5429,67-0504,PAHIPX,1996-11-19
1.5633,94-2376,OUBxob,1994-11-18
1.0960,64-3873,yPXeYX,1999-01-25
3.4213,47-5269,txShSx,1995-09-27
3.5897,83-9741,FfSanD,1992-07-11
0.9241,58-2194,qERGkz,2017-09-15
4.8510,49-8473,TbgFlL,1999-11-22
0.8720,43-0814,Gcjqqn,2004-07-21
1.6872,63-2007,SqIfld,2004-09-19
3.9277,77-3886,hoXMza,1991-01-24
2.8159,78-7032,VKcLoS,2020-08-23
4.9701,74-8935,FXBeZa,2002-07-27
1.8685,59-0884,vnmFsj,1993-02-11
0.9726,90-7581,olpAQg,2007-10-08
1.9035,82-8059,smtsRK,2000-02-03
3.1813,49-4497,wPcJvR,2003-08-19
1.9151,96-4007,iyBNYF,2013-09-12
3.3878,96-7205,iWaDay,1992-11-04
1.1677,98-4318,iBDNvr,1998-09-01
2.1328,55-1655,iGfirU,2003-01-13
1.2377,76-8427,fyVjex,1992-07-01
1.8631,90-5988,OaxVry,2002-04-10
1.8715,65-2284,UCnyEL,1990-08-11
4.9004,80-4457,tDMGHl,2010-07-05
3.8207,83-3706,jsooUH,2004-02-10
1.4767,89-2119,bfEQYW,1997-02-13
0.9752,60-9271,liOJxN,2006-07-02
2.1854,83-7015,sWMBOg,1990-03-22
1.0691,80-5257,qcTpaD,2012-08-13
2.4964,74-9591,AAfQfm,2001-05-22
2.2190,81-1512,srVbCV,2020-02-05
2.3412,76-2546,aTAeUd,2006-05-27
3.5028,44-7120,YxqrKk,2003-09-21
2.9777,78-8098,FtAIMo,2002-01-07
3.8556,97-2272,UXXMbM,1993-05-27
1.8797,62-0538,RUiRlv,1994-07-19
4.6399,87-4964,FKRQbs,2008-04-01
2.4690,73-1435,FSaPri,2013-09-27
3.9535,72-5431,uWVjIn,2009-09-30
1.4516,84-8923,UcwSVw,2006-01-09
4.3967,62-7049,yZfAQw,2019-04-02
3.3358,62-1672,jXnDjr,2009-07-20
4.9828,53-0330,MrEqKF,2000-09-31
4.9876,82-7727,MPQMSF,2012-07-27
2.9799,98-2868,yprHBz,1993-01-05
3.6880,67-0679,gksGOi,2012-12-05
2.0062,91-2913,HpfWId,1991-07-05
3.9613,98-7980,UBjuHD,2019-11-13
4.7420,61-4654,gxDBBn,2020-08-02
0.9213,64-5241,XTYnFo,2001-02-20
0.8297,60-1274,UImZwF,2014-03-13
4.5860,91-8755,iQBmGP,1995-10-02
1.1660,84-7673,DAYCjO,2005-11-10
2.7813,75-7502,aIakcG,1995-04-05
2.1403,77-8228,TCQoMV,1990-01-04
4.2308,57-9237,cEpAMD,2006-07-03
3.2124,90-8677,GaFRzv,2017-09-25
3.7284,65-8079,sHvsFQ,2014-02-19
3.8951,43-4723,nqvOKy,1991-04-24
1.5390,56-3308,BNIOrJ,2015-02-18
4.0107,87-8379,zRGBec,2008-08-17
2.6319,77-7715,YFQpYd,2006-02-04
1.8728,72-8204,ENSXHf,2001-12-05
4.2743,43-6982,sAPTtZ,2019-07-22
1.3902,56-6308,dePKDL,2009-04-26
4.0955,56-2101,GAKpEJ,2018-08-21
3.8295,89-9525,yNXpHf,1990-10-02
2.1016,59-2605,InGova,1991-03-13
3.2309,51-4147,ChFJcM,2008-12-15
2.9745,96-5391,dIBJFW,2018-10-26
1.4295,96-5489,IHBoCn,2000-12-21
1.6768,98-5186,ewPyOq,2000-11-18
2.5009,77-9153,EvmCCV,1997-03-19
0.9922,87-7482,yssene,1996-05-31
3.9298,97-2949,XPwJUV,2003-03-24
2.7278,82-7786,fACNnL,2002-10-08
1.4019,59-7287,GomIvS,2011-06-26
3.5047,68-5894,jNthSr,2009-01-28
2.4840,74-8509,HqBgpx,2020-08-01
3.1088,94-3120,stjhgL,2005-11-20
1.7363,50-2956,NNeGKB,1991-07-31
2.6259,64-5859,xVYOoT,2002-11-17
2.4182,48-9636,wqfUXn,2013-12-29
4.8207,71-7700,kyjVKa,1993-01-12
3.6026,52-7808,dcgZXs,1995-03-10
2.1040,98-2262,qzbNLf,2015-06-17
1.3644,87-6504,aSrGVu,2016-11-11
4.7860,66-6703,FhbLYL,2020-12-14
4.5572,81-9355,eiPDyO,2009-03-12
3.8279,44-3186,XAvEqN,2017-11-07
3.5224,53-3352,jndWub,2008-05-03
4.6119,84-3882,bdTivN,1999-02-24
2.3526,66-1448,tkZyKB,2013-11-25
1.9012,81-3166,aZJBit,2000-08-08
4.0132,77-9662,HgXDHs,2012-08-18
2.2013,60-6406,WWqpFg,1990-01-29
2.0294,47-0151,sdkSmO,2007-10-31
2.6487,69-8955,ERctCA,1993-11-17
3.7628,60-9057,pOcehU,1997-03-26
1.0530,89-6044,VXaLGx,2020-06-24
2.1862,96-0046,oyuqhK,2002-09-20
3.9664,79-1919,XmURVS,1991-08-10
3.3548,88-1107,eZKCDm,1992-04-05
3.9187,50-2143,lYwivd,1995-09-06
1.8190,71-7276,IcNGUM,1999-12-27
2.5773,56-0033,EiYtVF,1995-04-19
4.5311,65-7783,eaWKuD,2012-05-08
1.9145,51-2206,iEmHuF,2004-11-08
2.4720,58-6313,tKpops,2005-07-09
0.7224,91-5221,rcQdHi,2016-06-04
2.9873,61-9574,vKTdai,2002-12-02
3.0975,92-7120,IqmYBN,1997-10-15
4.5423,48-1046,UydGmE,2012-01-31
4.0699,52-0202,JXawou,2012-03-23
3.7072,44-0231,MtWzgN,2017-05-21
0.7919,49-5674,kAaWbN,2018-04-06
1.4049,97-9393,JGbBZp,1999-08-25
3.8871,97-5876,kffUPU,2003-08-11
1.3920,54-7630,GwGVyS,2011-07-08
4.3405,91-3184,TaPKxA,2015-03-03
2.4801,97-2527,kRZxER,2020-01-11
3.5330,91-0868,mlcmhQ,1998-08-14
2.3000,71-3691,WOrzwm,2011-12-01
4.4045,99-3830,SZGcdS,1990-12-15
1.0115,99-0308,srWOWP,2018-05-17
1.1269,59-1000,jSYxjS,2013-07-07
1.8118,51-0650,dtOkUh,1991-12-22
3.0430,84-5715,qbhBND,2020-02-24
3.0753,93-6485,sDKUMs,2002-07-08
4.5761,98-7354,jPPhhA,2006-10-20
1.5716,60-4840,DcXwFl,2002-01-08
2.9098,83-8752,SIpXXV,1990-06-04
1.5276,83-9285,YWdvww,1998-05-30
4.8315,48-5119,JkQPIc,2006-12-13
0.9007,66-2315,wUJoze,2007-03-02
1.0174,58-5513,serKZI,2002-06-04
3.5671,93-5357,DTncIZ,2007-05-09
2.8951,99-8647,FegQWH,2010-07-22
2.3034,95-2516,VznFqw,2010-06-20
4.3407,45-8168,tTgFQL,2011-02-22
3.7599,67-6724,lVToFN,1999-03-15
1.6405,54-6318,eTZvRu,2012-01-30
1.2228,44-4807,dnEpOZ,2000-10-04
4.8569,77-8825,NkbOwm,1994-02-05
3.6362,69-4953,leYlpo,2016-04-06
3.6997,47-1452,rdSOHb,1997-08-13
2.1770,58-4422,kMmGtC,2016-05-30
1.6506,56-7177,WjzmLe,2011-08-12
1.0958,88-4411,vFVUiN,2018-07-01
3.0997,77-7453,STMpsK,1997-05-09
3.9735,77-8598,DWGNrS,2015-02-25
1.3767,75-8624,fJXRAE,1997-08-11
2.7264,67-8922,Giptbs,2015-12-12
4.7259,55-8548,ndhfEL,2007-04-31
4.2634,52-4323,UBCNRZ,2010-12-04
3.0075,81-1269,LtMDAp,2008-09-02
4.4598,88-3046,sRQvAW,2012-05-15
1.8231,71-1056,jXLHoi,1999-03-03
2.7768,44-2352,UPtRgi,2013-04-21
2.3277,88-0598,DDEoMd,2015-09-26
0.8761,52-9094,gWrOSf,2014-10-20
2.9486,54-9589,HkSeoo,2014-12-12
4.8817,46-7114,ymHyDA,1994-09-29
1.5001,46-3065,SDECjE,1991-11-24
4.4626,69-2067,RdQUUt,2008-01-18
1.4143,71-1738,PkuKXF,1996-08-31
1.1916,58-6036,eMwFfp,2003-04-06
3.0360,54-6732,nHkbtr,2000-11-12
4.8344,90-0988,nrJIRw,1995-06-17
0.7098,54-3395,cyjvKW,2008-01-17
1.1438,51-0970,OjpnFp,2011-06-28
4.5585,64-4592,XSOavN,1996-02-01
1.2584,85-0972,eLwLez,1997-05-28
1.6721,57-8534,ywpXYf,2015-02-02
3.5810,80-2483,IVfEAd,2002-02-14
4.0023,88-1118,ZoAMpb,1992-07-17
1.0991,94-1642,BZRXqA,1993-03-28
2.9692,85-0549,WbPACd,2004-06-30
4.5804,55-9297,qAlhwS,2000-01-18
4.6201,73-7305,yAdHjo,2005-07-29
3.1846,81-2060,WXAjtK,2013-06-18
1.3054,59-4563,ixIbFH,2013-01-18
1.2536,52-2541,rDjdOm,2017-09-11
1.1115,69-8645,RNDtMN,1994-06-23
1.9183,43-3512,cSHToS,1993-11-30
4.2924,64-8746,oYvRgq,2015-01-17
4.5117,45-6770,TpAbzW,2009-12-08
1.2003,88-5232,mZPeLP,2000-09-06
4.2881,74-4825,lMTYSQ,1999-12-19
3.1715,78-2425,AiNCmy,1993-06-01
1.6867,52-2260,ZzUOFQ,2012-06-04
4.3076,59-3750,PyoFGm,2009-12-15
3.9146,71-7297,UQjDUa,2019-02-20
4.9261,58-9144,AJZKJH,2016-09-22
1.9262,53-1982,TuLTuy,2005-01-04
2.2277,75-9484,jXUeiD,2020-01-12
4.1534,56-5665,QkbUlu,2004-08-01
3.0557,45-0176,jHEACU,2012-05-23
4.9667,60-4932,GfuCyl,2014-08-01
1.7254,72-3783,xLUPiQ,2014-05-24
2.5069,89-3188,QexatD,1995-04-30
2.3518,59-9016,eSDCeT,1996-12-09
4.8576,61-0937,hmENBJ,2013-10-08
3.6598,43-5898,GCelWr,1996-03-31
4.5563,88-1444,mVGWEV,2019-06-01
2.4130,76-4335,VZjMjA,2004-07-27
1.7410,73-5724,uPYLQQ,2000-12-31
2.3633,74-7570,ggRzvK,2016-05-03
4.1588,95-5116,YbUlFk,2007-02-22
4.9061,57-9619,aUONRf,2008-05-08
4.9986,58-4633,NgPdvz,2018-02-11
4.7617,91-2809,Edpozv,2018-05-26
1.4531,92-0468,IsEWwB,1994-07-28
2.6045,56-6778,jVXZcv,1997-12-31
4.7806,43-8828,WSgiZC,1998-02-02
4.4259,99-6625,GfdMXn,2015-11-16
1.0225,65-4624,muUWWm,1996-06-05
2.0751,53-3466,TsVEGi,2002-03-10
3.5793,43-0672,crIfRK,2009-02-27
4.2823,66-5083,AGAZRh,2017-07-21
4.9435,80-5079,iWeMEK,1992-08-22
3.3721,69-9599,Mnhopz,2015-01-15
2.5998,88-4894,YNCRpw,1995-02-10
2.2705,53-9356,vAWWPq,2005-03-22
4.9318,96-9533,DPvkXr,2002-03-14
2.8975,97-2875,nMWnup,2003-08-02
3.9319,68-2215,eayEEg,2012-08-21
2.7142,47-4070,zDqpFX,2016-11-06
4.6666,44-6215,vGXTDR,2012-12-05
2.2895,66-3424,MhpsiH,2000-03-06
2.2160,79-6221,HbZBah,2019-05-22
4.0797,82-4702,UZSxOK,1996-04-29
1.6898,48-5628,VndKyB,2013-02-25
3.7341,68-9336,cVMoiv,1991-02-20
2.1525,48-0289,pIqVKC,2018-05-24
0.8598,67-9339,bqZpWL,2011-08-23
4.1445,66-6618,wtKAJD,1992-02-06
2.8309,93-8914,lHoUdV,1990-09-19
3.3395,63-2689,sTBAvv,2006-12-10
3.7253,81-1525,ghLQht,2020-02-21
1.4515,57-7583,fWkGSg,2005-04-30
3.9396,90-6741,zNjOjV,2001-10-21
3.8378,51-5961,udlajs,2014-04-09
1.0185,79-2118,HVZCeI,2016-09-05
1.0440,64-2760,pEUaox,2018-01-05
1.4938,94-9842,zwLmkP,2000-02-28
4.3795,82-6510,OIhAgS,2012-08-31
3.6930,44-8790,hWvbfM,2015-10-15
4.2425,82-5848,CEkymc,2016-08-13
4.8329,61-6490,PWAMTi,1994-08-31
3.5131,45-6677,VKSUxr,2002-10-22
1.3007,45-2120,puPQyT,2003-11-12
1.4826,47-9228,ruUBxZ,2010-04-31
1.9651,58-8545,yVgAKD,2008-08-13
3.6396,63-6184,AMudag,2001-06-10
2.9780,69-0367,RWjZxM,2006-10-02
1.2854,63-9817,fQJvis,2005-12-30
4.6443,61-4743,wbKxIV,2003-02-27
4.1801,98-9273,WgtckP,2007-05-06
2.8106,92-9485,jEMYkL,2012-02-09
2.3824,69-0968,vjvSoY,2018-08-04
3.4758,76-6612,leKfGF,2004-11-03
1.4612,71-0025,MowsuG,2007-09-08
4.4945,64-7187,cRlQiE,2018-08-17
3.5465,80-6900,yNmgBl,2014-09-18
2.3791,86-9614,XQMmwK,1994-03-17
3.5095,61-4326,cFBgxW,2005-02-24
4.8527,70-3725,EytzUh,1993-05-18
0.7967,83-2695,bjpraB,2019-04-07
3.5986,96-9713,mUsgBi,2007-03-29
3.6512,54-4363,OkVVzM,2003-03-24
2.5167,95-2615,odEnMf,2003-09-09
1.9645,44-9635,VnMYCX,2013-05-10
2.8458,46-6783,cxczSK,2001-10-08
4.2298,75-0801,Tdmyzy,2002-03-04
0.9760,88-6917,CdbJdX,1996-06-22
4.8609,85-3701,hzzcox,2001-04-25
2.5724,74-5537,yHWSeF,1995-08-16
4.2178,72-3357,MrexHr,2000-09-16
4.2797,71-6651,XyTKfr,2018-03-10
2.1389,79-7072,ydAPiN,1993-09-26
4.6524,71-3141,vCVErm,2002-07-25
1.5540,73-3809,tMjOcx,1990-06-08
4.7007,64-6603,KQEwHV,1997-03-19
4.6287,55-5960,xyNiMq,2015-07-31
2.8751,68-3518,mdJKLt,1996-09-18
0.8760,55-3294,slHFtE,2011-01-15
4.2879,72-4898,MWCpss,1992-12-16
2.6466,48-1551,RVxkpN,1995-08-11
1.2374,66-8823,dvXJQd,2017-08-10
4.6603,64-8705,FEHcZM,1999-08-24
1.1903,58-4819,xQlHXs,1996-05-19
1.1154,46-4892,lnJtFK,2009-10-05
4.7385,49-0154,iKOnPM,2004-10-20
4.8425,57-6506,tknKuU,1991-02-03
1.9944,65-3536,mYaCzC,2018-11-01
4.1268,56-7844,lEblTT,2016-03-05
1.8311,56-0020,grOZZj,2008-12-01
3.9724,99-2561,PaPWyv,1996-05-15
1.2264,58-9101,KAiorh,2007-07-31
2.5759,49-8653,LtJBqP,1992-09-07
3.5903,64-0046,Ryhuot,1995-03-02
1.6850,60-3007,TgsIaQ,2005-11-09
1.0949,44-4464,DfEmvh,1998-11-26
1.7782,52-4798,ahCLDT,1998-03-13
4.0255,43-6493,LtKLtR,2001-11-10
0.9042,77-7750,fkxRWm,2017-07-20
3.1915,72-8319,VOzMdr,2014-08-09
3.8955,69-5674,FlcaJz,1995-01-05
3.0299,56-4298,vpNLjc,1998-09-15
1.8852,54-4773,BKBXBL,2005-11-02
0.7705,72-0272,aJDAcr,2010-05-26
3.6469,64-3813,HqmMrl,2013-03-03
3.0105,89-0773,LvYRsv,1997-07-01
3.5773,64-5889,oJzrca,2019-10-14
2.8442,87-9397,GemtSr,2005-02-15
0.9817,97-7300,xbjVlX,1999-04-10
1.6637,66-3932,uCBZqE,2018-11-21
3.5808,82-4042,sSnFMJ,2014-02-01
2.8916,57-3306,XBDNTt,1996-06-03
1.6101,81-4777,ujcOfA,2003-07-30
2.7502,77-0466,ieCHgI,2003-02-17
2.5585,66-9370,LnAzmu,2006-03-14
4.3816,89-4991,jDvIra,1996-11-24
3.0392,94-9026,sZyfvB,2004-06-14
3.4091,77-4389,QGjmwg,2019-10-29
2.8007,55-5154,VwrCSP,2001-11-16
4.5041,58-1244,GfCXiI,2020-05-29
1.0347,50-0430,OMhgkN,2007-05-15
2.5592,98-4466,aeyYYB,1992-01-08
2.2823,46-8836,XRkpwy,1997-03-24
4.0015,80-4520,yQDJfX,2006-09-07
1.9379,83-7408,krYzzP,2012-04-19
2.6074,69-0570,JYTuiT,2008-06-03
3.3456,81-3855,lOpjiG,2014-01-23
1.1151,57-1546,UBAoaM,2015-11-12
3.7922,94-6107,nueeYg,2014-01-12
1.0877,94-8504,LeWZrV,2005-03-13
4.6467,74-1510,eQMfSS,2012-09-06
2.6640,77-2978,jbVjzM,1998-07-17
1.5912,78-6230,bTJcVz,1991-09-26
2.6080,61-8643,iNPfZe,2001-01-14
2.4891,47-9327,RwhuxN,2020-03-25
0.9624,86-2538,sHjGFo,2011-02-03
3.8674,86-3693,WpGadR,2020-04-21
1.9884,78-7396,lhaGiM,2019-05-01
4.2738,46-8012,aICqdn,2002-11-04
4.5025,72-9111,lubnXq,1997-01-04
4.0903,82-3655,kMEwPm,1993-08-08
4.2259,63-7567,CmlQht,2018-11-05
3.2048,88-5320,wHYlCd,1991-12-25
4.5803,56-8451,KghkGG,2002-07-05
4.5335,78-1982,jqUlQG,2015-08-11
1.6590,50-6864,VaTNME,2012-02-23
3.2406,62-6947,hdLfyk,2013-11-24
1.2193,49-5477,ZLWcQp,2011-01-10
4.8512,57-1723,qXnMFO,2008-05-18
2.8596,48-3640,BHKqNA,1998-03-10
4.9255,84-0832,MMDaFG,2016-10-01
4.2208,89-6978,BhtstN,1991-04-28
2.5349,85-3241,mKPFCi,2015-08-05
2.6157,93-1484,vbfUYB,1993-11-11
4.0871,94-3602,BYGHDt,1995-02-23
0.7455,85-9180,AVkoHR,2011-12-24
4.8786,49-3507,tFbczI,2005-12-09
2.1839,67-2877,EgCXaZ,2001-09-29
4.9482,96-4158,pLPXQs,2018-12-11
4.9643,98-0463,MEtJss,2020-03-18
4.3919,67-3136,JAyKRH,2002-12-24
1.9014,72-5252,irNZPy,1998-04-31
1.7949,60-9706,lVpPFm,1994-06-07
2.2943,50-9913,bXPyul,2002-09-16
1.9010,68-2750,OphWZz,1990-08-03
0.7974,79-4130,NOCTDu,2009-02-16
3.1608,78-6249,elRbpn,2010-07-17
4.0799,52-5941,bdgiZm,2006-03-05
3.0006,49-7811,aWRgAE,1998-10-28
3.2105,60-8142,GDqbSx,2006-08-22
2.5510,96-6368,ywGQSJ,2016-07-28
2.1910,75-1133,LlpqWI,2004-02-24
2.1091,79-7992,NbEDib,1995-11-23
2.5919,75-7894,DyAKMI,2020-12-29
1.7557,77-1711,rYQnGT,2010-08-04
2.9614,47-1085,tiORZv,1994-03-26
1.7033,66-8285,jkRsAQ,1997-10-05
1.8584,69-8954,aGjHEX,1994-05-27
1.3827,91-4259,jxKAfY,2000-09-31
2.2506,92-2429,JTZjns,2004-07-23
3.5766,71-0422,TAEgPQ,1992-12-19
2.6468,71-2945,buFKMR,2017-01-13
2.2734,71-4912,pqTkKg,2007-10-04
4.4856,89-9486,KqjbYi,2005-05-01
1.5774,90-5218,LhQBNP,2019-12-07
3.7184,77-3073,kVrsML,1991-04-23
0.9439,75-7079,IRHcgb,1995-04-07
3.0600,48-7322,wwgVmM,2019-10-27
2.6190,79-6622,YSNWnJ,2009-05-30
2.0605,64-4636,YIZpzd,1991-05-23
2.0913,43-8861,cTKBNR,2009-02-06
3.6347,58-1231,srIxAf,2018-09-22
1.4353,73-0741,XJdYbW,2000-10-04
1.9463,97-1972,ezkTRK,1999-10-04
2.8212,92-3659,lcwLrz,2006-04-14
2.8753,51-6504,LzAZCe,1990-09-29
3.4466,78-6631,wsrSUx,2019-06-28
4.5747,82-4939,kyVuxX,2000-02-17
3.2681,46-6586,YeZjuP,2004-06-11
4.4705,70-5201,YnbZth,1999-03-23
2.8414,82-9703,cTZsHr,2018-07-19
2.7708,96-9560,ZixaPB,1996-10-10
1.2051,60-2861,MQkusg,2011-05-17
4.4435,46-1211,lBKPjf,1997-04-25
0.9535,61-4358,ZuhKqp,2008-07-28
2.6660,53-2565,DSydRf,2020-04-19
0.7657,51-9393,Ejezfb,2020-08-05
3.1523,98-5128,VadVeY,2014-09-18
4.6106,79-4904,SHDyFx,2008-07-23
2.0933,89-5757,MSYAyW,1990-06-02
3.2703,47-0146,YwpbiX,1994-04-21
1.7282,92-0393,JQcYTu,2019-12-31
3.9910,96-5847,KVSOgx,2020-04-02
1.3915,59-1131,VtgADd,1991-11-05
4.8864,49-3182,gYUphA,1995-06-20
4.5523,89-5955,VELqJy,2014-10-12
3.2154,85-8477,gTeHeu,2008-05-21
1.9150,94-6335,SJcQub,2004-05-26
4.4922,53-4839,iDqBtD,2013-10-10
4.7685,53-8664,GXXxru,2012-06-28
4.7070,68-8326,BOOgGh,1992-04-22
3.3601,44-7051,AriIGw,1994-03-21
1.3377,58-8063,vbMYKP,1992-10-26
1.7517,55-5278,QosBpE,2001-06-11
1.0527,91-9900,JsPFsA,1990-08-09
4.3899,57-9939,CuatEh,2007-01-20
4.0036,97-1282,PMiGHy,1998-10-02
4.5219,91-1815,DSqEUy,1997-06-09
1.9284,72-9698,GivqsI,2014-02-02
2.5766,58-6393,SBEEFd,2017-05-10
3.5396,85-0027,ckIDiw,1999-10-12
4.5192,63-8769,scPqpB,1990-08-29
4.7133,89-3539,UVNrNy,1991-08-07
4.2414,81-8416,yXhQAM,1991-05-05
4.6101,54-5849,OmrIAu,1994-04-30
3.0509,80-6600,SMADMe,2018-03-01
3.4047,47-0821,UgNIHe,1999-03-17
3.1791,51-1037,LcvWZx,2003-05-25
3.6882,97-6251,UFnhSf,1993-04-15
3.9360,85-1945,JKRGxy,1992-09-28
4.9683,70-6155,TDgwIP,2010-08-10
4.1671,62-9257,fRwTYo,1994-12-18
1.7889,49-3123,WJIMVV,2018-01-31
1.3076,68-7110,qFavYO,2007-04-12
3.8260,63-5225,FxdxHm,2008-06-28
3.4533,52-2160,UyKWpl,2020-11-17
3.2963,81-9368,Zliezu,2002-08-05
4.1717,51-7560,uukhqf,2009-09-14
3.2037,43-8744,eRkMYw,2009-11-12
1.5971,74-0207,QtssYt,2010-02-10
2.3448,68-6141,hOxfQo,2020-01-22
3.1050,44-1967,UhadIN,2006-05-20
3.4983,48-7311,iqwBun,1992-10-14
1.1444,64-7624,pJhwmk,2003-01-04
2.7195,86-7570,FNoWOf,2005-05-21
3.8472,96-2165,PDQrWv,1990-04-09
3.7804,99-8343,swJUmJ,2019-06-13
2.7435,86-4681,MnMVaO,2001-05-25
2.1079,71-0311,PFtkZI,1994-08-28
1.2415,92-8149,zeAXIq,1995-08-12
0.9667,43-0773,IwJTAT,2004-02-24
4.3560,89-9961,gjWtpj,2019-01-27
1.3897,49-8471,VdcXWA,2001-07-15
4.2742,54-8013,VQijcZ,2004-05-28
1.0465,49-0356,AzMZoA,2007-04-25
3.6108,49-2886,bEdeCn,2001-07-31
2.8512,77-3092,rLLJGR,2015-04-21
4.2274,48-8882,adJpnt,2011-11-13
3.3804,82-7142,YCtBIe,2017-11-27
4.6519,75-5568,CSCFDX,2004-06-16
4.8402,64-7435,SWOMEu,2011-04-30
4.6956,89-9860,oJBcrc,1998-03-26
3.1401,89-3166,HifnYo,2014-12-01
1.8633,92-7449,YpxqLF,2012-04-27
3.2293,80-2572,ipbICI,2006-01-25
4.5071,96-5111,dPgubm,2001-08-09
4.9384,56-7731,cDuCFP,2011-09-19
2.7432,72-0696,hZdeDn,1999-08-27
3.2250,93-0370,qZKHtH,2012-04-25
3.5824,67-9565,oNbhLj,2010-05-11
4.9880,53-9079,dCDLuP,2011-03-18
2.9851,75-9330,mdsjAl,2010-07-18
1.7652,52-4980,HLUXjs,2002-10-20
3.2594,46-4615,ODjlAA,2010-09-17
1.3233,99-9874,sRlmZh,1992-07-30
3.0515,66-9994,JrxiYH,2018-08-21
2.9594,75-6915,VPEUtM,2000-01-06
2.4639,51-2772,usAAeP,2000-07-26
3.1826,78-6295,oPlbch,2003-07-17
3.2540,44-2116,kINpJM,2001-03-24
3.7182,93-2527,sdgpEm,2009-06-14
3.7455,78-4226,oXjvcZ,2005-08-06
4.5945,99-2908,WunKCk,2011-06-28
3.7219,47-8051,JyyfpD,1993-05-27
0.8285,59-7672,XWpvqH,1993-01-29
1.8196,94-2468,nCoGIw,2012-02-23
3.0694,90-7505,kfIqpj,2009-09-31
4.0164,94-6256,FBDmzR,1996-01-08
4.7110,85-6585,qUAIFL,2015-03-14
4.8288,44-6399,UbTNKR,2013-06-18
3.5211,86-6483,hKLRhx,2002-09-24
1.3340,54-3391,QSuQiW,2008-09-01
2.5653,45-9561,sXoyTQ,1995-04-11
4.8249,78-8561,KAJlop,2005-08-30
3.2593,62-5543,zJJKkR,2017-10-16
4.0155,54-3394,fmHzUp,2002-05-16
2.5600,90-8007,rHjEUd,2019-06-11
2.2158,59-5711,YjREvB,2004-12-02
3.9665,46-0065,NoZvMk,1990-08-11
4.9721,93-3679,gpmCJq,1992-10-01
2.0560,99-0140,dCvPjV,2012-12-05
2.2737,45-3298,zzASUp,2019-10-27
2.3139,92-3989,IBtkQt,2013-04-28
2.1536,46-7323,MGbLuN,2018-10-15
1.6477,96-1068,GXfjEU,1998-10-02
1.3937,70-2996,lsrRSU,1993-08-29
3.5574,90-2315,whfQDE,1997-10-18
4.9025,79-4528,eHvBcv,2015-03-24
2.5948,59-9260,AFXfPw,2014-04-18
4.1221,74-0482,bSIpzx,2003-02-28
3.7747,47-6480,uxlqGt,2018-01-22
2.9553,71-5642,MAOKUK,2003-05-06
0.9686,72-5693,zvpQCi,1999-09-16
3.5369,92-4685,WIYTRn,1993-02-07
1.3195,61-9730,koFQbE,2001-05-04
3.8190,64-5794,VrMuHk,1996-07-29
1.7311,51-3304,cSxGQG,1998-02-10
3.4519,45-2475,AFdRkn,1992-07-06
1.6030,74-2603,VyLnWA,2014-09-12
4.6911,60-7676,ZuqJgV,2019-07-20
0.9093,98-9356,hZAACW,2018-09-04
1.6635,63-9591,IlwTBc,2006-06-10
2.6588,60-2828,mVhGuR,2006-11-19
3.6497,91-9376,RYCJJv,2017-09-17
3.8778,96-4748,gfLTRY,2007-01-16
4.1644,47-4008,ZnlmuQ,1993-12-19
2.9033,78-0214,EYfSSI,2008-09-01
4.9678,69-9353,WHrfHx,2001-08-23
3.4345,54-7079,HhgqSK,2013-08-04
2.1645,78-9796,QBnWPz,1996-08-08
2.4896,69-6504,IKSyoB,2015-10-27
2.2182,55-9957,TCkoAi,2004-12-18
4.0601,68-2871,hIdMAu,2009-08-08
1.5902,84-4751,CrxewO,2010-04-19
0.9780,44-1741,OaNUCS,2004-04-09
3.1598,62-9303,nPTVLn,2006-03-17
2.5944,85-2513,JLiqtm,2012-05-05
1.0973,76-9565,IWVqAN,1993-04-24
2.4091,74-6011,IYyWqQ,1990-01-11
4.3917,52-3187,xTBoIV,2019-10-04
2.5762,99-6283,whwASH,2011-12-21
1.6195,57-2272,KYtnoc,1990-12-18
1.4857,73-2974,AbIptw,1995-06-10
0.7121,62-9324,vKmJxx,2001-04-29
1.3941,52-6510,LnLpNq,1990-12-21
1.1772,59-0469,fmevIm,1991-01-17
3.6999,63-0975,ufQTYj,2011-01-02
0.9884,47-1980,EadLXy,2000-04-26
3.2192,48-5664,YWBORa,2017-05-04
1.6104,78-7583,VRMeAz,2010-02-23
4.7913,87-6488,rETNrY,2014-05-04
1.2886,53-3683,hBaCLe,1992-02-12
4.5838,66-9673,ihiErl,1992-10-26
3.2193,48-3688,dOMgTc,2012-10-02
3.2134,89-6496,Ovbqcl,2012-06-01
4.9686,84-3822,GiLOLf,2011-12-19
3.2190,67-3643,fcQYkw,2015-05-28
4.8435,83-8109,IVuePi,1998-05-28
2.1077,50-1041,ZiBSMn,1995-04-20
2.9500,66-8079,vtYEvR,2013-03-03
3.2599,82-3356,iTlrJL,2009-02-16
0.9955,51-7523,UOfshv,2013-05-21
1.6348,90-0490,opbklR,1995-10-22
1.2041,54-1707,dAhavH,2008-07-20
2.7012,55-3510,wOObrE,2020-09-30
2.6490,82-6703,lhsSZD,2005-07-05
3.7386,45-3797,RGZmnb,2003-11-27
4.9450,69-5775,xBmYnV,1992-01-27
1.0584,54-0927,rQfTwT,1994-12-20
2.2615,83-0657,oGQTZr,2017-11-10
2.6497,89-9704,RGHVzD,2017-04-31
3.0503,68-3888,tnSUKP,2009-08-21
4.8573,73-2440,JYAXzY,2007-10-11
1.9316,64-9167,yUIUWM,1991-08-27
1.4410,43-0333,SwYOOe,2010-01-27
0.7261,58-1542,cTrXqP,2017-07-24
2.2762,88-8986,vaTBaE,2007-06-06
1.1532,71-7616,uZXveL,2018-02-11
0.9341,88-0610,oPiluc,1997-12-15
3.6958,77-5435,ZgJkbf,2017-10-16
1.3718,60-3502,lXVFbt,1996-01-28
3.9922,57-8593,IQvlgS,1997-05-16
2.3928,78-7321,AtMpyo,2012-12-19
2.4432,51-4755,iiqCdI,2013-04-03
2.7628,72-5408,rgKzXK,1999-12-02
4.5541,75-8788,tKMuWd,2013-06-17
2.4658,43-1059,TZAsqX,2001-11-12
0.9858,49-8311,BlUzYK,1991-01-21
4.1898,81-0436,MwcUtf,2012-05-01
2.6822,81-0451,SaPHfC,2020-07-15
4.0874,80-2363,pAfULc,2003-04-18
4.8951,56-0481,pNIdGN,1997-07-19
2.3246,89-3668,PHmIrg,2014-03-08
0.9163,91-0092,bFeJKo,1999-03-09
3.9976,90-6539,XKOCDP,2015-07-06
2.4916,89-0328,XxIsKn,2018-09-24
1.8036,96-5346,DEmdre,2011-03-18
2.8644,77-9988,YsECLK,2013-03-05
3.2110,81-4326,kEEbWy,2004-03-15
1.0651,72-7410,bWohWn,2010-12-06
2.8265,98-8450,YqLIXx,2018-05-31
3.3189,76-4375,hUVeFG,2006-02-23
4.8955,96-6998,gGukXA,2013-09-05
1.7998,85-1978,kzSeiY,2019-07-24
4.4286,51-9477,DubUWj,2005-12-11
3.1522,78-8127,YzUsLE,2005-03-04
2.5520,70-1292,PaOVyy,2013-06-11
2.9634,95-1059,ZZvuXh,2002-09-31
0.9526,47-3783,HsStja,1991-07-28
1.3665,86-3621,yMmoEb,2006-07-12
2.3061,69-1428,YZFgsl,1994-05-26
1.4032,70-2667,dCuILU,1998-09-11
2.8237,43-2453,BBsksQ,1998-07-30
2.4485,78-1248,POTbKu,2010-09-26
2.0427,66-6700,FJsjVc,2019-12-22
3.2666,80-1509,hnpMSy,2002-10-13
3.1299,67-9989,bOqgpz,2000-10-07
2.4159,62-3819,OnnSxK,2009-11-26
4.3747,89-3790,Jkrpik,2004-12-31
1.5682,97-9601,kegobx,1998-06-02
4.2906,80-7677,bjjzXa,2008-09-24
4.8687,74-2655,kBOGYv,2000-06-12
0.9620,98-4146,VGYDav,2004-10-30
3.2493,76-3078,fcUvFS,2002-08-19
2.3065,61-3015,IiBULd,2004-09-13
4.3562,69-8525,KUKaip,2011-09-25
4.7059,66-3628,vDLDdb,1998-08-23
1.0376,48-8307,SdZLQP,2002-12-09
3.5847,65-9850,jQIJiN,1993-03-22
3.3922,77-6839,QkfOOY,1997-04-02
3.2982,54-5169,sUvIOx,1998-04-03
2.0858,83-0748,BortsK,2010-02-12
4.2762,97-4714,tGyosi,2020-09-16
3.3245,90-3499,XnWxvI,2006-02-28
2.7946,48-0633,ubWjzv,2018-02-24
1.2369,70-1293,KEYARR,2012-11-21
2.7756,48-3079,eEIpYG,2006-02-04
3.3160,48-9221,ymeBNZ,2017-12-15
3.9383,47-5177,rORRSt,2012-03-11
1.5865,63-4536,rhTLVi,2010-09-24
2.1820,83-5597,KsIsqp,2019-01-11
0.9336,81-2391,uhVZfY,2011-11-02
4.3161,43-7398,NypAuX,2017-01-19
0.9649,67-9759,JMeZIS,1995-12-01
0.9857,75-5258,GFuEOI,1996-05-20
3.1906,83-3437,bLCGvr,2012-10-11
3.6407,90-4459,fFxAyh,1998-05-23
2.8389,98-1031,ezmMAD,2013-08-11
1.8738,91-4830,asIKVh,2019-05-04
1.0425,64-2555,AAMSGI,2018-02-12
2.3373,85-7793,ZeEheT,1990-08-31
2.0753,69-4288,XlNmVf,2012-11-20
4.3411,65-5857,BrbNoH,1995-09-08
3.9718,67-7942,tTGxAn,1990-07-06
2.2473,80-8927,PfXkKK,1997-03-17
4.0580,63-4276,mxRvnA,2009-12-27
2.0973,45-4272,YGPNAc,2012-01-26
1.0834,81-4097,PrdaLP,1995-08-24
2.5293,53-7115,YYGWvv,2014-01-28
4.5954,69-1338,EKiqnS,2015-03-17
1.3536,47-5501,MjRVuX,2012-07-27
1.8896,82-6044,YYpjXh,2017-12-21
2.7687,97-1377,pnNdlB,2002-07-25
3.4360,99-6593,ILNeLG,2003-06-23
1.7153,63-2280,EKxsvy,2018-05-12
4.8917,92-3750,UBozuK,1993-06-29
4.0722,91-8508,GIRKSb,2009-08-25
2.0385,51-9409,nMMqzk,2012-04-02
2.9750,56-3365,lwlycd,1998-09-26
1.1046,55-6006,GaLhnx,2008-08-01
2.4324,60-1656,tyNSSg,2001-08-21
1.5077,92-9346,sEMWgn,2019-12-05
3.1663,71-5954,rOGJbn,1990-05-27
1.7959,83-1426,hmjHvo,2010-12-14
4.8936,68-6646,qGjURZ,2006-06-23
4.4891,53-8940,PpQVPs,1997-03-25
1.7767,66-3869,VvXKxH,2009-08-25
2.4999,87-6560,HIKkGP,2004-12-24
3.9217,73-9517,eOZyiF,2001-04-21
3.3486,58-7236,HLKjGD,2001-01-16
3.6081,70-7443,gudeWx,2019-02-25
1.5166,82-2747,XQtLxQ,2003-08-12
3.5680,78-2364,ASzTlm,2006-07-03
3.7376,72-7729,MVJWsu,1993-04-31
0.7069,57-9561,RPXTpI,2009-08-18
2.0825,43-9833,TsAEaJ,2018-07-31
4.1939,65-2146,ChlvGt,1999-05-22
3.8624,49-3863,VoYWmT,2015-03-06
2.3782,70-9055,PWJPdW,2009-03-14
3.0995,84-3277,fwVrnC,1995-03-15
4.0612,94-7079,FlAyqs,2013-04-13
1.9085,88-2986,XbExXX,2000-04-03
1.8282,67-6860,RPvPpC,2015-07-31
1.5711,89-6066,ZvxkAE,1994-08-01
0.8424,63-4515,TDaDwO,2013-03-01
3.7640,51-3102,xpRyOZ,2019-08-17
4.2621,99-0391,kJMFeg,1996-10-17
4.0179,55-8475,vRIiMM,2013-05-13
3.2163,60-2214,GexRDY,1998-08-30
4.2169,87-2154,Jydqbw,1997-05-04
2.3223,72-6732,zhYzYO,2016-04-20
1.7494,70-2189,EcYMrU,2011-04-25
3.0671,50-0720,nXkzGC,2008-02-01
0.9883,57-0485,SfPXkR,2019-09-16
2.6155,62-3705,lNZeCb,2016-09-24
3.6968,61-6788,sYLiBw,1993-10-16
4.9173,46-1639,BZxIPB,2009-12-30
2.1790,90-4293,ihQTNA,2004-07-17
1.1650,55-7301,wZavkI,1994-01-19
2.0689,67-2249,BJUbDP,2014-03-14
3.4676,92-9928,sSjqtV,1990-11-25
3.5559,43-8929,ICvFcB,2006-03-05
1.4179,91-5008,QTWtHP,2009-04-03
2.6282,85-5994,LfkKgJ,2015-09-19
1.2709,62-4319,CIsIeJ,1990-03-09
4.7142,89-1753,oZGmPS,1992-04-14
4.0663,75-3877,sAGuQB,2019-10-04
