1948-10-17,824,JXCSzl,5
1938-07-25,1960,TEYAPI,2
2008-07-21,1471,dSusco,12
1960-06-22,1716,sWJVgc,11
1902-08-16,1100,stnFzP,22
1930-12-01,1467,lnFxBt,24
2007-06-08,134,ZhBSiN,10
1971-08-12,1926,TbcGbE,16
2017-05-10,218,RFeXPf,19
1950-08-26,781,WAKgEK,24
1988-11-31,161,XfDPOV,15
1934-10-26,100,Gvnyti,9
1974-07-31,1142,mOdgBw,23
2006-06-26,1743,oFvTcR,21
1922-07-14,1475,LExoZH,7
1923-07-28,950,OHHyBf,23
1971-05-29,1988,kULrfU,4
1932-08-26,1212,UmKcnz,11
1963-06-09,415,BFdpIw,16
1966-10-31,1921,vQRiTq,8
1987-04-09,202,OBhcAP,22
1958-06-02,705,ROzywK,1
1976-12-29,1618,lskhUf,6
1920-06-16,368,qxTCgW,19
2007-05-22,366,EDTToc,11
1988-07-16,1593,HMzXxx,8
1915-10-05,589,KcVznv,23
1954-07-07,894,ClBIzn,17
1914-02-20,1521,TNPpdf,20
2017-07-26,1976,kydQNo,14
1923-11-10,739,ePoZVI,9
1977-11-18,1129,hIbHsP,5
1935-11-27,236,YneyBs,21
2003-08-27,439,ncgKkq,11
2005-03-31,665,SRJjVR,21
1924-11-25,1342,bfpexE,22
2005-05-04,1015,IAUXUS,12
1927-02-04,1401,WAEtFG,24
1962-10-25,722,fGLxfD,10
1986-11-14,1112,KZTKVj,13
2014-04-09,127,ikxGhr,10
1974-09-23,302,ujtyJb,6
1906-11-30,1289,kZANaV,7
1984-04-23,1760,WOJhur,9
2018-11-31,161,DddxXy,22
1963-04-10,1695,vBFQhl,10
1984-04-11,1884,grGaTL,15
1930-12-06,1995,qyWXhn,8
1932-04-03,604,mInPun,19
2010-01-28,641,nBHRBd,13
1956-02-26,618,mogLuZ,23
2009-10-19,1757,qGbHQp,18
2019-06-15,1533,iMBsmj,5
1904-11-09,1713,rmIXuv,16
1946-10-28,870,dALrJD,19
1996-11-04,1348,jIrlun,19
2010-09-01,567,NjHjKs,21
1968-01-30,560,Clvygi,8
1936-09-18,1347,AMFknu,23
1941-11-26,767,KcnYmG,15
1931-02-28,269,EEvTFT,11
1952-07-27,1712,EDmPmm,22
2013-04-23,1778,SzlNzA,24
1934-03-29,231,tSpvev,13
2006-05-12,1679,qWHAKX,3
1978-11-06,1285,jsSdEB,13
1904-06-07,995,VfsEmN,22
1922-10-05,1701,Jdzslt,18
1978-12-28,1696,eXAIKN,8
1904-06-04,740,dAqYVp,11
1945-07-26,542,froHMe,9
1958-11-08,1525,uVQiLW,12
1969-10-03,1089,tnqokh,14
2004-12-26,1307,BVQeBm,3
1924-09-23,797,SmAWkH,8
1902-01-22,658,htMwGJ,10
1945-08-18,441,reGTpI,9
1903-12-28,1657,zqyriZ,6
1966-04-21,782,AoChtZ,2
2020-05-28,1855,uMyeNN,15
1968-01-10,688,rwAgxc,2
1985-01-20,1786,NlyMuo,5
1932-06-12,793,ACZixi,16
1915-06-05,1024,CPwQrs,12
2002-02-08,1094,qUAxUW,19
2007-03-22,814,GefLfC,15
1965-09-07,386,KvZGhr,5
1963-11-26,233,DUaiLe,9
1973-11-15,1027,HwBzKz,5
2009-01-19,416,qWPMeN,10
1935-04-30,1947,GLzSPQ,15
1909-04-16,1206,CZtPwn,8
1981-07-08,607,roUHmv,3
1942-06-23,553,ZxHTYq,18
1956-07-03,1220,DjffHw,11
1960-10-19,1017,ArCaQh,2
1930-11-11,1042,MXeGkm,19
1903-08-19,393,ZcUXbY,19
1922-11-30,824,nHrTsX,18
1920-03-28,131,AcmsZJ,14
1978-02-24,1436,OIBWYX,3
1939-06-05,1479,IooVjo,9
1914-05-08,756,pjinlD,22
1990-09-11,842,hPmCbC,21
1977-11-20,1934,OpVJta,9
2007-09-16,217,rkXSQS,19
1981-12-14,1931,FIEhkG,3
1937-02-27,872,mDnkUk,24
1927-06-29,1080,Akgaie,6
2001-05-20,808,pqWlQi,2
2020-03-09,736,vdYiLa,2
1987-01-11,1971,HHzRAQ,18
1936-02-05,125,KhUbNO,17
1927-10-03,495,VdmCtq,4
2003-10-22,1212,pZOTcG,24
1913-01-12,1657,sXousw,1
1930-01-11,1139,sJlSNF,4
2020-12-09,858,RUkOEt,21
2000-06-11,1352,hrnenX,7
1992-05-11,1138,ZVJTMw,15
2003-03-26,257,OYvwve,23
1975-05-02,1620,ffKHAg,1
1998-12-20,428,zxtgBj,10
1937-03-19,1025,ewkaQP,20
1933-01-01,103,GsHGcx,2
1912-10-16,730,PCWMKI,13
1916-03-25,1688,ZmctrR,8
1924-02-11,813,jwTOXd,24
2000-10-01,856,aPdYLe,22
2001-04-25,1794,KlhnpN,8
2002-07-26,254,tvyPMh,15
1934-10-30,1788,bYbHOk,18
2003-06-19,1746,upucUu,18
1910-06-15,1801,BJHogh,2
2009-09-22,1146,Gsxkdl,5
1936-11-29,1192,dwDnAJ,11
1933-03-13,603,yPHJGf,7
1933-06-26,959,SBWCZa,20
1952-07-28,1703,THDiQY,12
1998-06-18,1189,XwYIET,6
1981-10-09,1107,pnmBcI,23
2013-11-13,324,gJKxFe,15
1923-03-20,515,YzGnkT,19
1985-09-08,810,OAVDfP,17
1991-06-08,1130,xXzvEl,3
1903-08-07,356,EIgRri,18
2010-12-17,690,UCgBuu,11
1985-09-22,547,LUciqN,16
1910-02-21,526,ffnzHq,18
1997-08-25,607,ROKCDa,18
1986-03-08,732,HlTPov,8
2017-06-16,182,sglehy,12
1972-06-30,1352,etVCOw,13
1956-06-15,485,ypgGWg,11
1914-05-15,1759,EDYNxh,15
1931-12-24,1184,hzTNTI,4
1952-03-10,1858,KyGKWo,24
2017-04-03,1431,vMVfeu,1
1993-12-21,247,LNLYyM,16
1913-09-15,1458,lRDVTR,1
1941-12-11,948,qBkKru,5
1956-04-14,496,KiIJDk,17
1959-09-18,425,XsSEBU,4
1976-09-28,609,OgkfNJ,14
1963-09-29,1360,PkxFVB,9
2018-08-27,112,CZpgpR,21
1969-05-04,192,JYdlNS,9
1954-10-06,1296,XKReez,10
1982-09-26,1905,zDUWjK,19
1974-07-25,1430,tglSai,20
1985-06-01,247,oxHaZO,11
1937-03-01,1172,bSzyro,21
1901-03-13,1946,BuIWPT,2
1941-08-12,1639,PFgkWI,2
2007-03-30,1932,cJXoOz,15
1927-08-26,883,MXFOQA,4
1997-10-24,285,TACeJZ,22
2018-10-01,569,jKUPsF,13
2016-02-24,618,vlcvXg,14
1914-03-17,1588,MBbodB,17
1904-09-08,1086,QnIQsx,5
2017-11-07,1394,ZlfLvm,20
1938-10-21,743,JVQXuY,7
1938-07-27,1728,FXxOtE,16
1971-03-08,518,SldnKP,14
1962-04-18,538,CbSOKw,17
1952-09-14,228,nhAHQG,5
1966-12-10,1135,hpXKPo,3
1912-07-22,1752,sKWmUq,23
1956-10-22,1531,EFWozA,19
2015-04-22,1126,JtXSDH,14
2013-12-09,554,uyppdz,7
1945-04-21,741,zcjgOH,23
1913-05-18,1628,KtAhIj,2
1955-06-22,1267,XywATC,13
1942-10-01,294,ZRLjbX,2
1976-03-24,1746,QPloFO,16
1957-09-22,617,DWdtuG,20
2003-06-29,243,BQEPuQ,5
2007-02-10,1176,KEkbOs,24
1919-10-06,463,kQaeBP,3
1905-02-27,1850,UPuigp,24
2009-03-07,1261,ePkaAl,1
1929-02-15,611,vCpBGT,21
1905-08-21,1529,zhEOze,3
1910-08-03,1614,RpGWlc,22
1976-12-17,1547,MKkTcQ,14
1905-10-20,1640,zEGHMy,17
2014-10-14,535,hTpjem,16
2006-07-17,1899,AViSIP,13
2019-11-08,1827,uCdlLB,12
1918-06-04,289,AXjnFe,16
1955-05-20,1994,SyTAvr,18
1924-08-11,233,anrziQ,11
1946-07-30,1010,XhYxJb,20
1990-04-20,1605,fZJTPf,5
1937-11-10,1631,UYYKDu,9
2013-11-10,1941,ekfvxK,5
1962-02-28,1514,xjdfUV,15
1935-07-27,857,vJlflS,3
1910-11-29,348,pZAbZq,8
1934-01-01,469,DGbQuB,6
1965-04-25,191,EzEAZu,3
2008-10-18,1026,mbZjSH,23
2017-07-07,1808,YZisoK,2
1902-06-16,715,EthFqx,17
1915-04-22,1095,fCszSy,11
1972-02-05,199,rXVwOq,14
1963-04-28,783,IifMmt,8
1918-09-22,1327,jnmwhX,3
1905-07-14,1321,dVaZVr,20
2007-09-25,1137,QXDOkB,13
1990-08-03,1520,OxTDLJ,3
1910-01-09,840,XgZJAN,20
1994-11-30,910,mUmZei,16
1971-06-27,722,sxDuiN,7
2008-11-28,1519,vGneXq,7
1912-03-11,1642,wNVDNu,23
2020-06-17,1008,VQuBRG,5
1992-03-13,527,RThbVM,21
1976-01-20,1789,WgUQmH,8
2000-02-23,988,uCwFmI,1
1992-11-10,475,NSxdmv,24
1956-03-29,1546,dzgNkr,14
1904-07-24,1035,fhwzoz,17
1931-01-14,1110,mPbTgW,3
1928-10-29,1578,nqTkZe,7
1991-11-02,1219,Kjdidq,15
2017-08-13,1140,qVKHqF,3
1922-05-13,1857,aYAmqy,24
1906-11-07,1741,GQPSTI,19
1997-09-24,1244,odiUfa,2
2008-10-20,561,UxdEmZ,10
1931-08-25,1523,TDyPOZ,6
1923-05-31,480,PRaLAY,11
1919-11-10,1325,ZAAePq,6
1992-02-06,1066,AMqHhD,2
1989-07-18,464,SEShtY,18
1977-08-21,1339,YVoIOk,9
1962-06-26,1674,ctlrza,7
1981-04-17,515,JNdBtb,19
1990-10-25,1982,coUzPd,24
1982-06-21,951,bKDMZg,22
1924-04-28,816,uCPaYs,10
1915-01-03,892,boWcCB,2
1999-12-07,1630,WvCYGH,24
1969-02-20,493,qUseTh,14
1997-09-25,1338,pLiHkn,1
1980-04-14,1247,ujHUZd,13
1990-04-27,1659,QZyZBX,20
1956-08-23,1859,kyqwhG,20
1973-03-24,360,IQNuZy,1
1939-11-21,1119,hwAuzl,7
1990-05-19,1407,JWUDdZ,18
1928-09-17,130,SVPHPy,16
1986-12-07,546,DGKphp,20
1995-09-21,1412,VHsubz,11
1916-03-24,682,DsdFBg,10
1932-09-03,296,hNznMi,20
1917-05-15,962,PddKfh,1
1921-05-10,1634,TCiqCZ,6
1936-08-21,812,DwXsJs,21
1941-09-12,270,pDZLBA,17
1952-01-14,724,iQkVHz,12
1974-03-01,1645,vNChWl,7
1930-06-11,818,nutVsV,19
1978-12-22,480,EohGDy,24
1936-11-25,1990,JGVLuv,19
1994-09-01,1043,fKEGAA,23
1925-07-19,876,SBSBNQ,10
1962-12-19,1666,qRcWqp,3
1905-06-23,1187,hqaArf,15
1949-06-07,125,SotmxY,19
1909-04-29,179,cLtStc,17
2012-07-21,168,sDggtE,10
1950-01-22,385,dvxtYr,18
1937-08-23,1306,nqjzqE,7
1974-11-18,429,hPPgaa,3
1998-04-11,1582,TZEBcj,15
1953-10-27,744,bGjDtW,15
2007-03-20,1309,jiBNsY,2
1983-10-21,136,epOdLc,1
1965-09-10,1902,WxjqBK,12
1974-07-28,1577,GYYvqH,8
1969-08-16,1988,YkNrkK,8
1981-02-20,430,qXBdnc,2
1935-12-25,1815,yxOgNt,20
1991-07-23,1626,kMacBs,14
1932-06-08,1813,zbiSyA,19
1904-01-17,996,qfbQCv,2
1977-11-10,1247,gaQqXO,9
1980-02-06,1366,MkElRG,1
1960-04-16,907,cIZrsU,16
1987-10-30,1904,aavMRj,4
1953-01-23,1784,RtjHdH,19
1925-03-10,1846,GEdWQu,7
1919-03-24,1517,vqFqJO,1
1999-08-12,676,EZChWm,17
1929-04-05,1846,YKBkyM,17
1978-01-23,483,sHETZr,19
1945-12-31,1588,UeEbnY,19
1977-01-03,1861,EblLgo,11
1967-10-04,1914,bFNebs,14
1993-10-02,909,aZltlU,8
1917-11-02,1281,TPWqcG,20
1933-10-03,1281,nohdVX,2
1941-08-02,1379,TtMcIt,16
1906-07-09,1221,klnLyx,8
1930-06-08,1151,VPTtrV,4
2011-10-22,1627,LskhrA,17
2016-04-10,1684,duluFo,7
1941-06-15,399,ManmKG,17
1966-09-26,1178,TjSiMk,24
1942-08-31,946,pHbgBQ,15
1932-09-01,362,TCkSWD,21
1973-03-14,1807,LlCccQ,17
2004-07-31,703,CqAZBv,3
1952-06-28,1547,pbwgWD,5
1913-07-25,935,aefoxP,6
1977-09-10,1573,dbtOvy,1
1995-05-25,1543,GMUovZ,14
1916-04-14,1196,sXVeqS,9
1934-01-31,319,uOMynC,3
1992-07-09,579,UQQCWM,14
1925-06-25,104,hgLJpU,5
1948-06-30,1701,BDKYJs,13
2016-03-22,583,qfChQG,2
1954-06-10,1211,DHbAHM,5
1983-08-15,346,QWTOzS,2
1994-11-22,909,GYkUro,21
2013-09-28,564,boWqfT,1
2020-09-24,339,hdizbT,13
1982-06-07,1005,ELdsqR,19
1907-08-14,955,sIgLSZ,1
2000-03-19,627,teMtSK,2
1916-06-13,1636,IeiECp,13
1918-09-07,136,fnjVhr,18
1964-05-24,491,QHAHnQ,19
1950-06-24,1247,VOfvcW,9
1974-03-06,1298,JcdoPO,24
1965-11-13,1372,ryMGaW,12
1940-11-02,316,YRJGmJ,13
1910-06-08,1229,Wtbqee,18
1909-06-01,439,gecTWv,9
1973-02-27,116,NuUUgU,21
1932-12-03,889,FlFPlX,15
1931-09-16,1153,VELhhd,12
1942-02-28,924,SBspgJ,21
1984-02-16,346,BGjfXx,4
1998-10-21,1734,oSTiZZ,17
1960-06-05,183,FtjeJy,17
2010-05-13,810,xgbWEk,8
1981-04-07,424,VFmdHz,13
2000-02-03,763,SYfePs,22
1996-05-09,1466,sRRTDI,9
1962-06-29,1236,oQMWIg,22
1933-06-17,231,vcBMCA,1
2001-12-04,1196,FkLBga,9
1904-05-27,1547,papSzz,1
2010-01-11,1978,cRjKMZ,8
2014-03-15,656,QOerek,19
1986-11-24,1215,XYAfFi,4
1978-08-15,206,OPnJsd,5
1956-07-04,241,ZvRjfM,23
2016-09-27,695,bUSJKx,9
1959-05-17,430,prVRTR,7
1994-08-13,729,WwdfjI,10
1940-10-20,1154,wsSLRC,6
1980-12-26,625,iSTgeN,8
1941-04-09,260,jZvSHI,2
1960-06-27,1028,eaHRuV,20
1924-01-22,360,buRVEu,7
1993-06-02,1300,lXWhVw,11
1972-11-20,1891,EGnSKm,24
2001-12-20,156,YoqrMd,18
1997-04-04,1988,jDmELV,17
1948-11-23,1634,JWcVdt,3
1955-01-24,955,YTgktr,12
1983-05-25,243,wmLNOx,20
1975-10-27,801,QEIByB,9
1910-11-26,680,aiXzXE,23
1908-06-24,311,aKgsYe,24
1999-06-03,1473,LTGhXk,2
1937-11-19,1048,DBOOvn,4
1974-01-09,780,KlFIID,5
1909-08-27,1605,sHEPJB,20
1911-10-09,314,yBcqly,3
1978-10-28,262,AHnCPY,17
1947-05-09,1249,RrVUlK,22
1987-03-07,1468,mxqtSV,8
2004-02-11,1322,mdEmov,9
1944-10-15,368,Ozyrhn,3
1904-06-02,1363,vLoXnR,12
1948-10-03,1912,MEoLlQ,16
1938-08-12,1838,aHlubA,1
1997-06-21,1213,yiPfwP,12
2004-12-14,732,xzzZSh,1
2017-09-08,895,bRJLRE,19
2011-06-20,1520,CIiKLu,9
1905-03-13,1417,iCQaJt,1
1921-09-18,699,JISxqv,20
2018-07-24,624,aiRiqP,1
1910-07-11,886,pIExme,11
2007-11-18,1547,qPssoR,12
1946-08-08,591,wIeCce,1
1967-03-25,1692,cmgkth,16
2002-05-17,1960,ArBtZU,14
1963-06-27,1045,aBDpKj,11
1991-04-23,574,UGqOuR,4
1905-05-27,1349,Coscfa,6
1902-03-16,1602,fAhtKy,24
1947-09-21,313,EuAJzb,19
1929-09-01,1688,UBqPAA,2
1960-05-08,731,MLeNYc,6
2008-01-10,1029,EJyReF,14
1983-04-10,1291,CKHrDN,17
1949-09-28,459,GxsXaE,15
1990-03-20,546,wlUfgP,12
1945-04-11,902,RMuKmM,9
1996-08-17,1283,PYSmxH,3
1983-04-23,1463,qbgNMr,5
1930-07-06,967,oUmEUU,10
1940-02-07,1321,UYvUEf,6
2017-03-03,1724,vyNjcL,19
1915-06-03,1634,OSZXIl,3
1910-12-19,1195,pZkCfQ,16
2005-08-12,1795,AewnLj,9
1962-05-04,1232,QtIZhH,4
2006-01-07,1528,bRrMBT,18
1987-04-08,1077,OMleZZ,24
2009-02-20,117,zdhsGF,2
1933-09-27,1869,QYbsis,16
1925-03-25,1103,qrpAVZ,3
1991-09-19,1240,IzNIkT,6
1992-03-02,1984,KOPucb,21
1992-10-04,1957,ZSxYOe,6
2006-03-13,355,LAQdNl,15
1955-12-19,207,qxhRUy,4
1957-12-10,916,XzLajO,4
2018-10-04,165,RctSda,13
1975-01-02,1974,ICFCCo,13
1952-03-17,1293,AocKUA,21
1938-02-21,1277,ZVqjsv,2
2018-07-06,1792,JTcpGB,16
1988-02-09,1422,mFDoea,2
1934-08-07,849,XOWOAn,7
1908-02-22,615,FlIbcl,23
2002-12-29,1662,fbbSSK,6
1975-10-16,1574,njFCuH,19
1983-12-14,1467,VEuHEM,24
1983-04-25,1405,zMJvwy,7
1993-04-06,1906,nPoRXv,4
1952-07-14,1087,LrhTBy,22
1982-02-12,160,KaqZlF,7
1927-10-11,553,DRYHhY,13
1960-12-04,1423,XxhVrv,3
1986-06-22,1120,mZNXYL,15
1966-01-18,664,nLUojH,24
1927-03-15,1963,raMQwJ,20
2013-02-07,1428,ZOjvEV,21
2000-08-06,573,FnCpvm,9
1991-02-16,998,KXWmBr,21
2019-08-26,540,NnoKXs,23
1960-12-13,1724,KpIKtD,21
2009-04-04,546,SULalf,7
1987-09-29,443,vhzWoU,16
1998-09-07,1367,NklGOc,20
1978-11-25,762,WxIbEd,14
2008-08-23,1304,DHsinG,19
1945-02-26,1380,NzShis,14
1924-12-15,1597,FhQCBc,17
1962-02-15,1849,dYlaSt,13
1941-07-11,1162,aCJpLL,22
1954-04-22,231,fHkxri,7
1933-08-30,938,xarXay,20
1909-04-31,790,glZIgi,16
1938-10-12,1006,CVFOZb,11
1929-12-02,113,rbHMQl,19
1974-06-19,1726,MscQDZ,8
1909-01-28,1075,LilkIU,13
1923-12-10,1685,pihLmy,21
1983-09-15,1045,ZRRokj,6
2012-09-26,1761,ttVGur,16
1926-12-01,760,FcpURz,4
1983-06-22,1600,IOSNYF,14
1966-11-14,1886,xXznlK,21
1923-08-01,1711,poEnVq,18
2006-08-13,893,StPhug,14
2002-08-18,576,yArgAA,6
2008-11-29,915,fgZmmU,1
1983-01-18,569,dkXKZd,13
1946-09-20,1031,eROBAq,24
1974-05-17,420,NBncuq,11
1914-04-05,1567,pKTgaB,14
1968-02-11,1573,jGMBoM,7
1948-03-14,974,oBPSIp,10
1946-05-16,206,UnFbLW,6
1987-12-01,118,QAWbhF,3
1982-10-20,1020,JOmGCf,2
2014-09-28,1593,CeeYFD,24
1912-09-29,541,ZKXSgb,21
1955-06-26,1175,XZdotj,20
2014-03-29,1419,RJqYpv,22
1996-03-01,713,NsIOGk,23
1994-04-03,467,CSudIh,16
1915-07-15,1930,Tjkeux,14
1947-08-29,443,JPmoyd,12
2011-12-31,575,hfUrko,13
1990-04-22,1691,ZWvvRJ,4
1925-07-03,1003,CaknZj,21
1925-09-24,1005,oewNTZ,20
1910-05-03,1343,XtGKgD,3
1939-03-28,1395,RiebGy,6
2013-11-11,704,rITUoN,19
1935-12-15,1138,qErAhI,13
1901-12-27,482,LBjJvF,14
2007-08-24,369,fhwFTk,7
1984-05-29,1068,tDWQwu,6
1928-11-02,1753,OTuYax,19
1923-02-20,1195,OPNIoT,23
1935-02-02,1872,DCmfbQ,15
1932-06-06,309,DrGbYj,20
1987-09-18,564,FoqpGy,23
2000-07-30,1451,acMLKw,12
2006-05-02,1344,bVzrqx,15
1949-11-09,380,DLyYgZ,4
1939-05-31,619,xjIrBV,5
1912-03-17,1036,BuWiwn,13
1928-05-06,1737,LkwZgC,23
1972-03-20,1613,QBphcY,16
2009-11-02,1987,UnYFOj,19
1958-04-15,760,pGPwgi,3
1999-12-28,1457,tdVtfQ,23
1934-06-04,522,GoolSr,23
1959-02-24,609,sRqqbd,17
1919-04-14,1802,ZyasjS,1
1987-11-02,1301,RsBWCK,16
1946-12-28,910,WnBBWQ,18
2020-09-04,298,QtZkzX,4
1912-09-15,1811,UzUtSu,18
1961-10-08,1082,qwKoeU,16
2015-02-07,542,PHjXKj,19
1960-03-13,1763,ObKpkL,16
1920-02-03,1722,wFZgOZ,2
1969-08-26,244,dIjSPL,21
1969-09-30,1259,xTQtGd,7
1978-11-01,1094,lTmAVz,16
1969-01-28,465,lqtnSF,3
1940-03-04,483,LeXxHK,5
1994-11-06,1615,hnFBzD,24
2011-08-14,883,CMxrRv,18
1944-03-05,1391,VpSprm,21
2007-01-23,1282,ioxGYO,14
1989-09-09,1433,ZZeISL,12
2011-05-09,841,tJDcQj,20
1974-10-02,358,VuoSSF,17
1937-10-03,685,qSOShf,9
1978-11-20,1461,TAFcdd,13
2006-08-01,1555,yLtisR,15
1962-12-04,210,ETckQP,20
2003-12-17,140,iKLnUD,24
1990-09-28,1603,bFfQYc,5
1958-02-01,1160,DkiWni,12
1972-10-24,1559,fuQjVt,14
1939-12-25,786,oyLXmr,23
1942-09-17,1952,mfUCfw,22
1936-06-15,1616,KWeEVP,24
1962-06-12,1717,ATCglY,10
1951-05-23,464,UbIPei,7
1956-11-21,623,IPWUut,1
1971-04-27,437,LAdZjA,7
2013-02-27,739,BYcnfB,20
1910-03-19,1104,LyzCHX,24
1971-05-05,970,vCvVve,2
2007-02-09,1772,DAHmmV,24
2012-02-20,360,QaDwsl,19
1949-06-12,204,vLDlVb,4
1988-03-19,1226,mTTQEK,4
1906-08-11,626,AXScfH,22
1989-12-17,1018,udAfgc,9
1950-03-30,555,JQkfHo,12
2007-12-30,955,TiGngl,16
1960-05-23,1700,TWAZar,6
1996-02-23,340,GZCjFs,18
1935-07-04,204,aBkbrG,2
1982-11-17,1187,bcsuor,16
1932-04-08,909,iFkWgJ,24
1974-12-08,143,cctrXO,5
2017-11-09,820,EQAPWO,18
1975-11-09,1991,PwlKYg,12
1962-03-19,1069,fuyTfQ,23
1928-01-14,111,GmatGA,22
1979-01-17,517,KJthvn,17
2010-03-26,743,mvMRmu,4
1987-09-17,801,ltFuGw,9
2020-01-16,227,qTeGII,14
1919-02-07,570,PaoKiQ,18
1969-01-13,1573,WXDCOg,15
1918-01-23,1737,qipePg,13
1971-08-05,728,sKVPJj,7
1910-08-14,291,wWNVly,12
1949-01-06,423,OWHmlR,19
1991-01-11,104,sJoODN,4
1929-03-20,350,dFRZdI,17
1944-08-01,190,KtpKHi,9
2010-03-05,1919,EondLE,9
2002-02-26,1038,duNffE,19
1927-10-30,755,iNBwDD,6
1913-07-24,1911,rUSMvj,10
1969-01-08,1874,XzHagt,3
1919-04-20,453,LizBDI,23
1945-03-06,1589,ffNlZg,9
2010-02-17,1993,nkemfo,10
1958-04-23,1603,DeGHPe,14
2011-01-28,1858,JbEIDb,3
1908-06-23,1995,ozwMMd,19
1946-05-13,1879,XXAMoX,2
1976-01-29,1654,gumSQj,9
1916-11-05,790,nbkhpQ,6
1965-05-29,126,HVUaXw,24
1930-02-28,226,TUgqyY,3
2001-05-11,1502,pZbBaO,20
1938-07-24,142,KnoBLG,1
1939-09-18,1142,LuGVJL,23
1902-11-25,1983,lEaWzC,22
1952-02-21,674,HLMSSs,15
1936-11-21,107,rNjPqN,23
1954-04-20,1890,dnWShr,12
1939-10-29,1270,aUEMVS,11
2016-03-29,1418,GFOTPo,15
1980-05-30,1639,rPrzcV,19
1982-01-07,1965,JnXjSh,24
1989-03-13,946,WkkGtj,16
1944-02-08,528,xrQIXQ,17
2008-07-16,1274,USBMrB,9
1945-03-12,1427,izjwoe,20
1979-06-05,632,vYUmiR,20
1929-01-11,112,fZlYeW,7
1955-05-13,201,sFFtyF,9
1933-10-02,1067,uRRHxP,6
1999-05-03,914,ulUHiM,3
2009-06-02,176,NRnqpo,16
1997-06-06,222,ylHZvi,16
1969-11-30,929,LDeILZ,16
1913-12-23,339,GDQwJF,9
1961-03-03,1986,apNuSk,10
2012-06-25,471,UWvsxi,20
1998-04-03,315,HXFkLd,10
1947-10-01,197,BHqIbF,18
1979-01-23,1209,ARwEYx,6
1931-03-25,766,wLzETH,16
1984-11-02,1807,AmQfai,24
1907-03-09,561,MfkaMQ,5
1907-08-05,1371,lPkaUK,23
1947-10-06,457,vFGjtG,13
2000-03-07,678,cOrjZU,14
1942-07-20,921,dBYzoh,23
1920-09-27,1994,Lbsbeh,12
2004-10-31,1963,mvAxsz,22
1979-02-05,450,ErvSfh,14
1990-06-21,1049,EBOMqK,21
2007-03-01,1485,PiuXOe,11
1923-06-10,880,VQGLxl,19
1977-08-07,536,VyWcyc,14
1996-02-06,1710,DOciOZ,10
1904-09-21,1286,HtFNxd,12
1964-08-26,1361,ZdNSLq,10
2013-12-12,559,SgRHHV,23
1912-01-29,601,dxufCR,12
1941-07-02,1848,PmvNnG,20
2011-11-03,862,qJVIUd,15
1922-06-13,239,oCUfQW,20
1921-06-20,676,sHcUOU,24
1989-10-04,1150,mKJCDV,14
1929-05-04,548,yBZOaB,3
1948-06-01,1753,RnvMLe,9
1970-12-04,941,BhElKU,16
1951-04-18,1072,tchYZW,3
1997-10-19,1600,QXGRoz,7
1968-06-16,1654,BdUqSz,14
1961-07-24,579,IKARWU,10
1959-02-05,576,HJKqMR,19
1963-12-22,683,bvCFbB,17
1907-11-09,779,nefRep,6
2016-11-21,1516,JKidKX,7
1910-06-19,218,WumNSG,12
1903-11-23,1944,rYwupk,20
1916-06-07,1085,BxQgJA,3
1939-12-14,1797,hKaeBe,16
1909-05-02,409,xsutKz,13
1925-10-11,1163,XNdXmp,8
1936-05-31,404,ICMMJY,5
1996-12-27,1725,kmDgck,3
1917-06-10,1365,rcDuxw,17
2013-05-12,1376,vIaMWU,8
1985-11-18,1354,tObDdt,13
1951-11-05,1929,LCLYhO,3
1937-12-27,602,YWMcBv,16
1954-01-21,1263,JfLxik,23
1981-10-01,385,SrtWxb,14
2007-11-26,1418,OLtEhW,16
1979-05-31,1229,tekYfz,3
2009-04-13,1217,muusbM,8
1950-12-11,592,UqNlzb,14
1913-06-09,525,LNXRxl,2
2019-12-04,1998,KByHKu,19
1983-12-19,1649,JggNqE,18
1963-02-14,1865,KCZbPZ,7
1914-04-27,1099,eajzjT,6
1978-03-03,1198,kawjAz,3
1947-08-01,550,KkqPlC,19
2011-02-25,435,TrlrVy,17
1930-08-26,581,QJJpVx,16
2017-03-21,1882,tzvRHX,2
1934-05-08,710,PhsmoW,5
1966-10-05,363,wkPcZK,15
1942-12-18,1858,HOOaPl,1
1939-08-09,1768,pePdOs,23
1945-03-10,1356,vhOEAk,23
1952-02-12,1284,KSBwSy,13
2016-06-22,1346,QwwFio,22
1951-12-19,1182,hwdbdz,17
1982-02-21,443,bnZXIV,11
2010-08-08,1363,pcJRHK,19
1916-06-08,1223,VCutyS,24
1938-04-01,890,mFLdIV,15
2005-03-17,1705,CDTLBq,17
1993-09-03,1941,NdLNhs,22
1981-08-22,1424,QrpuRC,5
1966-11-03,1516,CQUBkw,2
1942-03-20,1321,wZeGjA,24
1955-09-30,1531,aTIhUr,9
2014-02-26,1017,fapXIN,3
2016-04-17,1154,RzbUNa,17
1904-10-23,1733,EAkkGj,21
1986-10-05,1882,BgExQP,3
2006-05-08,747,CVQWAb,5
1949-02-23,1014,BVOlJJ,19
1974-05-07,266,bSdyCJ,2
1957-06-19,1894,CBkpek,17
2002-03-03,1918,KfiLcs,20
2002-10-24,126,KoRdEF,9
2007-10-01,1080,wiuBQA,15
1912-12-31,909,SWFxBK,23
1901-08-24,1285,KjoWXF,8
1961-11-13,479,FhNaQV,20
2016-04-24,1747,cCXEve,21
1987-04-15,1420,KVTuqd,20
1989-06-29,1605,LPiFcZ,7
1909-02-27,1657,sJAqov,16
1979-12-05,1001,Ugmoup,18
1919-12-25,301,bLpCSG,7
2016-03-08,648,MkyXHn,2
1987-12-30,1203,MIQKTH,17
1958-07-30,960,CHasvU,2
1915-02-12,1600,PSAwMI,14
1940-11-25,408,owajdZ,10
1958-03-09,273,cHbhqI,10
1932-10-23,1054,DReooQ,10
1980-11-28,898,WKahhH,8
2012-09-17,520,zGwenm,11
1905-04-25,1816,PNuYcL,1
1976-11-04,923,OsOplo,11
1967-12-26,789,KmOdyV,2
1988-05-30,1691,fNVrtr,14
1918-10-30,1019,rGfgwx,17
2004-04-03,1403,PyqeTB,17
1933-02-02,905,SvDXOJ,12
2004-12-20,188,PiweNT,14
2011-10-10,312,IjNeaw,13
1988-12-30,489,QNeomE,17
1992-06-01,932,QLIHKD,9
1912-04-15,1734,QUOhMm,9
1977-03-26,188,TpXtxI,16
1991-05-13,909,UymNbN,2
2008-01-24,1829,qKMxgq,15
2003-05-21,1651,qoyeej,19
1949-03-14,1317,xrbJZe,8
1908-08-30,931,GXfNBX,19
1901-05-19,1385,WhFoVH,13
1987-07-28,1095,Mieftt,19
1961-10-12,499,nXrnWo,11
1997-03-29,632,szfpfX,1
1991-06-30,1896,UebVzW,11
1964-11-30,581,huPLFg,1
1928-08-05,1284,chhPTw,15
1992-08-02,1347,Fqldtt,5
1956-01-29,1122,pkPRZN,24
1914-05-23,1991,xpuoox,13
1970-09-13,1480,ZhOuJY,23
2004-06-10,1291,FUFEUF,13
2020-03-30,459,lFJYBi,13
1918-11-02,929,uIjLXk,16
2016-09-13,395,YQcvmC,11
1909-12-01,1772,ALOCyT,13
1956-12-07,1419,zTQond,14
1983-02-02,1010,jLKSPp,18
1918-12-10,1222,utxhCM,13
1980-08-29,1536,yQcXoV,14
1970-08-16,1808,mSqvBp,14
1984-06-29,307,bRNsBH,15
1950-10-30,682,HMMelK,18
1955-07-16,912,qtYEwe,18
1904-02-18,125,ZZGVJU,17
1987-05-05,339,zKdPFN,5
2005-02-24,1967,DoDYBk,20
2014-02-23,612,VtfjpD,13
1992-12-30,692,IvSpUa,11
1910-08-16,439,sgcJUS,7
1967-04-09,1796,XKjYDv,12
1998-08-12,616,jWTnLn,6
1925-04-04,445,zYrsof,21
1998-06-09,268,AEpdVz,4
1955-12-21,1715,DVQZxf,11
1959-05-26,340,WTmQHL,17
1988-11-12,652,FbBhJT,3
1902-04-09,178,TYODvz,17
1962-04-03,826,FplXhm,8
1902-03-02,1329,BNKDcO,1
1923-06-03,493,EfkWyL,15
1933-07-26,485,vLtBEZ,10
1975-11-12,1283,uedQvs,15
1959-06-28,960,VgLNab,12
1985-01-02,1896,iYCkzo,4
1945-06-18,156,gDyoiR,12
1958-06-12,273,SFomzL,12
1970-04-12,871,TFGTwk,3
1969-04-25,493,TeySjy,8
2004-09-10,1389,OEwxca,3
1982-12-23,612,BBRJJD,13
1918-11-16,1034,BforXh,8
1967-07-18,1137,IceYks,4
1901-07-10,1588,XltUHq,13
1944-01-29,1949,bxHvaN,2
1972-11-23,696,TAvElo,22
1957-06-23,406,fVVDJL,15
1961-09-18,486,ptoavS,21
1905-02-04,1726,rKAgnh,11
1933-02-19,1513,CYMyZB,15
2002-09-13,607,MRtFLQ,12
1966-09-31,843,qGSOxs,7
1916-02-08,1083,VUbfhO,10
1919-11-08,1799,FzdckX,1
1903-04-24,918,xVjVON,9
1930-12-02,1794,vLdPka,24
2019-05-03,911,XHUYnm,4
1901-11-10,1719,WlAoao,10
1981-10-29,565,iZbGtW,2
1959-04-05,647,mZXswD,6
2014-08-03,1469,MHveYH,14
1970-04-19,799,ymCnEt,12
1953-04-23,1987,OYQdfE,15
2015-08-17,1328,JcRsuk,12
2007-02-08,1310,wXQMHv,10
1957-08-07,1566,hauTua,2
1919-05-17,681,RIXxKl,10
1974-01-21,320,flTeDL,12
2012-12-09,1896,CsxDRg,14
1962-06-18,690,qhbVZM,8
2006-12-26,852,iVZfqj,20
1977-01-16,1894,CQWmWj,16
2016-11-18,1412,riDlhw,11
1967-09-05,776,gemZUZ,24
1995-12-19,643,RwLind,23
1912-10-07,211,mdtRIQ,23
1985-01-27,799,HNeLOS,7
1980-02-02,1931,eKbfvy,10
1981-12-17,1762,lHtxeJ,7
1964-02-16,1961,NJpFOw,14
1966-05-05,711,HQFxHy,24
1967-12-24,1289,ZgFvNO,21
1937-09-07,508,ANCniH,2
2011-10-13,1290,zZwZjm,6
1972-01-17,879,gkiQbn,16
1941-01-24,1404,xjYOXc,8
1945-03-18,957,NvTNLN,21
1912-10-24,1756,nGLNdv,12
1934-12-10,1054,raxyJo,15
1945-03-08,1605,CTfYmZ,8
2004-03-14,1256,AxiYyN,1
2005-08-16,687,GZicWV,12
2018-04-16,1202,dDxrwV,21
1993-06-04,160,nibeIO,16
1996-09-28,510,bLBjxL,2
1935-01-28,723,sNeknN,9
1941-06-29,1883,DehGpc,10
1923-07-10,269,vJWMmD,18
1926-08-15,528,PriDcD,4
1940-06-17,1650,riWzHV,1
1983-11-10,587,YDAiSd,6
1946-07-12,1661,kfdmHQ,24
2016-03-09,1994,AsPTJI,1
2002-08-19,147,XQemoe,20
1977-01-08,1253,MthINO,9
2000-03-27,634,EMBJPk,22
1903-03-01,1426,pPmnag,5
1932-01-18,678,mmaZTC,17
1910-02-18,1394,lfaboX,5
1928-12-31,1275,SjStLg,19
1932-09-19,366,evSQIN,14
1901-08-12,1824,EajbJB,13
1931-01-17,1657,dkdatB,8
2015-01-22,1944,shaZcJ,16
1935-01-03,579,qiLlaH,9
1953-08-25,1519,giVZva,13
2014-12-26,1442,DjIavX,17
1902-12-13,831,IgmHNl,13
1946-01-12,116,SpPfmA,23
2008-03-25,1579,FTaSvm,10
1979-09-23,1047,FwWJYw,13
1983-03-31,240,zIKCiS,19
1910-01-02,180,RwUxAk,6
2013-06-30,1053,XMrlrF,12
1990-09-21,1199,cBmjha,3
1929-04-09,1046,uamCJg,20
1920-01-20,1858,jFNSKT,5
1962-12-25,640,kakwgR,17
1984-04-27,568,OhiWAa,13
1928-07-10,1793,NbheOZ,2
1945-10-22,1853,PduMBN,15
1984-07-23,1478,ETKpUL,23
1943-09-30,1130,rsZbOU,6
1952-11-17,313,tIdmoB,3
1996-10-30,1889,IIdnBW,12
1913-07-22,723,AaHCyU,8
2019-08-11,810,diFUeh,12
1904-05-21,798,juiMXi,1
1927-06-06,1172,xCiEVU,16
1905-04-13,1887,OUPmwQ,10
1910-11-07,491,diqZgA,13
1976-01-05,811,iVPWqj,19
2007-06-27,1833,yGYQXV,19
1959-05-30,1529,DzNntV,6
1937-11-14,1170,tiSjvC,9
1965-04-12,1464,qWinjh,14
2000-01-09,1375,Puceuy,11
1914-05-18,1508,QloCaO,3
1967-03-30,363,yKUKvy,5
1989-09-24,392,wqbBBP,14
1954-05-25,1023,pFiZFL,4
1991-09-16,670,rYZFkq,7
2012-06-09,848,WIaSFf,20
1921-04-17,1725,zKwdSZ,4
1926-07-28,1511,kTMngd,6
1961-01-10,196,kAmQVu,21
1932-10-29,1387,vBofpF,23
1975-02-05,1785,ruRTNp,13
1911-01-23,163,gxLCfk,9
1959-11-31,1505,AmQMGV,8
1938-05-18,1211,SCnLoG,11
1957-12-27,152,MMFuuV,12
1985-01-19,1929,NfzPbj,23
1905-06-20,1096,NmWFaw,18
1975-01-20,889,dlbUlA,15
1901-12-16,495,OzDfMm,10
1941-02-21,411,eGOqeo,21
1968-06-04,605,VXgxSf,7
1932-11-22,1360,HDUrfw,2
1932-03-05,514,WPgvrZ,12
1970-10-26,1983,DWrKNc,17
1955-11-13,350,KKNNLA,20
1934-05-03,1058,FvymbJ,1
1909-09-28,121,AWIUhP,8
1937-03-13,1140,bdZDZa,12
1918-04-05,279,JMYfKY,20
2004-06-25,1277,LqVxKQ,23
1905-07-04,1313,MaAGyt,23
1990-02-08,1489,ANdgVZ,16
1950-06-19,1687,aleBzU,4
1987-08-22,909,VndMXU,10
1946-02-10,330,BGurVJ,23
1967-11-20,158,uVwOWB,7
1985-11-26,623,rNQMol,3
1979-08-05,974,TmOWAM,2
1994-01-19,1941,GHISgb,10
1949-11-06,1311,kOyKGt,3
1934-10-29,542,NlRMxv,13
1953-07-24,1631,Nhjjmi,15
1947-06-16,1510,ZscorT,4
1950-02-12,244,xbetTZ,18
1917-05-27,190,NRGRNX,21
1916-07-25,375,CocPdL,17
1994-01-30,808,QhHedU,8
1962-05-09,568,EkltDC,24
1990-05-18,297,AlCNNG,20
1992-08-30,288,EGOEiz,3
1965-12-11,1667,prVIbc,15
1986-09-01,1908,NlBJbU,19
1968-02-22,1939,AeBDzS,15
1942-05-09,1522,snvAox,12
2016-01-18,625,JkAkLi,23
1964-06-16,1220,txEeyg,9
1920-08-05,128,BLuEeP,14
1914-07-11,1477,HppmyL,19
1979-06-28,964,wOwvvo,13
2020-04-19,262,SIpLkT,22
2008-07-01,1976,bMSMlq,5
1908-04-15,1428,MpoSwy,21
1992-05-17,1997,ykHkKX,3
1964-07-18,808,gBsoqs,24
1941-11-28,1104,ZKuYpX,13
2005-11-23,1464,ULdYWe,9
1982-10-22,544,Arpceh,19
1951-06-26,375,velNfh,12
1924-09-02,1217,LiCGBY,24
1928-02-18,602,uEWMpu,3
1917-09-01,1529,bGdswQ,3
1991-06-15,431,kPCeQn,3
1947-02-19,706,EcahAY,24
2009-02-22,1827,BBthUF,6
1956-11-31,140,tczPiR,13
1905-07-31,1326,lvbvHV,14
1929-10-07,1550,strsrw,17
1955-05-21,840,Nyxluj,9
1956-01-22,1919,GVWUJV,9
2003-09-05,1477,wNpssd,22
1919-01-19,1665,eOtHDF,12
1980-09-13,925,YMfIKo,22
1953-08-09,1413,NYetcQ,22
1958-03-29,900,ZejfRR,8
1972-02-26,1517,gOtNPm,6
2013-06-23,1263,JLeNuL,12
1934-07-21,1590,nMPtsL,8
1921-03-20,1049,PTcQqn,18
1954-09-10,1026,BAytCp,21
1935-12-20,700,sXTmMc,23
1917-09-21,1999,tzukrp,4
2003-10-06,243,URahEU,3
1968-04-15,627,gBdKMq,17
1998-06-17,777,UbbuPd,3
1970-06-02,1802,BguTSf,1
1978-03-16,1472,PYDKqO,11
1968-08-23,675,sfOcaZ,9
1939-09-26,943,UCwwjz,1
2011-10-29,1782,wkVMzI,1
2011-10-12,609,VeFkpG,22
1998-09-14,1635,SAbbRj,16
1995-08-08,1876,iclRLc,22
1973-11-11,464,YnlGfw,3
1920-05-08,655,dZTeVf,16
1924-09-10,1176,zMfUyF,20
1923-09-13,813,TvJsOy,20
2010-11-02,786,anAqcm,11
1989-04-16,904,iOulUi,12
2012-11-26,1973,qVdIdN,17
1995-04-12,365,aOmmkX,24
1973-11-14,1159,jGrAub,5
2001-08-16,513,feJwHI,21
1945-12-20,1494,esYtzB,13
2019-09-01,795,QoLuHs,4
1937-02-26,639,nMYJVn,13
1945-10-16,763,AThXma,14
1984-06-31,1796,LFOIbb,9
1936-07-25,1692,ojmhhK,22
1977-10-31,368,QVBuiY,6
1967-09-07,1522,WNXCad,21
1970-01-30,1918,FwMlwq,8
1917-08-12,591,EfyaPN,6
2012-02-25,1143,XzGmPT,14
2008-03-03,1242,KUymca,13
1996-06-01,1041,cAnNQO,5
2008-03-11,1654,bjAUjt,10
1999-07-29,549,DkUnHQ,5
1901-01-18,619,HcXgfO,7
1902-12-18,1773,IBFMQz,6
2012-12-28,1463,GeJVEG,4
1928-12-21,739,fAivZR,17
2009-03-21,1820,mTgzUL,22
1958-11-27,1040,oupSKn,3
1970-12-24,1722,FvZeKz,24
2008-10-11,741,OdYsKv,8
1946-12-29,921,mjjxfR,8
1942-09-01,667,YSqMbT,19
1977-12-01,322,fBsRZp,11
1970-03-23,804,MtAsqC,23
1961-11-24,963,kvVSDs,1
1931-12-12,343,xmWLxQ,24
1966-08-18,1448,qJyBoU,16
1956-05-22,521,qeEMcY,6
1902-10-19,561,azNAHv,15
1924-04-03,647,PWKvxZ,8
2016-01-12,309,mDcPUM,2
1944-08-14,670,fGkXeF,11
1963-08-19,1480,ntKxvi,15
1947-06-20,1554,QaTadD,22
1995-11-22,1849,NVbQjX,17
1921-01-24,1714,pUIKlr,15
1984-05-19,892,oGFuio,1
1914-05-10,1720,BOkZBs,11
1964-06-20,1437,yFoEJF,20
1971-08-24,430,HYtJnm,16
1975-05-15,1584,lUnnIb,14
2004-03-20,774,aMZbDA,7
1973-08-26,1185,SyVAMU,10
1911-08-30,1117,PpAvdt,11
1972-06-07,535,lDfGYA,9
1922-07-31,1258,FgiCYT,4
1960-04-06,401,yQPYnA,17
1970-02-08,1191,TqEgAj,8
1938-02-04,1274,XNqjUR,3
1971-09-12,1033,XSEBFb,16
1917-12-06,664,lcUdxJ,10
1963-02-01,1953,FwtMOV,7
1985-10-20,1692,ihjrPX,20
1936-09-23,157,RrSuTi,19
2002-02-18,1917,nzpbeT,13
1922-01-25,1267,pFyneM,18
1929-03-07,1877,mNmAMR,2
2001-08-21,364,JLQsyT,3
1938-04-14,752,YIpcXx,6
1988-03-08,943,bbsJrD,20
1970-09-10,235,KIcVDK,16
1946-05-10,1534,ZugGit,5
1969-11-24,805,kWzKTR,4
1989-02-07,1538,JgzTSd,1
2013-02-26,805,SXmGou,9
1989-08-19,1087,mpZsYy,14
2016-09-04,685,lLjenH,14
1988-02-14,1941,YoaxFO,10
1979-08-16,1446,jQRxLF,19
1903-09-16,1336,RlBfBB,9
1940-08-19,1033,naLHzc,5
2003-03-24,853,iOwcgL,21
1936-02-20,1994,NKdkyJ,12
1919-09-28,777,WhBbre,11
1935-05-12,490,fHrwPA,23
2016-09-06,377,ivvuXr,24
2014-09-22,1501,iEZIRy,5
1932-04-19,1799,oFYOfJ,18
2010-02-16,1575,JqzjFV,3
1963-06-01,1322,gaqxxc,1
1920-01-17,1420,HgJYpY,15
1990-03-11,1503,gUAkcF,23
1907-09-13,482,ucegbw,22
1954-11-07,222,MhgQBP,8
2011-12-16,1021,zYaJxq,18
1939-04-26,1246,mKjNAg,13
1954-09-23,950,qGdYbd,14
1934-03-05,1826,vThGXg,6
1909-11-15,1761,RyeRYe,21
1953-01-16,412,MtQpqy,6
1934-05-25,981,aEcgaQ,15
1960-12-28,1803,hSVmRr,23
1926-06-30,1623,UWpKob,20
1915-02-17,916,lOqXQd,10
1948-12-11,1475,PDlRdY,23
2003-05-29,518,MRNtSQ,1
1968-04-19,599,UYudjj,15
1906-05-19,1854,igPOOQ,13
1947-06-23,931,DGPDaP,18
1992-04-29,596,otbElu,23
1904-08-11,1246,fkfeYX,23
2002-04-24,944,hzjxtI,11
1996-01-09,690,kvZyuB,11
1969-09-17,981,rafcKL,9
1911-04-16,1915,WIRRWd,10
1987-12-05,1478,hPodze,5
1972-12-17,668,WwFMyN,9
1935-08-01,1770,yrJlDC,21
1920-06-18,1040,LvtHUL,1
1976-03-14,772,VXHXct,3
1952-02-09,1502,rHTSGD,23
1985-05-05,694,wVYLqG,17
2010-08-28,632,shAXOQ,12
2006-03-11,1487,MZRPau,5
1907-08-15,900,PoskpL,3
1933-05-03,1995,sxYLLQ,15
1949-05-23,1436,eovcih,1
1922-01-04,1899,NteFXW,11
2000-08-12,1193,VPXHMK,6
1998-07-12,1642,WFSTHb,9
1960-05-01,1057,RlvYFc,17
2015-03-07,1544,uVtKUP,4
2008-08-25,235,gfOYPe,1
1949-06-25,1678,PaWDIM,9
1965-01-16,1614,HbTjeu,7
1946-08-29,1976,wWCqUi,24
1919-01-12,1627,cWcteS,9
1970-05-20,1837,HbmJVs,8
1908-08-04,125,vqamqR,10
1963-04-22,890,PGxkUA,10
2020-05-24,757,ptaeCp,18
1996-12-03,442,PgHlsT,7
1925-12-25,318,KOZuKy,2
2012-11-06,537,yFcNXz,13
1926-05-28,1904,PACgVB,19
1964-03-30,561,MRQjFM,17
1995-05-28,459,rEJoOL,22
1965-08-28,1361,VJGyFh,24
1906-04-26,1424,axyWOW,16
1977-08-19,1133,ChXCDf,2
2016-07-30,956,tohdXn,13
1998-09-12,436,BvpSuG,14
2012-04-14,1432,NbcLaU,14
1909-11-28,1260,EGpZWG,16
2013-12-17,1779,HOKcHp,22
1986-08-07,618,jYvQTf,13
1917-09-14,1714,AHuNnl,3
1950-06-05,1536,bLpIAx,8
1930-09-07,319,eeAAXZ,22
2010-11-10,204,NiCqbh,10
1998-11-12,1506,lcQvuw,9
1987-02-17,1473,DVODGY,23
1984-07-01,1961,ZrpUqc,20
2014-12-19,1204,VPfPiI,16
1934-04-18,459,gokaHj,8
1941-03-01,174,eaTWWQ,23
2001-09-05,1957,ItthIZ,17
2008-05-23,492,mQCUgj,11
1986-04-16,1459,CxZwMQ,6
1904-02-10,1006,npZLPq,2
1946-05-07,1008,FrQGba,6
1928-05-30,300,KfHAIG,11
2017-06-24,1480,VhGQBK,1
1936-08-26,810,fjCcNY,11
1979-04-28,290,SrYGDK,15
1937-01-05,1173,QBELiV,10
1987-04-21,481,xoqhyz,17
1968-07-31,279,tmBXSf,13
2020-04-09,1758,aBEYdr,23
1938-08-31,136,gEBtES,6
1940-09-31,1636,tgBehp,6
1971-02-22,1897,spNctz,20
1981-08-27,1448,HguQvL,1
1990-09-23,897,uKEHQq,20
1955-09-23,1856,wFiPYc,21
1984-12-04,1679,pqaqQI,9
1937-05-13,1815,HBSMlI,8
1954-12-19,893,WhpNoq,16
1926-02-21,1729,JvIKYk,19
1970-08-05,1570,qjytOQ,13
2016-01-31,509,nROkrx,24
1974-04-29,292,MkCMQG,8
1927-11-29,499,jdfTBH,10
2000-02-04,854,jdxRUj,21
1974-07-30,716,vaXKPS,16
1955-10-14,495,fFNYzJ,18
1910-07-31,1120,NsoUbk,19
2008-10-17,984,eIhIOu,5
1929-08-02,750,vShBRm,22
1914-04-13,530,MmqiwL,4
1946-02-01,1024,hjUaHU,21
1961-08-03,987,yfHnIa,20
1980-12-03,1229,pZWmdh,18
1986-04-28,1944,kCkjlE,8
1993-07-12,957,NeUyVK,19
1981-05-31,1512,ZBVWnW,11
1912-09-24,601,cHbrpJ,13
1971-01-14,1364,afNQsN,5
1975-07-25,1925,NupRwf,18
2016-05-30,226,baliAZ,19
1981-11-13,1457,aZFgFo,20
1984-05-27,628,sMuCBP,7
1922-03-16,1202,jsFpFR,12
1952-08-12,217,eIHenF,14
1978-06-25,1316,UMLegn,8
2001-07-01,1223,QxpXoL,23
1995-08-02,1674,OvAHqk,23
1918-05-25,1187,cqpHBZ,24
1964-10-15,138,Iaeinn,12
2003-04-26,1572,HHEvSR,14
1945-07-23,1220,PfJSyr,12
1906-01-27,323,uvPWqh,20
1917-01-11,713,uqAlAe,6
1920-06-07,1450,QhLQxY,4
2005-10-22,961,zRsqom,20
1901-02-11,1176,geLCCY,3
1987-03-04,403,KAdKHC,2
2008-09-05,1236,sOtCwc,3
1912-06-14,1847,JbrkhG,14
2014-04-27,1154,rFsdmB,21
1921-07-05,357,fhSFbR,17
1964-04-14,656,NzaUxw,17
1933-06-29,1372,dhplKI,13
1974-02-26,1090,kTPSfi,15
1946-06-15,1226,GzMnIr,22
1970-10-25,1683,boxwVw,10
1991-05-29,1047,SjnTkl,1
1917-03-22,1417,cYeeoa,11
1989-09-16,811,JrvwTT,18
1965-06-23,740,svRzbm,17
1975-11-03,1458,IvjUfH,4
1909-01-31,1946,oJEuJC,6
1934-12-29,881,ByEVUp,16
1923-05-20,841,RbwCSv,5
2017-10-18,1188,TgGhwg,24
1994-11-01,1428,mNNZXj,12
1964-04-18,1023,nCrwbG,8
2012-10-04,1250,ikZFRk,23
1918-12-21,1323,jEPANi,20
1922-09-22,1713,berTVC,21
1934-05-01,457,qlcEGK,15
1985-11-30,1401,OoWKii,14
1987-09-16,1059,pAzCZH,20
2009-12-24,684,bapxTZ,3
1943-08-28,549,FAgoit,9
1947-01-20,603,aXQUdr,24
1939-07-22,329,pmrdGe,17
2008-10-01,1985,rNFUZL,19
1990-11-01,1128,esjhVx,19
2020-10-19,1162,dAaYly,6
1917-02-14,1506,RwVgAy,7
1907-12-03,815,qtpkwG,5
1924-06-11,1371,NjrgKl,1
1902-09-26,723,oYCmtc,19
1955-07-11,596,CnPwSd,11
1950-09-02,1670,UtKkDP,11
1922-02-17,577,LjJnqi,20
1919-10-02,1790,KeVRkf,2
2009-05-17,430,IKYEfi,15
2010-03-22,1967,tQObnW,15
2004-11-29,1935,mWfeZX,5
1935-04-17,1628,OYaSQc,11
1951-10-31,1243,rCyYGF,2
1924-05-16,1103,KaPKXM,24
1918-04-30,1921,YUoAnt,12
1933-03-27,276,XQFjcb,1
1945-07-07,932,Xuwdyr,21
1995-07-09,575,atbBXR,20
1908-01-06,256,qOcEGr,12
1938-06-02,398,eYfifn,15
2005-12-10,500,NfOFml,19
1936-12-08,1564,SFQOzu,16
1988-10-03,304,FNFyjB,20
2009-10-13,981,yBwpvq,12
1972-06-14,536,OyLSBK,19
1978-09-05,1410,tAAFfB,1
1919-12-18,1135,yKIvmv,8
1932-02-12,925,LlsPIB,24
1918-02-06,692,JLvIjI,20
1975-01-11,1299,hjxUVo,2
1979-10-14,1257,jTVBIQ,13
1954-03-19,1462,muFCAf,1
1931-01-19,571,FHLqWe,24
1912-07-10,274,kMlKsm,21
1972-07-18,762,KyoUFA,20
2008-03-07,1791,zSFLzn,19
2001-08-23,821,QkwZBJ,15
1933-11-29,199,lXbQIm,17
1920-07-02,1136,sVZoQw,5
1942-12-02,1337,wYPuqp,23
1962-08-24,1737,jafdAT,22
1906-06-31,1956,dXzsAD,9
1938-06-21,1545,ZPRJGk,3
1981-07-14,1793,VEqURh,13
1912-11-19,1939,eaueiS,22
1982-03-18,1617,dNzchq,2
1924-08-13,1454,UKdngT,4
1922-03-01,358,LUFlSz,24
1927-02-19,1938,MvebAf,24
1945-03-30,1182,boOTjb,17
1954-05-18,169,bqzYAS,23
1973-03-09,1152,dnkxFp,18
1908-07-11,190,decsVK,18
1985-03-09,1229,GGzWRX,19
1943-10-13,1521,GGeQPs,6
1929-07-22,1327,VDfSoq,21
2019-05-07,1327,PnFiqg,9
1947-10-09,1132,LnkliH,4
2007-11-22,1202,wOwapo,10
1985-01-22,562,dKcqwp,24
1988-03-20,1238,tQWBha,15
2001-07-24,1947,pVCBtz,4
1996-09-03,1825,iXJtxN,19
1908-07-15,1274,FQTaVO,21
1960-04-07,726,JcKDZV,9
1931-08-13,1502,IfBIYQ,1
2014-06-22,1335,AagCtK,9
1994-12-04,194,nHJlYD,6
1942-06-31,1182,RgykeE,10
1922-10-26,1835,yiZIjZ,9
1982-02-09,1881,DqYvAb,14
1945-04-03,760,bHngkq,24
1990-03-01,1732,DkzbyM,17
1933-09-31,378,WeQUaI,2
1914-06-05,939,glmiGD,20
1971-06-02,364,OWObtD,17
1918-02-22,774,ECVili,19
1947-02-25,179,PVtTOa,21
1942-06-12,1488,MKcsuj,23
1974-01-05,1474,FDJSnw,21
1981-12-12,1696,bVMRKT,8
1919-12-15,863,WmTadX,24
1971-03-04,1089,owOuqX,18
1967-04-12,1145,NgGIvK,5
1986-04-14,1529,bLLazy,17
1906-06-04,890,xZsBzs,19
1995-10-29,1042,jzqqVS,20
2001-05-31,1765,dUEiOT,18
1913-02-15,1772,okLTqi,24
1979-04-05,1069,oJwILU,17
1972-09-19,1743,peMiSs,24
2014-12-16,1827,wdHQfv,24
1926-03-21,1037,bbZuHS,20
1990-07-23,350,fgIHgi,11
1974-12-22,1394,AuWFmN,3
1952-01-10,1813,atvjwl,9
1944-08-08,364,PiKdSC,10
1950-08-16,186,mbKwKo,6
1971-06-20,820,GxrtmM,2
1966-06-23,1830,LJhwbT,6
2004-03-22,910,brhLsq,1
1996-07-21,1138,GRhlXk,14
1999-02-18,1606,jXzGKw,11
1941-10-07,1789,ebillV,21
2001-11-02,1837,SOSECx,3
1924-09-24,1998,JjzURA,20
1963-06-07,257,UpZxNa,21
1904-03-29,1548,QtZKmh,17
1927-04-20,1911,HbLswv,23
1930-06-02,602,MlcEur,16
1987-04-05,1217,TJHkve,5
1945-10-25,357,SFJkMl,5
1932-09-04,448,tlzOIk,5
1907-03-13,807,UGzwQc,16
1975-10-05,1310,oVxmWS,20
1905-11-04,120,rOYjri,13
1969-12-17,1219,iCdEVX,1
1981-07-27,688,EpBjDS,21
1989-07-05,1626,Uobiah,15
1971-12-21,1017,iKorjz,8
1984-10-02,117,FxsLPy,19
1993-01-19,1574,UkWAHT,3
2010-05-23,1841,dyxeIQ,23
2007-06-22,1731,zEdtuX,23
1934-08-06,662,lFcmwR,14
1956-05-09,1099,unmnyO,15
1925-07-01,338,JFUtTe,16
1922-07-16,1668,sZLJLq,12
1902-03-11,1513,znNtpa,18
2012-02-02,983,BHKhkF,3
1994-10-22,226,vnEChY,4
1980-12-24,623,BQxKcD,9
1931-09-15,383,MbfBVR,1
1972-12-03,106,edKExt,1
1932-06-19,644,LbQfzr,3
1930-03-23,1234,fsslQa,4
1913-01-27,1010,AMPAsk,15
1951-09-16,955,TeyvAW,9
1985-06-04,951,Ljmtla,23
1995-01-27,961,CzNUqb,1
1947-05-16,1090,yWDBzv,13
1973-11-06,1750,bjHhre,20
1983-04-22,725,jIrmNa,13
1982-01-13,278,GZYDif,2
1953-11-24,1747,Gphrhb,20
1958-04-01,265,rftoJp,7
1981-09-03,501,fUsWhv,9
1921-12-27,1384,hHGsJh,2
1922-04-19,1974,SlungV,1
1932-06-14,1119,WquZVO,7
2010-07-05,1807,lZOEpB,16
1925-06-28,1723,EbHUNC,8
1972-01-28,394,mgInZw,10
2010-04-25,545,PkeyUx,1
1957-11-11,793,ovQgMn,9
1976-04-27,185,NzInWj,12
1956-06-10,1086,fNavKJ,3
1972-01-09,248,rpGvgp,21
1981-03-15,699,TcKvUy,3
1977-06-18,153,YywuOW,4
1914-01-29,117,ojEPGe,8
2001-11-24,284,hJXlLr,9
1971-02-28,631,TkBagE,17
1935-02-20,693,UyElye,16
1908-09-15,980,SJDKAc,16
1948-01-08,972,baqalE,18
1984-12-11,1561,TFCfiS,8
2017-07-21,1749,NySHbk,5
1990-12-02,1127,GIrvsH,23
1992-02-07,1633,WkrBED,11
1980-05-06,754,XTLLXo,2
1961-05-28,1520,ACVZDK,22
1986-08-11,1240,zsxrNO,10
1928-12-07,1943,Jgbkwr,1
1987-03-19,381,uNghad,13
1999-11-05,474,SbtYeQ,4
1929-06-12,830,dzOaoQ,16
1996-09-19,744,oYWGCg,18
1964-08-13,800,uZWhRr,2
1904-11-18,1652,HlBFJZ,10
1962-01-06,489,AZqapk,13
1944-09-06,160,MUfXtY,1
2001-08-09,1905,mOBWOc,5
1932-09-11,1254,tjCxbr,3
1925-01-13,1699,mbOZfG,19
2009-12-03,1057,oVApLi,23
1982-09-15,547,eeePKB,16
1947-08-22,1386,bgnsfx,1
1925-03-20,1618,KtRywr,20
1913-09-21,386,EtsoFj,6
1941-03-13,1282,tVNRqx,21
1973-09-29,670,UwGtBB,8
2001-09-10,1397,USCWbF,5
2020-06-25,314,ayOPDd,7
1936-04-20,166,iEPhzZ,6
1949-04-20,831,nwUEVC,7
1981-03-16,855,ggLzoK,23
1972-11-27,855,qtxQME,20
1959-06-23,458,mJcbST,12
1999-09-27,262,gVrtiE,15
1997-10-25,1018,iTgUpg,11
1995-03-13,1976,hYmYwC,16
1953-08-20,114,WBFBJd,4
2011-11-29,1812,HLGGyK,16
1979-07-25,815,EHCZDp,15
1944-01-27,702,ElznoQ,2
2008-11-09,1571,GMqoyz,6
1904-06-24,345,BmNmRl,4
1907-03-03,890,BhYxOe,24
2011-02-26,1433,NXBzGg,22
2003-10-13,818,OMwIET,10
1995-12-18,1691,UkvuIj,15
1908-10-30,244,RkxIaR,13
2005-11-04,1598,ZbXlWB,14
1956-07-17,681,UODcMy,18
1977-09-17,654,pbdPXZ,10
2005-11-24,1216,DrfZnO,20
1986-04-11,345,mnbUWf,21
1905-03-03,954,rhZKdB,18
1969-05-17,108,WvzpPW,24
1919-03-09,1500,tqOopA,20
2013-04-18,1444,ZlAqpo,24
1910-12-07,312,dfBHAf,17
1940-09-30,1855,nozCqx,1
1960-03-16,172,CimrDS,3
1939-05-24,1824,GwQLRm,12
1966-08-31,1817,ijdQkC,16
1983-09-12,1493,xIqjev,21
2016-11-05,608,NntRUJ,13
1931-02-16,1545,sBDEcm,16
1975-06-28,1294,pgnrDO,6
1967-05-26,401,xPSVVg,8
1939-03-18,1281,QvagfH,20
1989-06-11,786,OzxcHp,5
1965-06-13,1945,JgIsnd,22
1978-04-23,1988,iMKwls,24
1999-04-15,1064,CICAto,22
1934-09-27,713,EhrOKD,13
1997-08-06,1737,MhPwcw,8
2004-12-21,1452,XKxRjr,1
2009-03-12,696,JnKZwd,12
2015-12-22,1637,aMCzir,8
1993-04-19,1833,egdYmd,24
1967-05-10,1286,IiFbSM,21
1966-10-03,231,PFVQOt,6
1960-04-30,1324,lkcufQ,12
1991-07-02,612,ykidwf,14
1935-02-06,1952,UVhfAk,12
1928-10-03,1250,ogtITd,6
1964-01-05,1688,GWHsle,20
1973-01-09,1460,IupPgT,19
1916-12-11,945,MpqHmL,6
1908-01-25,1203,PrHucD,5
1976-08-24,1725,KBSLIX,18
1933-01-24,587,qjeSPd,3
1926-05-18,1728,nhLPlI,21
1913-06-08,118,TDSBDf,19
1969-03-24,1727,zhyLrk,23
1906-09-21,1017,qlnnuf,3
1939-11-25,519,NBzeUf,22
1956-09-12,367,onNGSj,19
2020-12-05,1800,hhTuny,23
1941-09-06,1311,JnzMGc,19
1952-10-16,1762,UOfhdt,24
1914-06-29,949,DrBzIl,22
1924-07-04,161,jmnlue,24
1943-05-14,1066,eREAvl,5
1904-06-19,966,fFXiQo,7
1927-12-27,1841,cWVSMe,8
1947-04-27,1527,cxKfCm,23
1939-09-22,725,LKlZBQ,10
1944-04-16,1841,aQiNYO,5
1904-08-02,1131,fOfxfk,4
1983-06-14,1023,ckelsm,1
1972-05-12,808,vZhLSS,5
1933-02-17,562,QBHiMm,17
1983-11-18,273,vEoPWV,4
1905-07-12,127,xiyKEF,7
1950-06-08,795,HQjnXr,22
1972-04-06,1303,HqZyVT,7
1919-02-09,1890,EyCgPa,3
1992-05-24,1922,dpwgUm,4
1939-10-10,753,dyFwlj,15
1941-06-18,1222,hYLSYO,3
2000-11-19,1583,IPVuQr,5
2008-10-30,1353,CLNuKc,19
1903-12-18,1050,FAwAwS,5
2009-10-29,1466,uFITyM,15
1935-03-20,221,EdRnPL,24
1951-06-08,1541,ctoerH,23
1970-02-18,1879,zqrzFE,13
1922-04-11,1066,YBYXqW,9
1944-04-14,1274,rbQCvR,12
1988-09-26,1750,yZWfJp,14
1989-07-29,1189,SkpzZf,22
2013-12-01,1026,BgpByH,21
1961-06-20,1889,YyGxhh,15
1950-09-29,1060,gFlTHg,9
1911-01-17,118,YWVZnX,5
1945-04-28,136,bGMDgt,14
1930-05-01,918,unSToY,15
1909-02-02,709,uPSQhv,13
2008-08-15,235,DRjYPg,1
2010-09-27,1554,KdqsUy,14
1907-03-23,1918,nfJCKk,2
1951-11-07,652,DAPHCy,17
1957-07-18,777,eQaZvc,9
2008-10-14,328,VkHNov,21
1914-09-21,559,MsUIfj,23
1952-05-12,1809,FnaFZv,5
1909-09-05,648,eSBOVs,6
2001-01-05,1585,bnMJLq,7
1978-11-07,908,jnmFjr,17
1966-03-15,988,kPpFQo,11
1990-11-21,1244,FRTMKz,24
2017-09-29,1397,zkLoLs,10
1922-05-12,805,aGcACY,20
1955-06-21,1814,gbVdUy,7
2016-09-08,707,GKtnjq,20
1939-10-30,1540,kPuAhV,22
1914-04-07,1125,jkhnoh,1
2002-04-12,1300,mRxGuQ,18
2000-04-17,1205,JuyfSu,11
1948-02-13,1238,NcHIgs,14
1996-07-10,867,ekmQbJ,3
1980-01-31,1666,oDJeZR,18
2013-04-03,484,VTdpwg,10
2007-09-22,280,rwXDZK,17
1997-09-13,1243,RIIQjJ,6
1992-10-25,768,pLFdaU,20
1952-02-25,334,bJIIvf,7
1915-07-16,1952,HZzLJQ,12
1970-07-30,238,lMWLDN,4
1923-07-26,1980,QbYzgd,17
1917-07-18,233,tDpxzv,2
1926-02-13,1519,QprMjF,1
1930-03-07,1657,frfELj,13
1920-05-29,483,luSmYb,15
1993-08-29,1191,VnVLGA,4
2016-05-04,862,LlOsKb,13
1987-04-03,1495,rSgTcB,2
1945-01-23,1336,rBIkNs,2
1958-12-25,1049,qauZZL,13
1953-11-04,333,GLaPZw,9
1957-07-27,152,RHoYWo,22
1942-11-15,1605,UtpZgj,9
1906-01-29,847,ztfBYE,19
2011-03-13,876,IaIUZA,13
2009-02-02,1612,adQoyC,7
1912-09-06,1944,yINDoU,5
1964-02-12,1290,RgwLNC,14
1925-12-29,1637,FYRZGo,1
1931-01-20,109,CeHZAu,18
1997-07-27,1415,esKTbZ,15
2015-07-02,243,kFlApO,1
1927-04-27,387,pVtUlj,1
1993-01-14,1497,qcreqr,5
2009-09-29,1906,xJsnsg,19
1929-11-21,914,rScjMS,14
1996-05-29,206,wjPjnD,18
1982-08-22,326,tWmchI,18
1978-03-18,788,hAOyle,6
1932-02-25,1356,cWnxWi,11
1972-04-13,635,fGeUOe,5
1910-05-10,429,oFekIt,11
2007-08-17,498,GGJAmp,4
1970-02-17,361,uGCMZo,6
1967-12-03,1263,vqvNNJ,16
1962-07-19,1048,mIceGF,20
2018-12-24,1421,aVpqcL,13
1941-12-24,1259,kefuDS,22
2002-11-31,742,mcafQf,23
1911-03-19,1900,HYYuqw,18
1997-05-06,178,GHwGee,18
1992-06-26,1209,gXAfvg,7
1922-06-11,1824,VAscqm,7
1972-09-15,147,fQeDJG,13
1946-05-04,1370,CQrlnK,2
1989-03-30,708,HMwrgT,24
1952-05-09,1276,gxMuHP,11
1901-10-04,1958,rjSLul,15
1979-04-11,1675,uoSfvP,13
1986-08-25,497,fWwEQD,10
1992-02-11,1094,nFMDkK,2
1912-10-31,1169,JNbYCD,16
1924-05-21,1372,vnBNBc,16
1926-07-25,1301,fvmvcy,23
1984-08-14,1991,ZRMWeD,7
1980-04-05,1160,YoPTsw,19
1920-04-05,1524,rGkngO,19
1950-11-24,1866,fZvAxo,1
1940-09-08,572,DbziJI,18
1940-08-08,532,pxRbuJ,5
1960-10-21,1143,VWXtwf,3
1938-08-06,1373,bjCAsK,15
1955-01-18,1342,tUpYCd,21
1974-12-01,703,fiFLwo,1
1924-01-15,1209,nBQITS,12
1943-01-24,1852,icXJGH,5
1967-11-05,563,mEIviU,4
1955-01-17,1711,csKJsC,14
1959-07-22,537,vtcvcy,14
1975-03-08,385,XiErDb,15
1974-09-08,913,wBqETx,16
2015-07-09,326,DlziqD,12
1965-01-11,1373,uMObwN,7
1935-02-28,538,ogNJIw,16
1920-12-24,857,dkJyRZ,15
1978-02-25,968,jYFXvQ,9
1995-01-17,238,oxtFTv,16
2004-02-02,1634,TZEDjV,21
2014-12-17,1347,bDizea,17
1990-12-21,1890,HJbgfp,11
1972-10-29,306,sCLgzV,16
1903-03-09,1559,eZVyyg,9
1950-08-25,172,JqGVQT,22
1957-02-23,505,NbkZqq,5
1906-12-31,731,HhTTsI,6
2007-03-13,703,GGJlBG,12
1975-02-24,376,wqXJWV,1
1991-11-29,1094,tMsMoa,13
1905-03-29,997,cviiZM,23
1901-03-29,1789,MhJWGk,4
1942-04-02,875,dLrfKo,8
2010-03-15,845,DMuOgs,3
1941-12-12,896,YPqcpM,7
1945-11-09,196,XnVxjs,15
1908-08-19,122,HwRiUy,9
1968-07-21,826,TwoZeu,6
2002-03-16,1902,FxaLSU,7
2020-03-11,1672,Dehoau,3
1970-08-17,261,shbvWb,13
1941-02-06,1288,YyXZMR,1
1932-08-27,938,VjiiXz,22
1929-02-17,781,NQrTfp,21
1928-07-29,230,dmsmrb,1
1988-01-12,1401,ZyoJCG,10
1953-06-27,1432,lKyWcU,2
1993-02-01,1725,GKcVXE,19
1976-11-24,1148,oMqJhJ,12
1902-11-09,1039,xZvcqX,18
1976-07-24,534,tGsYcY,6
1935-08-07,968,CIDYxa,1
1983-01-26,605,YdogVI,7
2002-05-04,321,fZtiDs,7
1904-10-10,557,nZqrLx,18
1914-11-02,1782,BuisyK,2
2012-12-05,184,Gymmmn,24
1959-03-05,128,uqgkdL,10
1905-05-10,1062,oxiVEQ,12
2001-12-13,929,zbKHMz,8
2006-04-05,1361,NvxqWK,6
1983-08-13,702,kAuymz,8
2007-09-15,1456,keOVkl,11
1965-09-22,1283,sjlTgW,18
1916-09-26,1551,IURYhi,8
1959-05-02,627,rjQgiX,6
1975-10-08,408,FxWWRU,2
1960-02-03,1810,ggmUiT,14
1990-02-20,1161,AVHnug,5
2015-02-16,1647,PjcVHA,1
1927-07-11,1682,TyMHAf,7
1968-01-04,1080,vXvzME,20
2017-11-13,472,PScuhk,4
2004-06-11,673,eRALrZ,16
1986-09-02,1221,bchxPU,5
2004-11-03,177,srLRHm,24
1977-11-05,1304,tXfNXr,23
1983-07-23,772,fuFUEC,15
2016-03-03,696,RFFvkr,24
1901-09-27,971,spijrq,15
2005-11-30,667,oZNSLd,14
2018-12-08,1598,KoDDuh,14
1948-10-25,801,EWQhtU,24
1978-04-22,1003,EkIGfT,10
1966-12-18,1072,iZlClU,19
1904-02-04,1611,duSbiK,21
1935-09-25,287,UwCAQi,3
1916-10-20,1436,xVbBPx,19
1923-02-22,1153,mkGlGF,2
1950-04-24,1756,NkLKlG,20
2003-10-08,767,VbwGYt,4
1908-09-17,1876,bImAze,15
1941-12-31,565,APoSEd,19
1906-02-03,1264,NCcvCU,4
1940-02-09,1841,EcOJlm,2
2014-11-10,842,yyQPUx,7
1992-06-18,277,JWinqJ,9
1949-05-25,1403,imKNYv,3
2017-12-24,433,BhIJEF,1
1964-07-11,1217,PGgJZO,18
1970-08-23,368,qxPSFN,1
1902-06-17,1541,uVFRyw,21
1984-08-25,1566,RGZMwC,10
1913-01-15,1449,juBSfv,11
1993-12-10,1293,DweZAl,12
1955-06-01,1509,eGJGPT,5
1907-10-19,1152,RTPnQs,3
2020-09-28,1314,IACSsj,15
1906-10-17,384,yYOsVz,23
1913-03-08,652,FKCinU,1
2019-09-31,1060,vMrziG,12
1962-09-28,1031,rQDtgZ,22
1936-07-24,600,SduxGv,7
1975-07-13,895,WQnHDv,2
1904-10-18,451,kYSTxr,12
2001-09-07,342,QRxFAI,17
2006-08-29,1091,lCJjcW,4
2017-05-29,187,qxKoez,22
1942-01-31,1623,lWmyEZ,9
1902-12-28,319,kXGkny,2
1977-01-05,635,XKIjbJ,18
1931-06-02,1844,TmOBBc,4
1939-02-13,246,DRytsI,1
1988-07-25,1517,enauOW,21
1992-03-20,274,EbbKAv,2
1986-09-14,1765,lxdYCn,7
1983-12-23,814,WnRcQK,4
1996-01-14,546,UfdApT,11
1985-10-23,1317,AlbEsO,9
1947-08-03,1385,qFzzvU,23
1914-07-08,1259,GaAGvu,4
2008-12-28,229,IFJfWW,7
1927-04-23,1744,rNOdrP,2
2017-12-02,675,dNIJSx,2
1976-09-04,1879,wQsNGh,13
1944-10-08,1426,OdzxeX,6
1918-04-31,1943,NFBsgz,2
1901-10-29,1343,WrqqIa,2
2010-01-07,762,sRtOfY,14
1969-12-16,621,rhkhxY,5
1998-02-05,1944,ObjJaB,20
2000-08-10,211,WJsgtX,20
1923-05-10,1646,gJIpSN,9
1935-04-15,184,IvXmUj,15
1920-04-28,1222,BpHbpD,9
1993-01-21,1864,GtrSES,19
1932-06-11,1180,ZrfjKk,12
1960-04-18,1831,qkQGty,1
1963-12-07,1442,CuwDFC,10
1915-10-20,1554,xLAnnC,10
1961-10-17,153,OTfUbG,4
1932-12-18,1982,yfvYzt,14
1935-07-23,772,voRoiW,4
2018-02-18,1868,jaEAKo,18
1924-02-28,1742,HdrLlJ,3
1910-12-13,1996,aMjaiy,24
1937-10-29,408,fMXTLz,10
2001-04-23,1341,sqOMpp,19
1908-06-13,675,Bitayz,24
2010-02-28,715,RGkgPZ,3
2004-07-24,134,KuQnAV,18
1925-05-30,1477,sogMyD,13
1968-09-25,555,FmLIQx,13
2010-01-19,474,nYJjrs,21
1991-12-15,1502,Wilrid,3
1956-03-30,644,XSmRTv,6
1942-05-21,1069,kQgfeD,18
1901-05-14,893,loyldE,8
1947-07-31,582,KttqeF,15
1957-07-08,1533,yOKdnY,4
1966-12-29,1127,ddrcCe,11
1947-09-05,1271,xowWuE,10
1980-04-03,895,ZRlXqs,2
1957-08-27,512,TOeAJR,7
1998-12-17,1965,CMbzTH,10
2003-02-28,186,UqwNXs,21
2012-02-24,1357,CSfcbD,5
1992-08-18,1629,KjmMdm,1
1911-09-25,1755,HQzbSL,6
1943-07-05,473,XqBEAP,3
2011-11-09,454,vHteKG,10
2018-10-18,365,bQTDkD,23
1957-07-10,910,kcfPBO,7
1912-07-06,1584,VEzhvU,23
1931-01-06,317,jZKbYr,22
1997-12-28,1563,IrUaCQ,7
1926-10-20,868,aHorMP,7
1932-06-26,891,RAcYdg,5
1969-07-17,730,ygpZLZ,6
1916-11-25,369,Jozvuf,22
1939-09-08,675,LxWtMv,19
1932-08-10,914,DYrvvK,6
1929-02-19,906,wXKdyW,12
1925-07-20,587,WJWtvi,1
1979-06-23,764,wBphtA,2
1991-07-31,812,kqRuSb,22
1942-01-24,1214,iftsuH,6
1928-01-17,1025,RizFQM,3
1992-09-03,985,zeVizd,22
1975-06-08,165,hrCjei,14
2003-06-12,1673,ODLErS,13
1906-03-11,943,BurnBf,17
1995-11-17,459,ZZWyPB,20
1913-05-14,1797,hAoUaC,14
2001-10-06,595,PjkKum,22
1989-11-07,766,xMRyEK,19
1935-12-21,1063,UPKOMH,4
1915-05-22,357,XBgbhH,15
1991-07-04,1832,uzhSwr,11
1953-04-07,449,jYAjMH,24
1902-07-30,1267,RFwZue,10
2013-06-29,1772,vVhQZX,2
1938-09-01,623,uGnUFn,23
1936-05-24,999,flyxlk,19
1916-06-31,723,ndWjTn,20
1925-10-30,1978,LHpmTG,19
1991-11-23,1379,UeSCfw,12
1939-04-27,1676,fMxtlZ,8
2005-09-09,1464,yGCMsJ,3
1969-11-01,1648,PICKuI,4
1934-03-18,1523,BDVDZI,7
1956-03-02,1931,pTeILw,9
2003-03-22,197,ciBxuP,13
1906-07-31,1662,kysFVp,24
1995-10-05,1257,jYbAgT,16
1923-06-30,149,SkKPCo,11
1981-06-17,1527,eQfNqa,7
1991-10-12,881,Uhoemf,23
1955-06-10,975,cqlKyL,6
1968-10-01,577,jsPoRK,5
1926-12-15,1144,cRfsRe,10
1964-11-17,1730,tlezGJ,7
2005-06-16,209,bflTBc,16
1998-05-29,1068,pDTEWV,6
1965-09-15,1992,oVpWCA,20
1929-02-03,1982,nZDotf,4
1981-09-20,1969,FkoceA,12
1973-07-12,680,cKalpZ,1
1935-08-24,1028,PBHNtI,7
1941-06-06,1534,gmKzHv,22
1955-09-31,1472,LgpfhA,12
1932-11-17,792,HUGJVH,18
1950-02-09,743,NZMnYW,5
1902-05-01,343,fddYbr,11
1974-03-14,1808,MoqXKx,11
1983-10-15,914,AGZpSa,12
1954-08-08,1191,seIUXZ,19
1953-04-21,1600,cPXaqB,19
1929-02-08,1481,fkgyHY,14
1953-01-20,1054,QTFGXa,14
1913-10-21,1590,oinPmm,17
1926-12-09,1547,ZHIciP,12
1905-05-06,1242,xXqtIM,10
1992-05-26,175,gHeXUe,13
1994-09-16,955,kgAGav,22
1963-06-03,1613,huCuJY,24
1938-02-06,1886,JgzaQw,8
1934-12-30,1947,COUrAi,12
1980-03-15,905,zUdDCl,16
1969-05-18,382,VhFEKD,18
1990-02-19,1143,DnouQf,10
1983-10-01,1347,ZOnksV,6
1926-12-08,324,cSAiIj,3
1968-07-11,1802,gQRviS,14
1958-07-29,1693,nEdmKV,5
1955-09-04,1363,eOPUgP,23
1972-11-28,960,OrKJXf,5
1918-03-28,595,zVirdp,4
1970-11-30,866,yJxSLZ,16
1982-01-31,724,LkOlRZ,16
1938-06-05,211,GQpHvY,9
1968-06-27,1363,biKjrk,18
1972-07-29,1205,HfOQwG,14
1926-05-02,1634,npBmSB,3
1967-12-15,628,JXawcL,19
1997-02-17,790,CRVhkV,9
1970-03-31,1682,LFYbpJ,21
1972-07-21,635,EcEjsI,8
1932-03-26,262,IcGzuU,23
1958-11-05,1060,tfLAhV,13
1976-12-01,275,ICTiZO,7
1945-09-12,1619,XNEzGh,4
1994-01-13,1589,PCeIRc,16
1923-04-09,617,jPWjHE,6
1964-07-30,1005,RQnMaC,11
1939-08-10,310,klnYRR,17
1959-12-31,257,MIuLsz,21
1924-08-09,452,PalgbG,17
1936-05-21,1271,oIeuzZ,1
1968-10-06,1708,LUlkxd,2
1986-05-25,594,nMctmR,9
1930-10-20,1923,XglkSt,19
1944-04-26,837,FbAsNA,14
1926-11-08,1301,kpXrXJ,16
1926-05-22,274,mrwmNC,23
1987-07-02,1549,zMxFTq,13
1957-08-14,1405,WKPYXJ,21
1934-11-12,1958,BpcbnX,13
1934-02-12,1881,fIwJkh,17
1914-06-30,1864,qzDLHb,14
2002-10-27,786,IYuhdR,5
1996-02-07,1828,OSlUtW,23
1933-08-25,229,eedjBD,16
2003-03-31,1194,XnlBWV,15
1959-07-30,305,YRsHNS,14
1952-07-24,498,vZfUnv,11
1986-05-02,1658,ootusj,8
1922-01-07,305,nqLLmE,23
1992-03-16,509,vAluOc,3
1978-12-20,1875,lLwxBg,4
2012-03-15,170,ZEmwBy,6
1943-10-03,1437,GbprNn,7
1987-06-16,1166,smMVlJ,24
1906-06-06,627,xoAPxu,9
2012-06-18,1887,xZZHos,14
1924-03-21,1782,fliRai,18
1935-06-15,1260,OhXCFQ,8
1944-08-07,1800,AdPYtd,22
1970-04-25,1327,ikkiuK,1
1956-09-06,784,Edaejj,13
2015-11-23,1262,qfhMAk,18
1904-12-12,397,PnjNjb,12
1909-06-15,681,ogVgwt,12
1935-02-23,906,UefZgA,15
1936-11-18,1798,YvIPMU,22
1916-12-15,1334,JJEknG,4
1983-10-04,283,jjCvOk,5
1920-02-20,1429,qroivT,24
1977-07-08,293,lHufLF,23
1950-06-21,946,giECJE,13
1956-08-05,634,WbbOze,18
1903-05-05,900,iCwVwL,8
2003-05-11,772,AYuCTB,5
1916-07-15,1643,YSsEcG,12
2004-08-05,619,qJrVKo,15
1934-04-17,1252,WXYXXT,22
1998-08-28,635,wPJanx,22
1916-06-09,1870,VZzzYm,1
1983-11-07,586,KXWSmS,11
1926-08-18,614,sUSVzG,5
1970-08-26,1337,DdvnAt,16
1999-12-05,261,qBwMxj,17
1938-03-03,1905,SUKTsh,24
1937-03-21,377,SNbrjM,18
1995-11-19,862,drDrEh,15
1983-08-14,426,klrNfg,4
1953-10-25,1337,RgpNdF,12
1959-12-30,357,ApnbcV,11
1971-10-19,534,izHmRE,2
1993-03-22,583,UFLRbG,7
1911-03-05,564,AfGqrg,7
1927-09-13,1443,ALDjrT,1
1980-10-26,1968,uJLEDM,24
1925-11-26,320,Uukiwi,21
1918-11-12,842,kAhDnm,17
1962-04-11,1427,YHPwYI,13
1937-01-26,1763,WUYbwc,8
1996-01-27,687,CnCwzk,22
1965-12-30,1821,yUgnnI,1
2008-12-19,240,XxXAtC,11
1977-08-04,269,TddKem,21
1955-06-03,517,xsHeFZ,1
1917-08-18,1277,eygQfp,18
1905-08-08,1584,PVpAIa,4
1963-03-22,178,OWkYvV,14
1978-05-05,906,DhXbxh,3
1981-07-30,330,fuHzBm,18
1932-10-05,1255,jClrQO,5
2006-03-29,1614,NceoKt,1
1979-02-11,183,DehmKu,24
1938-06-06,1758,VoVnlt,1
1989-12-10,1384,XlYRGi,4
1996-11-02,1728,cHLLUK,2
1978-10-23,565,ToULmk,24
1933-01-02,205,xgDFMC,18
1987-07-29,1359,lUWyTq,15
1971-12-29,592,AFhumr,18
1984-03-04,1849,wPfNTM,10
1985-05-09,483,ehnMCv,3
2000-10-02,1314,tWbkWo,11
1920-03-30,561,ViRFnJ,16
2019-10-05,935,jsIwRy,5
1933-03-28,238,XKvFYJ,4
2002-05-30,928,XRDkRf,13
1905-08-23,1331,qjjPDf,11
1956-12-23,1324,wAFHNl,12
1924-08-20,1491,GcZynG,2
1905-09-18,1100,fhpkBM,15
1998-12-24,278,IMQnvH,1
1912-12-04,1933,MajekM,11
2010-09-29,1501,hAFLnl,13
1938-10-15,964,oNUraL,16
1946-02-17,1341,YPtTdn,23
2018-05-16,779,cBACUl,5
1978-11-03,388,tqyHEx,8
1984-05-06,1266,ObCmRM,24
1968-05-01,1761,XeHKBU,22
2020-10-07,126,MpYzeK,4
1955-02-10,1019,HKAIYE,21
1963-07-03,1853,sNSSPg,6
1923-01-05,106,DrwFNP,17
2007-11-11,303,yZkCng,20
1908-02-12,1355,vmwFDR,1
1976-03-02,148,LSIsOq,12
1915-11-26,449,Wfhngm,18
1982-09-27,173,CIuvWc,3
2003-05-24,1709,lxVdsx,1
2006-09-06,314,wqWYuV,4
1947-04-25,1170,BqQqTZ,19
1913-12-20,1976,TMpdIM,3
1980-11-24,1940,atyCiX,14
1969-10-21,1062,bInDhi,1
1919-02-28,1319,MXRkoR,11
1966-06-01,189,woRLWa,13
1951-12-22,1727,oQDAYm,13
1989-04-26,1485,glhrvX,1
1906-04-03,336,akZSWQ,2
1956-02-11,1481,EesLWn,21
1931-11-06,1050,ytTeHJ,22
1984-09-02,142,UoAMFk,2
1989-03-09,624,AEXhxY,20
1972-03-10,502,sKYhFn,18
1901-12-14,242,fmPlIk,12
1908-08-01,1817,pXBBYl,5
1926-04-16,480,CQmqSw,2
1958-05-27,1114,RwXFhH,16
2006-10-10,1993,PYBKjM,4
1918-02-26,756,Tbrjnn,17
1918-02-13,921,BLNmNq,23
1973-10-16,1856,qlfkwd,24
1992-11-22,1200,ZHAidT,19
1976-01-18,1121,qXQkLz,1
2010-02-24,107,hjfcAG,8
1925-06-16,1605,tdBZyy,16
1943-02-18,1166,EyTJfk,9
1926-08-31,997,tUNTql,1
1983-02-27,1797,kYkZed,3
1929-07-21,171,lvyvtN,15
1916-08-03,916,nSCYln,4
1970-02-22,928,GxCodi,3
1933-02-24,1613,hvvuaG,17
1994-10-17,674,duaFek,15
1958-10-17,1936,pCBDFY,6
1985-10-25,1450,bCpJxH,13
1912-12-10,1127,JrdrZa,6
1903-07-03,1710,TITaNQ,9
2019-06-02,881,XgkUwS,2
1961-01-09,994,RagXdQ,13
2002-01-21,1237,kfZdMc,1
1985-10-07,1258,zWQIMr,7
1976-04-11,1452,ZubGUJ,16
1934-05-23,298,BNRPqn,10
2020-05-20,655,fGiJIv,22
1941-11-15,1392,wpJXoE,7
1918-02-09,972,ihORQw,12
2018-05-09,1197,XzXmiI,20
1956-09-25,1519,edcLSZ,15
1978-03-04,404,nQDgTi,24
1978-07-26,686,XQDczZ,23
1979-04-14,921,oFBwkr,15
1923-10-25,1245,gvsxmY,18
1911-07-21,1828,QDyuON,21
1958-02-15,918,YMrlgv,14
1993-12-22,1961,HPYChT,8
2007-05-04,1635,dwaivz,8
1970-09-16,113,BvuzAJ,14
1963-08-13,115,cODQfl,6
1928-03-30,640,XzpBCa,1
1906-08-05,318,IViyXM,12
1927-02-21,706,yimNXS,15
1929-04-24,1392,vJtQFT,10
1995-09-24,790,DXSZFO,8
2011-06-25,448,PhOFst,17
1983-10-22,500,hpTAqJ,12
1939-07-29,1264,CZeLAN,20
1944-02-12,558,UJScSP,2
1999-03-24,1328,QPBLaQ,15
1952-09-20,633,roIRej,23
2009-12-02,1166,bRGnMv,5
2018-05-01,1356,YvbljK,5
1961-03-25,1887,pGfCMr,7
1984-06-07,1264,EmDWTT,16
1927-08-27,1946,PycDcb,16
1902-09-07,564,mCOpXE,17
1923-08-13,1151,zdQuTZ,3
2016-05-16,1766,OzNtII,19
1952-10-04,956,TKxMcT,20
1914-04-09,952,GSpncR,22
1905-06-24,1839,ljCthU,23
1949-11-24,115,jNzSOQ,3
1956-04-02,635,qeJomn,21
1983-10-31,803,mSzFcJ,11
2006-10-26,471,OqNVgh,22
1943-05-05,657,EDhJLn,10
1943-12-16,606,IQhign,15
1970-06-18,1175,zDcRQu,20
1947-05-06,1301,ZsqWpR,17
1972-12-27,1601,SnTeBW,19
1982-12-04,457,JWGDHT,18
1990-07-19,1123,iOHRqc,19
1922-01-28,1283,IhEIsW,12
1975-08-12,218,kksssJ,17
1942-03-25,240,DSFqGy,7
2012-08-16,488,bvimbt,1
1956-08-12,1571,LFHshQ,2
1921-08-06,457,eSWpxw,22
1909-07-04,1720,vOdvxP,21
1921-10-10,159,YmtPUI,20
1935-08-23,1468,mNgzwN,12
1924-07-01,843,pqEnxt,3
1975-01-14,527,eGKPJM,5
1935-09-18,1270,BuoSTn,13
2000-11-25,1771,xSBWcr,21
2013-10-19,1824,IDfmkK,19
1906-12-26,1101,ixbPfP,5
2014-09-12,163,esEmKO,4
1913-01-23,1340,iGvBmZ,22
1930-06-21,490,cmqRsR,7
2006-01-22,964,FLgULv,4
1990-07-08,1358,gWOafp,18
1985-12-20,341,UOYfZB,2
1978-02-01,129,ZUjZko,8
2001-09-19,1033,HkasOQ,13
1986-11-03,597,VWeTRl,15
1971-03-01,726,DcxVCj,20
1944-03-14,1205,UbWJcs,5
1921-11-30,485,dfFLsM,11
1950-07-09,1161,AsuATA,12
2018-01-04,330,SMzLcK,14
1987-04-30,1041,LOURME,2
1976-08-25,1120,ZVUSQe,12
2018-09-12,1345,uspIdw,14
1938-06-04,1331,NJxMnD,1
1960-07-29,663,SnmWsd,24
1974-04-03,1237,RYztdL,16
1962-10-11,760,qwyUQy,21
1984-07-04,1171,yEnBWL,16
1970-03-22,1222,IZCwFS,20
1999-05-26,234,sDjJml,23
1951-01-14,596,BapHKJ,14
1960-04-03,470,FKTHwd,7
1978-07-17,674,DdymAA,21
1970-04-06,1335,aJFkDi,20
2013-05-29,1798,avDngk,12
2008-11-25,237,WGOoMF,13
1952-02-17,815,dUmXUE,16
1950-05-21,1212,owxecS,15
1941-12-30,422,vFVdUq,9
1918-02-25,170,jcxeSj,1
2001-08-22,1145,LDeJLE,8
1952-02-18,1100,Dmwlal,9
1975-05-12,747,ZMygLY,9
1968-02-13,1818,RrIltA,9
1916-05-20,1257,tMhGSq,20
1986-09-16,1220,IOrXpz,6
1929-05-17,1086,yuQZip,21
1983-10-19,962,tGkokF,19
1987-07-26,462,dkRZHl,6
1984-04-08,125,wrBVzx,15
1984-02-15,1701,ZLnoxG,20
1943-10-09,1071,oXXEif,19
1941-09-20,1322,bWEHnm,19
2016-09-11,1957,oysowH,20
2005-12-21,742,LtjNuP,11
1910-05-26,357,dNoueA,20
1927-07-03,1743,aJjMtX,9
1943-07-07,1338,bwYKmX,9
1922-05-30,1377,ktyShd,19
1918-08-18,1223,FKJjDa,12
1998-05-08,1739,NZvAOW,11
1982-09-05,1666,qBFuvq,9
1966-12-16,1341,RztZVG,22
2008-04-08,463,MbVHfn,3
1972-11-07,1358,bgTvdg,4
1920-04-27,518,qFbBeA,22
2011-09-11,1794,vJJqsI,14
1921-04-07,1406,ZvkSmZ,3
1928-12-19,1610,ZFgIJj,2
1979-02-13,201,TOLFEa,15
1909-07-03,1527,KEeJDZ,8
1983-07-26,626,CyqyVa,12
1987-02-24,1377,sRyseU,21
2000-07-02,1356,jkkirN,8
1975-07-03,1479,JnDqRN,8
1930-09-26,566,gbitkH,1
1978-12-04,302,HNesHi,1
1961-12-31,429,MBVimI,7
2006-12-12,460,aOZxdq,5
1906-01-16,1114,UdDzZo,11
1967-11-23,550,ToOueg,11
1987-07-30,1850,MuzZVB,23
1953-04-29,785,IMaCQW,13
1942-12-19,1443,GsJSmd,19
1994-02-12,1158,wVgGQu,15
1918-09-08,527,eMjrRd,11
1988-08-08,118,LnXzYC,8
1941-06-23,315,YEhVXu,21
1951-12-04,1382,TAoxKf,16
1922-04-01,1528,npyviy,22
1923-05-13,796,ujrstm,10
1983-07-07,700,xxKZAO,7
1932-08-15,1648,OPTHnV,1
2020-02-28,581,EqZciC,24
1916-11-24,488,wFRyAM,18
1942-05-11,917,FACgkf,2
1954-06-16,210,OZcItW,2
1995-10-03,440,TIfHns,1
1955-04-06,704,PGSwBm,4
1906-05-05,636,OSoPlf,23
1996-10-01,1662,FrEYzv,14
1942-11-05,912,cIgTIw,23
2017-03-22,946,zYnqLd,21
1902-10-04,1925,Vogwcv,4
1905-11-29,1830,lqqNrT,14
2000-11-12,1053,pbLXdY,3
1980-11-06,106,OtXbxz,4
1931-08-18,759,hFDUiW,13
1939-12-04,371,HIWqGT,1
1915-02-15,328,TaukJQ,21
1901-05-11,1532,tTlJyy,1
1970-08-04,1317,vQWrph,14
1976-09-23,1734,fcgvdR,18
1969-01-29,1980,eWqbuj,21
1904-12-31,221,pwqNSh,6
1926-01-14,1887,vspHso,10
1939-06-09,1220,OLRQMa,5
1974-09-27,1265,sPvnwi,20
1984-04-15,1505,yWZxmR,22
2008-05-27,259,muJTFb,23
1919-07-03,1359,xbnQho,11
1963-11-30,908,rpebFh,11
1993-11-16,1724,woukZl,22
1993-04-04,1381,iWZiTA,8
1994-12-02,338,kVTLrX,12
1923-05-07,1734,MqCYha,14
1963-12-14,1364,xgZHKZ,4
1986-08-08,1275,fAylde,10
1912-06-06,1304,EJKmRk,24
1927-01-23,574,dRLLYD,22
2019-02-09,1790,yCxlhP,10
1947-08-02,1539,gtnLYm,2
2018-02-17,837,PQJMKR,6
1949-08-03,1164,ZKBtDU,24
1919-07-05,219,RNAXem,6
1925-04-07,814,yxpCuh,21
1954-11-09,1403,PeTwSo,13
1958-02-04,1527,dtEgxs,15
2012-09-28,1840,DDUMrp,13
1985-04-27,265,QJQjKN,12
1956-06-11,734,xIgoPk,23
1942-09-13,1223,EvMOTz,23
2003-07-02,671,RSAkwU,12
1935-03-24,1361,kzLQKr,4
2008-01-30,1669,WAqxxk,4
1953-05-25,1484,TaNQam,1
1904-01-18,746,klwDkU,10
1923-06-07,1670,VjeKpP,1
1956-03-16,1813,XFcYxS,19
1971-07-31,1228,SkApQi,20
1949-11-11,1018,dVQRJv,9
1963-01-27,834,FWJJlr,24
2018-07-19,1747,frCEtv,22
1977-03-06,800,IdKoxc,12
1993-12-04,1669,dIUEhv,13
1919-01-04,185,YWBuNY,2
2019-05-23,1718,nXIuXF,15
2009-07-12,1875,ziTrRZ,24
1989-04-25,1689,rRceIV,9
1972-10-25,1194,IIGHMq,4
1914-10-02,1404,enjhhp,11
1999-12-09,886,CTngQV,19
2007-10-19,1302,YajqnR,17
2001-09-01,1233,CtniAz,3
2001-09-03,110,wQPxZG,24
1909-11-20,1396,daDfon,18
1968-09-20,309,GLsPmB,6
2017-08-03,909,qILNMG,18
1982-02-20,1513,EByYjw,13
2008-09-08,261,gmNdqW,8
1979-08-22,1258,quYuNM,4
2011-03-12,348,gFuEks,17
1924-02-18,1321,VAIRSl,24
1902-09-31,569,GWyzhm,10
1913-10-07,1609,dAaxgQ,14
1964-10-20,1175,vbSOjD,22
1905-10-22,330,BGiYPG,5
1972-02-21,1866,yHKXck,13
1979-05-29,1635,tacUpA,24
1973-06-28,437,EjhzSC,4
1917-06-17,1926,BLRKBO,10
1981-08-08,1218,HOmHuf,3
1965-07-18,1200,uQmHTd,21
1934-04-02,167,yrEGqe,14
1933-12-03,929,FxKUgj,20
1969-03-30,698,FHGEQR,14
1961-11-17,795,JnuZip,7
1985-09-20,761,eiQFGW,9
2002-12-03,1965,fuecMK,11
1988-07-06,1868,ZTiMlP,7
1937-10-11,485,UokiFe,12
1904-04-18,1883,ndFcTl,6
2000-08-05,1064,pJpWXo,23
1957-07-11,362,rNpbqC,15
2002-03-14,1401,wPrisp,8
1912-11-15,956,CWYUMO,13
2004-12-24,722,udTLhx,11
1966-01-31,406,yaXZAj,11
1966-10-18,1345,sNvgtX,16
1992-12-04,1149,xBenRB,11
1928-11-16,843,GTPnWN,18
1932-03-21,1189,OYrEPH,5
1995-03-08,1541,FWNUNL,10
1938-05-15,1714,SfSUpq,4
2006-10-21,1348,DGkxpF,24
1987-09-19,1877,utwFtH,18
2017-04-07,404,vgvWGq,5
1993-04-09,1316,dyZdDs,11
1905-02-01,363,eEOxcs,22
1924-05-12,1069,swURRM,24
1967-06-25,903,MIopOu,8
1996-12-15,1284,UgRkyw,15
2000-09-05,1757,AfGsnl,16
1988-06-05,310,Efzgqw,19
1903-08-15,1748,DiwSHL,23
1998-09-27,413,OncLWS,23
1942-01-10,1029,kaTYyk,11
2017-12-21,1479,kfrulN,23
1980-12-22,1373,KqhBga,11
1959-08-03,512,zGxskd,1
2005-12-19,1963,EESaLD,14
1970-03-16,1175,DTILeO,16
1935-01-11,1011,KLSQFg,2
1911-06-07,229,qQnBTx,6
1969-10-08,1665,MQtqmE,10
1984-01-08,741,HAgIVk,8
1975-03-14,191,piUnSP,2
1920-09-21,1866,UNXeDA,3
2015-05-25,1623,dQQrCt,6
1959-11-20,788,KtfJBZ,13
1975-09-14,812,HcyJAE,12
1937-10-31,1363,WMYLmO,23
1987-11-22,375,BZraCe,5
2005-09-01,102,wjMyaM,11
2004-10-22,1936,CBNAje,11
2002-03-04,1110,TpXdbh,2
1937-02-06,277,KvahJE,17
1904-12-22,381,rFnSRg,1
1984-10-11,1601,fBKZjS,5
1975-12-08,823,BEYEkB,16
1999-05-18,200,YkqVBd,12
1990-10-15,1735,wEMxDL,12
1971-07-02,172,cspvMR,1
1935-06-29,113,MwHuHr,24
1981-07-28,1974,fOPIMH,3
1994-10-10,1185,lrUecE,23
2016-01-26,1471,anOCQJ,17
2000-02-19,1710,TZlzEC,11
1934-01-27,959,LJyslZ,16
2003-04-05,1783,SUgeOE,20
1916-03-09,1196,jqOMZX,19
1958-04-19,1147,vWkfTp,23
1941-11-09,1894,NLDIrS,8
1935-03-12,929,nYXtRQ,17
1979-02-09,114,laFxyD,2
2001-05-21,1711,gAulWk,16
2002-11-08,323,VuOWNU,21
1993-11-29,440,cTRBee,13
1936-08-30,673,STwxGZ,8
1998-03-12,1430,DPGWdn,9
1977-02-27,273,vdsfHh,22
2017-02-12,616,DBLzbX,3
1999-01-01,883,wFMTyx,8
2019-06-20,1010,OQHoQO,8
1909-01-26,1778,yNimdb,4
1965-04-13,526,GNWWFQ,13
1963-08-21,1099,gfsHMo,1
1949-02-15,1375,bvkBki,9
1909-07-28,325,PDFBvS,6
1920-10-07,1152,PyIKVH,19
1916-11-01,760,MlYZTB,7
1987-11-07,1379,xhHnLu,3
1984-08-17,1653,BoCMlC,18
2016-02-23,118,agPlbU,7
1973-08-07,1770,BRrvOC,13
1959-08-12,1656,wMoGUx,4
1942-06-18,1552,NMXwjQ,20
1931-08-24,439,WHzESi,19
1942-10-28,654,BhwzOg,8
1984-12-02,1154,fgOtnO,4
1988-09-08,918,TNguEZ,19
2011-07-12,459,PYCuJy,4
1946-05-17,218,ATuZoL,12
1977-07-04,1135,uYDwkk,18
1917-07-02,1352,HMRSwl,24
1966-01-14,1585,QOZrSW,12
1989-05-19,1716,YKwizP,1
1914-04-03,1439,uGxkUe,16
1935-06-25,1196,uCrkKw,23
1903-09-03,869,pImdTA,22
1937-11-30,1222,vuSyyS,18
1925-08-19,1463,UlPFhH,23
2006-12-27,257,BQYNOM,9
1909-07-09,600,oYRETu,24
1955-08-02,1243,ZwMtTv,18
2009-07-02,361,AYGfXR,23
1908-09-08,1660,DrhrqZ,17
1934-12-19,1520,NyorOe,23
2020-08-08,968,prXDpH,16
1917-08-22,438,MhxePv,23
1965-01-09,1493,NsvXAM,4
1902-04-31,1240,XPvVzy,8
1920-03-21,867,WPEBky,21
1968-04-09,861,EzHfnf,14
1970-01-17,644,mAJnyK,18
1932-09-22,1831,jGiidu,24
1988-01-20,681,gtYQwN,10
1999-09-13,1821,hLVAJR,1
1905-09-05,1024,ejJgom,6
1939-10-12,1044,ybJadc,5
1986-03-15,682,pQjSFP,15
1930-07-09,369,oYJYiB,7
1990-12-13,1788,pesOXj,22
1983-06-15,897,SYbORm,24
1971-04-11,901,JJyFOP,9
1997-04-30,632,xrqNrr,14
1976-08-10,1570,UBzHLc,3
1920-12-07,1959,pHjvKn,17
1983-08-27,291,DIXxGw,9
1996-06-08,1964,ujEcMG,9
1951-08-10,534,FOiCxG,11
1985-01-01,672,RMhtEF,8
1943-03-17,1835,gbyFUd,22
1957-02-21,746,bvARRX,6
1931-06-04,131,QNEDLZ,18
1938-04-12,1745,wwdBxD,8
1974-09-10,1368,mFSNtJ,18
1906-03-28,1340,KBDswV,13
1911-08-16,1395,CWXenc,4
1976-10-10,657,xtTsqi,16
1918-03-30,138,HfeXcq,15
1969-06-04,1557,UlPdRQ,14
1968-12-28,1351,yqFfln,4
1948-08-19,1304,adpZmf,1
1989-12-02,1913,PfVkRq,3
1928-01-06,509,SQWAra,16
1945-03-15,1606,FwiEyH,16
1968-07-18,185,vyBpDB,1
2019-06-03,163,aNGCfl,24
1918-11-20,449,nVAwzI,1
1956-01-04,1942,NqBRmm,11
1987-06-04,1411,iwaOLT,20
1939-01-23,290,fIpIFb,11
1947-01-23,1814,zbFyrk,16
1947-04-20,1350,ebCEeG,12
1940-12-19,1647,ByjkfL,4
2014-01-21,1902,VixkeO,18
1996-11-19,1154,yhInsu,10
2013-10-06,1900,fwpgIz,8
1972-08-14,190,AHMJwj,13
1919-04-08,1552,ODclgu,9
1913-03-18,571,ReKifE,22
1911-01-01,1941,acstOL,6
1995-08-26,1786,oiXFyz,16
1996-10-16,1360,AJcvJV,20
1977-04-26,1251,LGPqMD,20
1976-08-19,624,iksaGk,11
2020-08-17,716,QoGLfz,5
1941-07-05,1603,vjYJtX,13
1936-12-25,1053,xkcASu,4
1951-11-29,1257,svTJoW,17
1942-07-28,1527,pEYGuI,20
1988-03-21,1862,tMBBVj,20
2000-04-22,797,iSLhex,2
1919-06-23,497,KJJoGG,16
1977-10-23,1562,qzZHVs,12
1906-07-03,1225,jILFoY,4
1982-12-17,927,AxkcFx,10
1930-06-29,174,ENXXpw,15
1992-03-28,1938,GMPyst,2
1923-05-28,397,zeEgZn,3
1946-12-15,911,eGtiqS,2
1933-09-20,754,yaLebv,19
1920-08-07,1342,lFVmUx,9
1981-05-13,1991,LzyBiS,7
1921-08-27,244,raBTNf,24
2015-05-08,1164,vwQrUW,12
1968-10-26,1344,TqjMIZ,17
1972-01-23,788,rfiWBZ,10
1948-03-21,1552,uDHDTw,8
1906-05-22,793,tmldXB,2
1963-11-24,1635,yiCJFw,12
2004-09-25,1068,mcxSka,1
1932-03-01,1812,lOxQne,5
2016-03-07,328,kWVjzx,11
1941-04-10,1154,HncwnZ,2
1966-05-08,1937,EPhPrk,2
1913-09-14,1658,tZZkgL,1
2014-11-09,1357,QOrGwS,6
1905-08-15,488,PwjFXt,9
1917-06-19,495,XZYyhc,22
1992-08-09,133,pmrJMq,21
1915-07-09,1279,OUjMnt,23
1919-12-30,1406,vXcdzQ,18
2004-08-30,377,kSHPzd,16
1954-07-13,773,MhaqOM,23
1904-06-20,1154,AJPpcS,15
1918-02-07,1145,iOdYQK,4
1970-05-23,177,XQLwma,23
1967-08-21,885,EDUmyH,17
1974-09-02,490,pZfFRS,13
1953-02-02,235,VNcwRe,21
1947-06-09,1361,UvHLKJ,7
1924-12-17,1913,JLuFBI,19
2014-04-24,953,dcCcLl,1
1989-07-27,1960,tbcTgU,12
1951-06-17,949,aCGRsJ,13
1987-05-14,1838,agFxXD,22
2019-11-04,615,DzkoRx,6
1916-01-06,975,vRPRaN,10
1983-12-08,1058,ZHgTSp,7
1901-04-14,1500,AFzJDw,21
1935-10-29,1691,HjwKGp,9
1984-07-22,1222,TbRqjj,9
1970-09-19,206,PXMpow,22
2003-08-06,655,alpokb,4
1929-01-28,800,VOyXwr,14
1904-03-17,1184,lidJau,9
2019-11-23,1134,WYjoth,5
1919-01-13,890,sTSvwD,16
2011-04-02,940,wHJbRr,7
1946-01-08,1939,uMgscy,9
1912-10-05,157,TtrYDB,24
1953-02-23,1016,LUIyEC,22
1953-03-28,586,VnajBT,4
1982-06-31,1697,jSkyad,2
1962-03-09,1400,YlpmWC,8
2000-05-09,604,tlHaWj,15
1909-11-22,1995,VogoHq,20
1989-09-14,776,fCpDBX,6
2014-12-11,448,bxlGMo,4
1918-07-08,764,NlnQxC,14
1927-10-25,1622,sJSfpW,16
1943-04-30,275,aVqpXG,10
1970-11-16,1039,MfheQz,15
1943-10-02,939,uqMJQa,4
1958-01-25,137,ydYjvJ,15
1971-04-25,480,SXNXKo,10
1933-07-18,1969,UFFqAi,7
1948-05-21,1947,CFQkNW,6
1927-04-13,1821,PsgGxh,9
1964-10-10,1252,FCOpZT,12
1997-04-03,1960,ZgzCUC,1
1975-08-28,1487,MgJlLj,6
1906-01-02,526,vdwTjJ,12
1951-08-27,1002,LoLONA,12
1980-09-09,1444,OlGHrR,14
1989-11-01,1547,oqHccT,3
1961-07-26,1331,farsAN,21
1996-01-12,1416,hDEqvp,4
2011-01-15,294,LWGMUy,5
1989-07-24,1084,sYJVOL,10
1947-03-03,1360,PggRtA,17
1993-04-31,675,sSUqHF,20
1953-08-16,189,QjxSCA,19
1988-10-21,1856,OoonWh,10
1969-09-08,1116,CZMOAP,10
1922-06-25,228,jnInql,15
1929-10-31,1601,xtQZaj,11
1991-06-09,1676,QHfTWG,20
2010-04-10,1527,oUiosY,19
1986-06-01,1516,MHHpuf,6
1931-05-01,1307,mhVjSH,3
2006-12-02,1391,VkonMU,15
1967-06-08,1610,gCHjmH,8
2015-03-22,1196,cyDzpS,19
1941-11-02,1284,rWIZJq,13
1910-01-01,427,QgAmmT,18
1916-04-08,1227,ayFvaf,11
1987-06-23,568,KcJxFk,24
1915-02-02,897,ukvaMH,7
1935-11-15,1350,SHqNpN,8
2000-07-05,1402,kYcluC,20
1964-02-09,1650,uMdXin,10
2013-01-31,885,MQYwKH,20
1936-12-11,1199,cCMLRY,8
1951-06-04,1679,deEEip,6
1976-07-14,1954,iSzAed,19
1940-03-20,458,PTEUbc,24
1961-08-16,948,dROnTH,18
1924-10-02,1758,wUuGlw,1
1932-07-05,1767,jRObxt,14
1957-01-01,1529,SgezJD,8
1981-11-02,606,YuDFpf,2
1913-02-07,469,XyeeLu,17
1960-07-20,1506,wZyRhl,23
1934-04-24,1207,YGqbhK,2
1913-04-22,1755,dZNdmU,24
1981-04-25,376,klIzUp,20
2011-09-03,1262,fzDZKN,21
1937-01-20,575,BQVoct,24
1908-10-04,1375,AHOshP,8
1934-09-03,1857,LkiBrc,14
1925-10-22,716,VFtFrO,7
1995-02-17,1642,zONtjD,23
1929-06-10,1831,etfHtW,17
2015-08-21,161,qBWrPU,22
2018-04-23,1314,bSPxNt,17
1962-05-27,1415,VnkoAI,16
1963-08-14,490,RajOyy,17
1989-01-20,687,HvXUNJ,4
1991-03-15,442,lMOaZy,17
1949-02-09,203,BMVCmJ,2
1995-08-12,761,cEiqWV,7
2005-07-14,963,dpNIUv,10
2014-08-28,1810,RGqauV,21
1912-03-02,1885,mGzQcs,11
1950-06-13,625,nlDZyx,2
1953-02-27,1313,QyudHp,12
1964-02-03,567,oCYMWZ,19
1960-10-08,794,CekiQl,22
1942-01-09,1088,ZfqOZU,20
2016-11-14,148,VFHZPE,3
1913-08-05,812,lPchgI,21
1985-05-22,483,SCRVlS,6
1911-10-11,1232,CXDcNI,22
1969-06-25,1943,GRIriP,1
1964-06-10,1987,ksKhEC,14
1999-05-25,1322,CCCqdG,18
1909-11-09,982,DlzAWS,17
1942-11-01,167,oYJWWP,15
1978-02-09,1542,YqrldQ,8
1901-05-31,1304,teKtjY,20
1911-11-30,1383,ZGugpW,23
1941-08-18,1278,LPBmZf,12
1903-02-17,1856,vhcajO,16
1992-06-10,1046,JvVLPD,2
1997-07-13,1888,zSaJEo,9
2018-02-16,1916,NcmpsV,11
1974-05-19,768,doIkhT,13
1929-02-02,316,wgMRiM,8
1931-03-17,631,cxQfwZ,14
1971-05-26,946,uHwGPO,10
1925-09-14,1408,Tecbct,2
2004-02-18,594,pxDIpm,20
2008-04-07,249,fnzJoP,11
2013-10-18,1673,IjBRLq,12
1988-02-07,1103,niXHiz,22
1993-07-14,269,zCvaBc,10
2001-07-18,101,rDHpyQ,23
1991-07-05,856,GlQyIh,20
2009-08-26,1393,GNwaVQ,24
1977-11-09,1307,aNDRCy,12
1906-05-09,528,hBTkTs,9
1989-11-10,1009,jOLsCV,18
1939-05-17,1585,JAIktC,15
1963-03-15,1874,oSdcAO,11
1982-02-18,804,psvNJj,14
1911-05-29,1945,FKoUsm,11
1920-07-03,969,hhZOQh,21
1928-01-07,610,FAMnNx,9
1963-08-12,906,tXSnSV,2
2020-03-03,1032,LDSZyA,13
1988-10-06,1657,JMkRfk,13
2005-08-03,939,pUxKPd,20
1932-06-27,290,nHTkZj,14
1981-11-12,1489,SYYmfC,5
1921-07-14,426,Wnhrvi,8
1962-05-28,1633,FSNstt,9
1946-10-30,675,ZoQVbK,6
1918-12-13,1214,dFmOYe,14
2004-05-21,122,VKJnwF,6
2006-11-30,821,MwfSIo,23
1983-11-05,1785,wLxRJM,10
2015-12-20,1505,vIQhPS,19
1993-01-27,620,LJjyVU,12
1992-03-25,1068,dDMbWF,14
1941-10-09,677,GCKxHe,11
1911-05-21,1297,TquqKs,23
1946-01-28,1567,RcArjO,14
1923-06-09,1304,jvwCCA,22
1963-05-25,895,BCQpFh,4
1914-06-13,525,RDcExT,2
1936-11-23,685,vjxoNe,16
1998-12-09,1969,jdBCCb,16
1947-06-18,617,Efqsve,7
1918-03-16,1717,WrESKR,14
1999-03-23,836,CoYQea,15
1927-05-07,882,UCpstW,6
1939-11-04,1854,adVzdZ,14
1977-02-05,831,TEuRNk,24
1973-12-16,749,qRIbsH,14
1977-05-03,1072,FyftBH,7
1905-03-20,692,BYMVzi,22
1998-08-08,1847,vZQoGA,11
1964-10-17,940,eMUkwX,17
1985-02-16,1642,SNDMhG,6
1949-09-06,935,RSvAKt,4
1952-02-01,604,iCbsqP,2
1938-01-17,1021,jMxaBm,14
1933-10-26,606,eDtbuJ,12
1984-02-26,1198,SULpLu,12
2013-08-04,379,QdxpLh,18
1972-12-14,285,BFLJWi,17
1960-08-23,1241,mDvqpX,8
1928-12-15,343,QgskzV,3
2001-03-27,1298,GTmyXe,1
1962-01-02,845,nYOPkS,11
2001-08-26,1113,CAzBBB,12
1924-02-15,1018,bJCWPe,19
2001-06-31,1664,eTUjyF,21
1903-07-16,1088,afOfFF,3
2005-07-13,1612,tcwquz,18
1977-11-11,894,viAoxw,7
1903-10-29,1020,HJKfiN,13
1929-03-01,1764,RslcDI,6
1950-02-03,637,wuBxWi,24
2008-08-12,464,nurrww,4
2009-02-24,1377,RWrspt,23
1923-04-04,1726,CcmpHz,20
1951-07-01,690,PfYVSK,11
2009-08-16,282,FRzywI,22
2020-05-15,1313,iruKhw,5
2010-10-22,1536,UxIBHl,8
1967-02-07,1780,FebFoK,19
1990-06-19,944,nfHuMZ,13
1913-04-04,1398,PGDjZK,16
2004-06-21,353,WFbfir,13
1951-02-14,440,embGcx,12
2006-05-03,1694,RxFVMo,3
1989-08-25,1543,AAWbFu,7
1942-01-21,1239,HHXeFM,15
1913-04-02,1815,iKYUMr,11
1997-03-02,1780,bmYJDO,16
1988-11-06,1011,LmqLQd,22
1906-06-10,721,pLjIxE,12
1901-04-28,996,UuKJtT,24
1961-12-17,1101,bGRngn,21
1991-02-23,1975,rqZDry,4
1932-04-29,1957,VgVSOW,19
1949-11-12,1963,CytyZN,10
1902-06-10,588,sRCaqo,18
1984-06-23,1553,WbpkrJ,9
2009-04-03,739,fuwkqr,17
1945-11-19,460,vtPxak,22
2012-04-12,208,MVPWGN,23
1908-12-24,1277,fBOAqm,23
1902-07-21,451,hcvfKv,19
1989-03-19,1868,tMXEHK,22
1956-08-04,577,sAdRlx,21
2019-02-18,956,UOCFrL,4
1928-06-21,1228,VdwZes,7
1993-03-19,1454,sHoYVi,9
1941-04-29,1105,zxSXGu,19
2001-06-08,1897,eAthqJ,6
1929-12-13,728,QuoleC,23
1946-01-26,1165,iFPvDU,22
1985-06-24,1008,JtUssh,5
1976-05-12,742,fKIXIJ,3
1917-05-28,1666,acBqju,3
1948-08-05,1134,TltDam,16
1917-09-19,1643,SBjLjj,3
1971-05-20,1846,SKDcuw,17
1927-06-03,621,VTFcwh,16
2019-08-09,1705,cSOiRu,2
1968-11-28,1702,nXCyNx,17
1901-09-02,1767,tfoOmw,12
1918-12-11,710,udlyiY,8
2008-04-17,627,oZoSLB,5
1995-06-08,840,GHOCeG,12
1904-05-09,240,tmHCZP,23
1915-08-07,1696,FtxnFI,10
1903-12-10,530,vKPvUw,12
2001-06-19,1876,KJhTYF,22
2015-09-17,1329,qnCpMW,13
1963-04-31,1376,BESbFO,12
2013-09-13,557,WtmDvC,9
1958-03-11,1133,tpqXuj,1
2004-08-23,500,GVXtiF,13
1973-05-09,520,ynGJXs,23
1914-07-22,351,DbXktL,6
2019-03-29,356,PGXSYC,15
1966-07-06,503,gmPnck,15
1933-08-14,332,hIekPW,5
1947-01-13,1159,tFvyCR,4
1995-03-27,1413,KhKYpW,22
1937-04-16,1869,SVEIny,3
1905-07-25,188,DcITLX,14
1955-04-14,1946,kvNhJa,11
1948-08-02,1218,APpvjh,16
1962-03-12,1427,mUtBCw,21
2002-09-10,641,WxHDvN,12
1964-09-30,318,RaHybd,13
1965-01-17,250,wyluFX,8
1970-11-20,748,UlcGLZ,8
1973-03-11,555,aZWVMq,9
2018-07-25,136,gQtZuR,5
2009-08-06,1709,dApsaq,22
1999-10-30,859,XiQROy,18
1921-07-25,1045,GKZjgI,17
1905-12-08,1483,WZvOje,13
1982-09-18,1024,WPJrIO,6
2013-09-06,1649,agnDvr,23
2006-01-30,880,ujjaNq,3
1998-12-23,649,MVIiZi,24
1989-09-21,1609,xTxNav,4
2010-04-14,1903,lYRxOw,21
1907-02-18,910,NkyZBJ,24
1968-06-15,548,XAqTPt,20
1925-09-06,928,EmhPGK,23
2013-07-01,1475,RPPjTM,5
1907-08-17,1405,gxKcxY,20
1974-11-11,145,YIwxRH,8
1916-01-16,603,PzIFwA,14
1949-09-29,213,QLqkFI,24
1996-03-13,1684,SDEmJN,16
1917-11-08,950,qqgvVc,18
1980-08-24,1715,AIsirf,6
1979-01-12,1078,YssmLg,17
1960-03-02,247,htdiWQ,11
1964-03-17,1428,NNKujc,21
1991-08-27,1064,XgtRVp,16
1968-06-02,1352,bSZkRH,18
2015-01-18,1103,vhCiMJ,3
1973-09-22,517,ROYzEb,15
1936-11-07,305,JTCWIV,7
1908-01-09,748,AiSHbY,17
1935-01-10,1395,eGsMPj,23
2014-05-16,1281,qVaHJC,6
1904-03-08,527,gzObQI,2
1934-02-13,659,ToAfBM,7
1970-01-29,362,JvGgzu,17
1992-02-21,1407,eHgpUW,16
2008-09-10,1811,ziKeee,7
1903-08-05,507,AxWIxY,3
1994-06-19,632,xBcVXG,2
1955-05-16,234,BzRMzV,6
2003-11-04,869,jPivgj,1
1944-04-27,1641,thdfXB,22
1910-05-16,778,qonPEO,18
1974-04-15,966,GmTjYT,24
1986-01-08,1921,JZNFPS,11
2016-11-24,716,QAXDvK,3
2019-09-10,223,fDWOsf,19
1959-01-07,953,ZrsSQg,12
1995-07-16,1711,YFAtbE,11
2020-03-12,347,DYksfm,12
1997-08-07,1099,WmFCsm,6
1912-09-28,943,OwlaOP,6
1906-03-06,1289,wSGwiy,10
1907-01-28,1042,mejQmH,12
1940-10-18,1599,oMeMAj,2
1934-07-04,1200,wQjfoF,16
1971-04-21,669,KxnAnh,8
1931-11-30,702,EUoXlI,15
2015-02-01,578,SmHCyf,4
1906-06-01,1806,MOLhUP,23
1942-11-11,1968,FXtrKq,16
1911-02-01,1809,tJkDVm,6
1924-03-29,1001,sBfArZ,12
2012-04-17,452,ypuvJE,12
1989-09-18,968,LWiEeT,12
1992-11-21,1820,LtGiJk,10
1923-02-23,1388,CdTUNk,9
1909-01-24,1056,SEQYet,7
2018-03-01,522,gcmObj,15
1959-10-30,1134,pZBTTY,4
1993-01-16,471,QTbEbK,6
2015-11-16,353,gJLQyo,3
1908-01-31,309,OQaZBl,14
1945-02-07,144,cFICbC,12
2015-01-21,467,UvsqeG,12
1978-10-10,1885,JxzzXN,14
1975-11-07,1457,fCvSNf,2
1932-06-07,1518,bSjGrk,8
1927-02-17,897,xUBIhd,2
1920-10-18,761,fmWrhg,10
2007-02-21,602,vDZTuh,12
1931-03-15,1987,CGslwX,18
1953-12-11,939,bUZDon,4
1941-09-31,655,giaXjZ,24
1903-06-11,468,NCbFTN,18
2019-02-17,1973,DNXgDV,4
1924-02-07,1276,gimXvI,14
1902-10-30,987,LxppsF,8
1910-02-12,117,FZluey,5
1940-08-21,1059,TwUzCu,7
2004-10-27,1894,zOUZtG,9
1946-02-19,192,KsoIwx,13
