2874,54-0192
17142,80-8298
18960,88-0573
17297,64-9911
13268,77-5318
6921,88-8197
14399,67-1598
2411,94-8788
17288,57-2996
5865,60-2513
19952,82-9425
8349,53-2472
10156,50-5377
13397,63-4995
10533,89-9539
1563,66-8500
16825,44-4736
10433,59-6364
14923,75-2467
6782,79-9107
17502,86-1885
18175,43-6891
15454,99-3803
5905,92-6996
6641,68-1910
18763,57-4782
11784,59-6716
15558,44-1373
10386,58-7093
14237,69-0585
17054,77-0024
5927,52-7223
9443,50-7980
10713,45-9595
2509,94-0272
5204,80-0818
3490,86-4263
7024,89-6997
15817,95-4373
13677,88-4645
5056,64-3942
878,70-1738
1634,80-5583
9333,81-4232
2471,96-1597
19340,46-5500
16235,51-0944
5808,99-1243
4635,52-9315
13463,90-1684
5148,44-0455
11989,72-5606
11999,89-9559
9485,91-9284
11567,94-9987
15361,66-1805
11867,61-3691
2532,87-5627
9943,51-0530
2498,74-3329
14949,79-5367
3489,71-5342
2373,57-4017
9000,72-4065
8954,68-3316
19199,89-1473
13119,74-0396
19252,52-7608
9119,98-1686
15933,49-4357
3106,99-4145
13676,70-6286
7043,61-6841
18732,79-9449
5067,51-8182
19305,51-7352
3930,77-0814
11417,49-4971
6398,58-2354
19018,69-4109
11307,76-8606
5909,89-8527
12927,85-2223
14176,46-7396
4259,76-0860
17284,54-8873
11431,47-1251
3662,60-1937
12304,71-4284
10415,56-2068
19924,65-9814
15158,90-9862
4699,87-5051
4510,79-6141
16842,88-3397
4994,62-5268
3035,59-6581
5993,60-2464
17417,87-3919
2993,47-7736
8781,98-2246
6539,48-3366
6182,59-3606
2638,66-5549
12757,49-4895
9655,91-0576
3893,61-7451
19092,43-4289
5059,84-0627
10076,58-5164
3202,73-6025
1132,88-5151
13558,51-5590
16685,88-0554
12499,89-7582
15553,95-3499
10347,46-0480
17697,87-6353
5226,93-8846
637,95-0098
13334,85-2255
1481,57-1923
5691,75-3654
12833,56-4318
1874,95-9097
7964,95-6979
15957,89-0352
10044,62-2006
6297,96-2759
8594,54-3607
12704,72-5647
7943,99-1383
1044,55-4563
3816,73-3298
9615,99-5488
18375,51-1390
18809,83-8254
3678,68-9385
13099,91-6524
2079,87-4138
6231,65-2783
13372,91-2731
2738,53-1837
5434,63-0003
19840,94-0433
5271,58-2796
11813,94-7238
14725,69-1459
19593,58-0853
4385,91-3915
5278,54-8909
10136,92-8661
5826,50-3493
13612,92-7082
6014,92-0092
15678,79-7495
18765,73-3621
10120,81-0512
12446,53-7368
7603,78-2523
6309,83-5425
2419,74-3075
7491,62-9149
2596,47-2897
4742,77-7725
8341,85-9458
13381,95-0038
6071,77-5197
11354,66-9871
10922,81-5382
3279,88-4137
18781,60-1266
9802,65-3659
16323,69-3103
13483,61-5859
6893,85-1142
9398,69-5397
11802,45-3798
8680,94-6511
17613,59-0202
12545,64-6774
19165,43-2671
18471,76-4231
11120,96-6546
10327,76-3459
13379,61-8191
14964,50-9610
8514,80-7237
7339,43-8317
10350,59-1159
16398,84-1150
14017,73-4453
1903,73-6208
6442,94-5119
6917,55-2283
16465,90-4748
522,82-8024
6268,94-5973
6829,64-8238
8939,68-3130
2374,85-4016
8770,74-0197
6645,53-5234
2083,72-0148
10255,63-2529
14631,54-1432
10124,47-5590
17859,79-3362
12517,56-1953
6656,63-2445
745,48-5730
11963,66-3023
12647,97-0984
15597,53-5234
2895,68-9131
1864,83-8374
16759,49-1362
11355,47-0595
14866,99-6749
9405,95-6694
5610,92-2213
13715,58-9268
7234,80-7012
10819,54-9012
3233,74-7209
3708,50-0275
12933,47-7648
746,76-7463
5470,55-7195
11852,49-7690
16141,71-3330
2054,61-5297
4356,50-9722
11834,58-6665
4161,97-3500
10600,70-5308
17180,46-1002
4387,69-4742
2647,94-9868
18847,82-5471
5926,58-4126
6463,90-6569
668,58-0768
18569,59-5340
8119,43-5427
18717,78-5252
10886,82-8063
16095,86-9879
3558,54-0931
6272,83-0524
4842,74-0787
14300,82-0982
10120,83-7628
7078,91-2817
2697,64-6722
220,89-7902
6831,43-9788
5679,90-3012
8348,47-1344
15381,80-3807
787,95-8515
13341,68-8524
1847,89-1116
9339,88-4787
17960,54-7605
10734,81-7500
7781,91-1634
17021,82-5901
15082,49-3342
4015,80-6361
12885,92-8985
7520,61-2787
10421,80-0936
4896,98-5190
18604,94-4178
4584,98-7100
18411,74-4025
7049,84-4907
790,89-5169
2173,49-3393
12770,75-2854
13374,76-8165
5223,94-9665
19165,88-7946
15801,99-3850
4511,57-4247
16835,98-1527
12186,85-3606
6284,80-6759
1092,93-2096
15760,43-3544
4804,98-6586
2235,82-6232
11950,71-6652
18960,69-4740
4498,53-4723
7627,59-0083
7913,59-5343
17105,85-2689
5906,68-9950
13429,84-3500
15278,52-6872
14363,82-4244
12404,68-3961
9561,79-4904
17218,82-9776
4687,44-7785
5125,63-3196
9781,76-3181
17872,54-4395
9975,83-0848
15515,78-3634
18412,62-7959
13589,62-7932
1739,53-4306
7395,68-9173
7164,48-2076
8053,59-2751
5756,56-0725
18139,55-8415
2146,79-5217
13999,49-0972
13883,79-9041
14084,68-0806
2898,84-3006
11456,86-5574
1970,78-1488
17152,49-0336
15557,89-6001
17489,83-8960
16138,84-9018
9731,89-2801
16240,59-6713
8816,44-8967
13975,90-5599
10336,92-5919
5434,57-0785
13224,43-5100
11657,97-1384
1575,98-4997
12677,79-9964
16277,76-7814
18511,53-1246
13010,78-9735
12576,45-0689
8320,90-9724
19977,54-8006
11167,54-3159
11707,50-6049
19427,74-8472
9898,94-5855
12259,77-3962
17043,57-8200
17515,78-5688
19623,57-2105
9255,56-1822
5518,60-9181
3273,82-3597
5954,50-4620
19349,68-8867
6608,71-4067
1878,58-5372
1035,74-4541
3054,75-6930
7311,68-5859
13372,51-4918
6229,46-2481
9564,71-0153
19508,57-3375
10757,91-8451
19526,97-5368
13052,46-3651
13286,58-7937
9047,46-4873
7150,90-5055
15062,86-8357
2178,76-9684
12632,55-6220
19125,67-1324
8136,56-6714
14939,82-6773
18318,76-4569
11935,77-8008
17508,62-3604
605,79-3239
9759,81-1878
2211,76-4858
1460,85-4158
12467,95-2263
1481,55-0593
12984,66-7595
927,60-3216
14433,45-1199
8600,66-9861
10840,68-6565
16777,90-2018
664,57-0257
18378,72-7530
3438,59-3135
15315,61-8773
3251,59-1966
12731,84-2401
9102,85-3002
19403,84-9598
12751,97-7730
17538,98-4845
14647,69-8038
8721,64-6397
6722,46-8388
1030,76-4284
13828,71-0851
14069,45-4908
13636,75-8241
16761,94-2616
15799,47-7668
18098,92-3406
18683,98-8333
17451,86-5355
2680,85-4214
5271,82-8056
11422,69-6575
19992,65-0213
11301,71-3333
951,97-4233
17077,77-2415
3849,91-1253
5429,79-1681
14965,93-7590
16560,78-1905
3254,55-8362
13775,62-0732
11785,73-0661
4789,70-6006
14391,93-2318
8924,68-0055
8444,81-6209
13874,95-4140
3164,45-2679
2298,69-6659
15057,75-5861
4,62-3809
2482,80-9327
10164,46-9969
18383,76-2647
15572,85-2105
4970,86-6903
5977,53-1072
3874,95-1006
3825,74-1122
13073,54-1883
12663,87-1204
7581,65-5670
8984,67-8839
17038,88-9310
19136,61-8849
3341,75-6698
5471,94-0601
6663,48-1530
9332,50-1425
6423,91-0666
4634,88-4606
6740,63-6261
11840,80-2544
16368,62-1934
8636,56-0411
10898,90-5655
4576,66-0089
16159,50-7014
7226,72-5385
19050,62-3365
10509,69-1921
4241,98-6834
12147,62-2619
16936,60-1155
643,77-3947
9937,60-2824
13751,98-5469
8243,47-3625
9795,62-4322
9176,44-1753
15798,48-8215
8672,81-2379
8104,53-2231
2543,69-9745
12279,84-6559
2738,83-2665
17759,75-3407
16747,51-8981
16752,55-6313
8714,59-5769
7242,59-9747
17892,84-7584
6085,93-1046
2472,48-9619
1177,45-5038
12908,62-3701
468,85-4169
950,97-8297
4117,47-1016
146,49-6528
5987,55-4485
12130,95-7967
1612,84-4794
9174,57-8101
15747,61-7084
10792,81-7025
12673,61-6606
1406,43-3118
7183,77-7233
4143,97-2092
14641,69-9919
8062,55-8879
4441,54-5825
15737,93-3769
19396,86-6496
16543,85-4322
821,93-9204
66,51-8055
5110,83-6374
5924,49-9983
2240,97-2495
1396,55-5961
13918,75-1050
3981,80-0814
1856,49-6597
4401,85-1187
16822,67-9972
7712,59-3362
14578,43-0577
19413,98-0586
12777,83-0180
13197,99-9075
3957,89-1376
5399,54-4100
11740,60-3839
6032,77-2919
61,77-3711
14796,66-8739
4750,83-8231
10790,65-6008
8251,90-4751
3313,59-3224
10552,94-0175
12592,95-6376
13979,59-6199
15902,85-4327
3525,83-4982
10851,61-7648
18311,72-3809
10504,54-6743
18364,54-1101
4552,62-9271
8659,45-1034
1151,48-9619
14836,94-9005
17591,73-1728
10476,77-2122
10860,62-5349
7692,68-4019
5880,46-6250
8881,84-1571
10792,81-7102
2833,79-5763
14144,90-0723
5505,91-6538
3217,66-5904
8668,46-7599
12271,56-4873
9971,49-0976
19704,56-2640
12383,67-5923
10348,78-5788
6010,88-1283
11414,48-8225
4752,55-3562
18727,81-3741
5700,94-1398
10828,65-8195
2740,55-7664
18476,66-6415
1906,89-7344
1061,76-9166
8014,76-9716
4472,89-1613
16461,98-8439
6234,66-0480
14639,47-0303
17010,95-3626
13819,51-3279
16620,64-1074
15889,96-8932
18858,48-9373
2523,70-6757
5518,80-1888
4461,99-8567
15972,88-0992
5291,45-3849
11978,78-7365
815,79-1718
9139,69-2747
3418,87-8541
4982,68-3261
19854,81-3306
9472,69-4553
888,93-3768
15874,99-1019
16193,54-9262
15724,45-6839
10945,56-6557
13566,79-3208
8556,89-5029
9994,60-2876
5671,95-5661
8519,48-5231
5206,82-2467
9352,76-7458
14347,80-9172
19202,73-4559
6458,77-0343
8038,61-9529
35,53-0818
19751,71-9830
14111,99-6146
9956,65-6440
14379,74-6326
6604,65-0301
11263,74-8732
680,65-8808
15090,76-4668
15623,58-9748
19331,45-5938
1168,75-0123
16324,98-4399
17766,79-7055
14113,56-2231
17157,86-7061
8502,79-2310
12112,76-2139
12974,85-3334
17555,71-8138
13942,97-1732
16346,69-2244
7190,88-0383
16560,94-3509
5621,48-2969
12240,59-6220
1629,98-9080
7947,88-4532
11572,88-9002
2586,57-1449
2191,56-1537
13916,77-5274
12635,97-8411
1995,51-9462
14288,92-9931
15202,92-6424
18995,74-1901
19235,52-7572
10263,52-3607
17836,45-3250
12110,88-8095
7976,70-4929
13320,87-0831
11043,88-8343
2698,69-3262
15835,72-8046
18709,68-4432
6558,48-9860
15202,99-8123
17543,80-6528
5391,54-6874
10356,91-4521
16254,53-1505
10942,74-3079
16942,65-1603
7875,72-8253
3747,83-8674
19008,47-8724
4058,96-3694
18275,66-4908
12188,83-9514
19601,89-1153
117,94-4023
19602,67-9750
18721,89-8538
18499,47-0575
10466,93-3617
12830,98-3939
4578,63-7522
2840,74-9463
15796,78-2701
7049,86-1291
8806,59-5166
1862,60-0748
10165,86-5770
14466,75-8153
1815,81-9354
18492,81-0359
2046,49-3184
12956,68-3070
12072,75-8164
3059,65-4213
13338,48-1598
10403,87-4296
10731,70-0488
18480,96-0217
13383,58-7974
7928,50-9367
2289,58-9827
11423,88-6273
13330,55-5567
13726,62-8064
16591,49-0493
10661,44-5018
15367,99-2245
1464,53-1780
16201,64-6480
1972,76-8821
8425,79-4418
14851,96-5454
16988,91-3106
1135,50-7603
16735,82-5084
9774,50-0685
12313,66-9112
5706,80-6566
10736,97-9046
2673,92-5893
17219,82-4551
2767,44-1769
14072,94-2495
19372,96-3717
18905,45-2973
8609,93-3100
6835,52-4391
1676,61-8413
14581,52-8186
8821,87-8571
12548,62-4519
7462,70-6996
3014,76-7250
9108,87-2347
16956,91-8588
12187,47-8044
19089,74-7560
8996,54-5155
17105,81-7907
11588,59-0213
1763,55-6262
13245,71-0909
3966,95-4776
19610,54-0164
16870,67-5278
12287,63-8689
12586,44-3509
37,78-5729
3804,59-4672
10028,78-5590
9839,76-3702
14767,72-5931
9410,61-1284
1445,77-8320
14395,60-0783
15087,95-1120
1036,46-4162
2413,74-9171
5221,76-9713
19011,98-2371
17248,43-1102
12587,71-5759
15520,77-9608
13008,54-3444
11171,54-8020
18847,63-7060
3879,97-9039
7239,99-0728
1349,91-8419
10499,85-5036
13436,43-3869
4194,82-1440
18381,48-9813
7253,60-3739
14781,56-8716
18406,52-7692
7216,90-9085
9089,82-0069
8962,57-5439
16343,48-4586
8327,56-6247
17865,96-0193
3146,48-5782
3046,62-6982
287,66-7345
13495,58-9422
14829,64-5212
14683,64-1274
601,85-7111
970,60-3280
10913,83-0804
17795,60-1909
8179,90-5983
6588,95-0576
39,67-5582
8590,61-1033
11832,86-1493
513,96-6035
7733,95-0526
624,67-4538
673,53-4602
15265,76-4934
2065,45-5147
7185,57-2400
9593,83-0117
8309,83-2063
9612,79-5800
3137,64-5104
19162,81-4115
15768,75-4916
19544,72-3676
6997,50-3311
12617,75-5648
13887,87-7495
12320,53-2242
18718,47-8483
15216,91-3942
170,71-0891
8393,96-1035
3557,86-1460
1964,99-9920
8436,98-0863
18440,52-5233
5247,78-6044
6773,61-9109
14533,59-3366
1810,45-7209
17600,99-5950
732,43-9323
18822,93-4534
4196,74-0910
3876,65-7760
3267,73-5387
13470,47-7936
5263,54-4388
5642,45-1589
9371,75-6872
2205,78-9593
8523,63-0772
13755,90-6274
1284,83-3050
6411,62-9737
18391,55-2910
17970,57-5795
14129,72-2133
15926,60-0024
8090,46-8209
6229,99-1260
5898,75-3160
1540,58-8263
1035,93-4957
12373,99-6995
2331,55-8677
1017,92-1756
6854,49-0055
13988,82-8427
2773,82-6483
13306,99-6406
12491,80-3591
1697,92-1951
12841,85-2167
4324,96-7014
690,44-0910
2953,94-9333
12069,84-1969
9917,78-3006
15525,43-4147
18801,90-7058
6318,44-2681
4274,93-6169
15725,64-3530
10197,87-1464
18882,68-5856
3346,74-6875
1325,81-5135
11024,90-6858
2634,73-1542
19028,85-6369
18047,53-5666
2100,45-9216
11621,95-3603
3546,99-3544
22,56-5642
10359,71-6952
15758,89-2265
7231,87-6692
19207,63-6602
5489,69-5623
1705,80-2203
14822,75-7061
13888,65-8266
19456,92-7294
1682,46-1751
2430,86-3774
5166,43-4797
1198,65-4477
8073,81-5300
19528,92-9109
9066,74-6378
11572,59-3230
12300,74-4203
18769,59-0901
6287,52-3891
9736,81-6355
9308,85-7728
2701,70-2637
14775,81-1568
8134,60-0327
14595,99-7531
8400,45-4059
9010,66-9712
8918,52-6053
9273,93-9499
9158,88-0815
3308,76-7472
793,91-2523
162,98-0486
17902,96-0053
478,85-1726
8849,83-0342
6382,56-6598
2162,47-1894
6302,67-9050
15672,53-8286
3223,93-2770
8643,90-9319
17626,99-8198
17607,67-0441
7800,82-2726
3095,72-8349
1677,57-2698
1098,84-6803
11601,55-9456
12168,74-4268
6240,73-4357
4056,52-7855
15154,55-4518
6640,47-4978
13983,89-0868
9109,56-8715
4901,49-0845
11743,49-1411
8505,58-9080
15998,56-7668
10228,51-0705
11752,45-9190
16545,89-7522
16899,90-2493
9725,58-4640
11579,75-8361
11367,92-7161
2630,79-4039
14418,65-7538
2392,78-2692
5389,62-1867
10303,76-2600
17575,55-2852
15063,97-3189
381,48-1057
11045,58-0274
15508,82-9335
3786,95-9092
12552,84-6709
10180,74-9311
16274,70-3043
11140,59-0925
6423,51-1613
16066,78-0916
12581,84-4630
8190,88-6502
44,94-1376
17497,87-8671
17909,71-7257
18874,79-5958
16495,50-8436
11435,48-9119
483,52-2705
8115,56-9511
16815,69-6859
10087,53-3829
14586,68-1248
1760,67-6023
9818,60-6174
6204,60-4886
13184,74-2705
9009,97-1262
11230,74-5594
11772,62-4982
19135,43-2124
11414,64-5914
10959,70-7489
4977,65-6931
4509,60-8963
18921,48-1696
10999,96-1391
18231,94-5094
8423,69-4123
5425,68-5540
14058,92-0813
3788,94-8384
19405,93-3083
3578,57-7358
6964,64-3115
3317,72-5780
3521,46-2891
7686,50-9456
8339,78-6089
8589,56-5741
4779,81-4947
1023,87-3072
9693,89-2605
17349,44-8902
11385,65-8670
3216,53-6945
4597,93-7583
19268,98-6990
17901,77-7169
14953,61-0850
1121,78-1843
11450,72-5120
3731,81-6628
11835,66-6183
3440,96-7362
15909,69-7605
759,73-9387
3344,69-9851
5111,82-4463
19459,67-3424
19305,54-1875
14290,79-9248
18906,91-4532
3108,77-3595
17052,80-6288
16453,98-5845
12192,46-4373
9645,52-5452
4470,93-2351
8064,84-4728
1761,70-2222
11344,48-5565
926,98-3032
9390,76-8490
9525,62-4696
9768,60-2829
17414,79-3386
13051,96-4868
10228,96-3183
9914,53-2164
5947,87-7889
17414,83-6040
1719,47-1782
1361,48-8007
14455,83-7610
19804,57-9908
9762,70-4816
2026,84-9198
13133,55-6713
14989,48-2565
16575,86-5554
5422,93-8750
6010,47-9685
17619,64-6265
7535,77-7478
5255,59-1224
5335,73-1182
18204,83-2935
16170,52-3957
11380,62-4271
3022,69-9862
19968,97-5982
19283,65-2353
15011,83-4364
17814,86-1392
4274,54-8897
10418,56-4714
12820,60-9746
6211,55-4534
5682,57-2697
5927,95-8410
5246,78-6851
18489,57-0353
16668,93-9507
15824,52-6927
7771,68-9872
867,87-0688
17357,72-1178
15864,66-1826
11367,92-3902
6880,47-5512
6055,62-2109
17748,79-7983
6043,86-4179
7606,59-2852
11618,60-2579
11537,56-6346
15964,67-4404
6665,93-4622
18582,93-7347
14965,78-2886
6379,58-7657
6749,78-3035
2483,85-4156
11321,80-4638
9785,75-3762
131,95-5901
1622,80-1455
15071,97-3847
6354,50-2517
1397,44-2957
9297,72-6840
15121,87-8677
7804,87-7804
6883,74-1301
9247,74-7448
11114,57-1666
2926,76-8674
10166,50-7330
12250,69-2627
10013,86-8747
19270,70-5783
15670,85-2367
10263,55-9446
546,67-8685
1740,85-9401
15484,61-1777
10686,74-0276
16917,98-2241
19011,48-1026
11866,47-7085
7956,94-2808
11704,59-9872
1884,44-8471
2939,52-8366
7762,84-7131
17391,95-1118
14994,86-2837
3917,44-7569
14451,92-2731
15883,55-3760
3433,90-6308
12227,69-4398
552,67-1104
4353,71-9721
16594,82-7071
3079,52-5255
9115,69-3028
5581,64-0489
12549,75-8349
9558,59-4376
17743,61-4648
5615,98-9935
9744,87-4746
14172,96-6049
10651,52-3830
13696,57-0730
6912,83-3345
11313,78-8541
11609,43-7639
8695,81-2835
16797,86-5854
19154,58-1993
4034,71-6689
6642,86-4327
1201,87-8553
14478,73-6434
8402,78-0563
18304,50-9584
12434,80-0686
5155,45-9781
2702,64-0576
13292,64-9981
13219,60-0376
5424,93-9681
8426,98-3039
18565,43-3195
8945,81-5599
14599,77-0577
19702,69-8761
5874,57-7601
16813,67-2976
893,91-7341
16185,70-7356
9338,85-8113
7789,64-2537
9770,85-1714
9049,56-3854
16012,86-7100
10414,66-2703
16384,97-3683
3102,67-0436
14821,65-6182
6954,91-8009
12108,57-1067
12928,65-1604
17559,81-0554
5288,79-7810
16478,74-6920
10438,84-9373
19049,88-6741
17906,50-5336
7357,45-5508
14148,81-1131
7199,97-3405
8393,70-9171
2998,48-8556
8062,90-7395
12562,83-8508
19928,55-2097
5073,47-4634
14702,55-8837
15332,59-1146
17675,74-8692
13388,83-6613
11537,95-7161
16101,82-5664
3185,71-4674
15046,50-5385
1038,71-4213
12402,53-0195
10879,45-3654
11822,87-7710
3373,62-8094
13800,55-8242
12458,50-2406
4745,76-3442
8580,65-8043
4173,85-8210
13742,67-7900
14287,53-2424
19400,54-2527
3642,92-2295
13044,95-0553
9384,49-3938
10766,96-2591
18657,58-6810
4650,86-9453
4257,71-0160
9403,61-3809
15581,61-5437
5883,85-8508
7615,49-4786
7831,80-3830
7714,48-3484
12539,63-7305
13369,71-3970
18426,89-5325
8468,93-0729
15902,70-1068
4170,70-0563
3157,64-3450
15897,92-6778
9378,82-5576
7017,51-8603
14516,89-3010
13968,43-8249
4345,74-4222
6921,43-8527
15204,46-9601
17157,88-5343
2143,46-8006
3197,88-3848
15628,82-1329
16880,54-4647
822,86-1465
3417,65-9751
12263,59-3791
16852,69-4668
3643,89-5852
591,86-2481
193,47-5383
10470,85-3877
16954,66-2195
2542,46-1382
1685,64-2817
599,49-9858
10988,45-5429
18545,57-7870
10530,95-6499
10705,88-2376
4935,61-6488
1436,68-0207
14711,81-3963
14652,82-3038
2766,50-9298
12852,63-9137
13577,84-5363
17864,67-5410
8519,89-7535
1787,90-9440
7713,96-8333
11628,87-4184
14607,53-9935
16258,77-6175
11633,81-3194
6698,94-9937
11586,69-1984
2195,91-7048
15086,87-7628
10696,75-0480
11390,64-5868
3338,58-5335
9083,67-8763
17168,70-1232
12708,44-7887
2752,48-8927
19605,52-5073
12263,72-5597
12716,44-2456
18318,51-6716
2290,62-1484
1795,86-4854
18919,51-5294
10186,48-7813
10445,67-1433
11940,97-0943
7486,92-8475
11950,76-4225
8603,87-7264
6795,53-1294
15402,64-4890
9909,93-5479
10929,72-7782
6999,60-3507
9005,87-6426
9433,72-2846
11293,52-3073
2887,55-7788
12680,57-2235
300,64-3141
12367,77-0720
16863,67-1441
4167,56-5552
12087,65-7702
6320,91-3997
73,64-9243
15845,98-7670
18976,98-3518
3730,65-2273
301,99-1206
12061,81-3595
2882,86-3825
1344,98-6136
1614,84-2445
12327,70-1459
19076,91-1881
8101,58-4109
17056,63-3911
13751,86-9592
15978,65-7762
19172,94-1020
15902,83-0996
7517,79-9527
3951,91-5472
7810,46-4136
17100,67-7687
5291,94-4257
4575,84-9688
19729,49-7477
11404,68-8047
3529,66-9186
14709,94-2659
6761,72-4686
11363,51-6134
11876,81-4381
5241,51-2617
1525,75-3887
6107,87-6481
13658,61-8236
2257,72-1364
11992,86-7682
19499,44-2365
5053,90-3010
3291,53-1007
9259,63-9082
11075,76-0996
4457,58-5873
5826,57-6463
18939,76-7949
10357,96-1523
17418,85-8411
17590,44-1080
6285,59-1592
14920,44-7318
18544,81-2403
17874,55-8966
17847,66-4924
4421,84-3044
9113,77-8150
17996,52-2091
7476,71-4483
10320,90-9183
19711,86-4216
19968,55-8997
13901,94-7681
11702,56-6027
1750,90-9687
7899,61-8316
3155,63-0243
9153,72-7662
16021,59-2138
19703,83-5680
2853,92-7129
3085,55-1757
7614,48-1927
17204,46-2710
1707,96-5925
12037,97-3363
5717,90-6326
11518,62-9744
8674,48-3928
10587,46-2353
10286,57-4713
18995,81-2680
19787,54-0927
10936,85-9719
4862,51-8132
11204,68-8166
3706,72-3362
17378,77-8407
8772,48-6770
14318,50-1777
12329,51-4619
5884,62-0600
2574,59-7885
7195,74-0961
5367,90-6704
6797,67-5695
12380,99-6697
16427,72-4215
17646,62-1753
8961,61-9161
5744,90-7986
14643,52-7111
3511,92-7492
271,76-9901
12317,73-2232
8064,48-2547
4927,89-3808
14603,62-6713
19279,70-7546
1464,75-1512
9610,49-7509
2024,62-3511
11250,69-8903
9917,82-4703
7950,45-0597
16309,44-1531
15008,73-4266
17979,94-2893
4867,87-7294
14775,87-8867
11094,67-2178
15342,60-3962
12172,97-7113
6711,94-3003
7661,88-9217
7830,86-8157
13997,82-3246
11831,78-4617
16717,48-2555
18934,90-3003
680,50-6392
10477,57-3909
18262,52-1340
10515,44-8142
10985,45-3738
17444,54-1030
1314,71-6339
4684,51-7222
9289,72-9731
16742,49-6848
10830,75-5844
8685,82-8787
10632,81-2618
6137,54-5815
12117,52-7798
17315,86-5195
17150,49-1302
13804,59-3140
8629,73-2991
17345,45-0393
16308,69-7777
4918,98-8709
1252,61-7949
3287,63-4062
3996,72-8633
5702,80-4682
18319,52-4531
6303,88-2699
7324,96-3109
12404,69-0481
17622,57-2091
13834,78-2809
12422,48-8222
8192,78-2750
5611,73-5489
11332,94-2985
2855,98-6839
14198,75-3640
18110,64-1704
13370,68-7545
13309,53-6334
3534,52-5701
266,74-8666
3869,87-7754
6329,70-7462
13122,86-1817
18611,76-0157
9272,48-2465
64,83-7378
18378,96-7240
17213,60-2356
2990,89-8910
9969,85-4761
17086,67-9500
4467,73-9005
12195,72-5679
1434,76-7967
12190,87-8320
3418,93-8690
6354,87-3680
8088,43-1775
4203,43-5177
13995,71-3728
5533,98-7686
19233,97-7436
6731,89-9154
15546,66-2874
17091,52-9321
2777,69-6420
1253,89-3157
3404,50-2095
16167,98-6552
8403,58-6077
10619,69-9390
11281,79-6328
2504,65-3528
3692,88-5030
12396,75-7056
17538,69-4097
19368,83-5543
1905,53-7930
8597,94-9643
7312,96-3938
2305,73-2614
16541,75-4195
5521,85-2767
8628,52-1751
7811,92-3814
6626,73-1461
19197,67-7304
11456,63-4149
5554,73-0668
14320,74-9704
3100,49-0916
6009,73-6735
17804,51-6327
17499,57-8137
9644,83-0348
19748,72-9647
17472,73-4448
17931,96-3107
12337,70-5971
19258,79-9211
4827,98-8036
13881,84-9770
1454,65-4528
6078,78-3597
3434,79-0970
18306,71-4843
4353,89-0470
12343,44-4008
5197,94-1823
7761,83-7649
13890,60-5860
9993,73-0883
522,84-1897
5482,46-1023
19369,71-3355
3989,84-7084
1138,77-4501
12520,55-4836
2850,86-4620
6403,65-1688
12748,67-0998
19739,65-4253
3509,59-2063
11906,78-9115
15069,90-1507
4907,79-1973
18250,76-7085
1134,60-2350
19940,99-6002
7310,69-8527
14884,87-9530
19082,77-4632
12297,99-6859
3651,48-9661
2599,45-7931
9361,97-3893
16118,54-9480
16902,58-5741
7184,87-8236
17074,65-3087
11267,80-2597
17978,91-4951
652,66-2396
19001,99-5061
6746,69-5412
12229,58-0722
16817,70-6082
4268,79-9128
3087,56-8130
17797,92-6686
2253,61-3004
8681,57-0206
1742,44-4376
4372,55-8489
15517,99-3637
17244,79-2481
5417,58-1715
2569,57-6621
2479,60-2419
7170,96-1754
16033,59-5954
9142,58-2664
8270,58-6370
18929,46-9474
350,50-1152
12184,90-3563
1463,43-9028
17065,47-1506
15715,77-6770
16072,81-5039
14449,79-3858
10130,84-1505
2869,87-8330
13690,44-9595
16439,97-7136
13383,67-9423
13534,56-5903
6302,84-0539
3356,82-8225
5103,61-0564
171,90-0410
4800,59-1439
13007,74-0645
18237,72-0446
11840,92-1867
657,78-7580
12672,99-0328
9984,97-9065
18785,81-1744
12917,87-4239
10552,49-4979
19663,43-7616
6897,70-5041
10196,95-9199
19614,51-0867
17335,59-7729
12221,89-8281
8102,65-9239
11530,74-8075
7285,80-8933
11340,79-0013
18916,98-0417
16564,86-7004
11101,95-5220
8250,72-5017
12953,75-9809
11992,45-8196
9815,68-8671
6988,66-0056
1743,74-1388
4589,51-4474
16005,53-8370
1372,86-0022
1084,79-8370
19893,98-1821
750,50-2298
5914,77-7499
3332,82-8363
11670,88-2171
7323,57-4702
14870,59-8864
9524,70-0659
15260,51-1977
5656,83-5742
8335,77-4797
2596,66-8819
17297,66-8540
7659,65-0318
10032,87-2628
2035,69-2602
13388,69-2955
18553,78-3877
4135,59-2500
923,91-1167
17530,86-5646
12399,95-7327
10337,50-4190
6203,89-8050
14030,83-1429
15068,57-2910
4944,47-4006
5179,86-2239
8922,67-1631
9457,51-7399
4108,67-9980
11055,63-6280
6702,87-5909
18745,64-2493
15548,64-0334
14339,95-8016
10660,98-7144
8955,84-9189
6732,73-4914
4863,59-6828
5367,99-1507
3414,81-5141
12749,78-3920
1985,98-8544
2785,72-8383
19530,51-5289
9064,52-8517
12970,58-4752
1054,55-3709
16489,76-9566
10978,95-8236
8191,67-1885
18784,72-9879
19945,68-2851
12627,80-5191
19432,70-4753
17186,80-5924
5591,89-5698
6883,61-6518
7782,70-8625
6832,90-2069
11931,67-3858
11169,93-5253
10068,75-4622
15898,96-7585
516,96-0635
16542,63-8596
4042,90-4099
5410,67-6095
15273,66-6497
8685,83-0041
3391,52-5627
11514,80-2174
10941,45-2360
14974,96-1020
11962,94-4641
7443,60-2055
10328,74-4508
12757,81-9027
6778,45-4614
3814,96-9750
16408,50-3998
6791,77-0272
17487,87-7018
416,73-5084
18632,49-2899
6437,99-2042
11653,79-4156
12766,84-6821
19718,83-2264
10973,43-3190
8981,77-7180
16679,68-7497
17750,80-2935
4950,51-7992
16230,47-8587
2110,47-2230
4142,72-4133
12286,95-3124
1413,48-1887
11885,89-7298
19252,67-5578
18195,50-6638
15686,43-2551
1103,82-8020
14063,67-8411
16002,62-9200
18626,94-9043
2759,81-7880
300,97-2471
6824,90-4152
4628,76-4379
11399,96-2763
11642,68-9273
12706,96-7211
6051,82-7269
427,77-1749
11999,92-9691
6249,86-8888
15537,56-8963
7144,98-0274
712,62-4467
2056,63-1489
10620,74-7473
13252,94-5611
19633,61-7076
1630,53-5324
16672,96-3956
19018,57-6407
8152,59-9233
14679,50-4365
3991,68-1127
2431,58-6650
716,68-7294
4401,98-9202
7030,67-6018
18727,48-2400
5046,54-0012
14715,43-9438
11902,43-3038
5221,66-0667
2526,47-9750
14977,76-5303
17464,94-0150
8070,43-5020
16053,80-4064
18485,55-9249
2428,89-1124
19472,62-8284
16792,77-9722
6389,65-8990
1029,48-9703
12417,52-6627
13687,74-6115
3544,70-6854
3822,99-7933
10095,74-7298
13279,45-7852
444,76-7739
1909,83-3963
15937,45-6119
7034,93-9824
15298,72-3439
10373,52-7714
1903,84-2424
13920,70-3712
16042,93-1423
16249,94-5608
15437,50-5780
17117,58-3332
17322,57-3088
10365,57-0250
5512,66-8256
19499,86-4145
15337,44-8747
2516,69-6280
2943,57-7869
16340,88-9772
953,86-5460
9181,65-7796
16875,51-8769
2049,91-9976
1238,66-1873
6787,68-8971
9337,82-0811
19090,49-6493
14722,55-1142
9890,76-7751
4933,76-0684
15797,45-4326
16674,68-9252
5211,52-9715
8297,79-0500
18053,45-2585
5909,76-1926
18887,98-6632
7598,51-3762
6477,43-2803
4872,59-4613
17041,66-4434
8781,57-8335
12760,94-8620
4734,80-7261
3944,59-4535
5764,81-8929
3082,45-9466
8482,66-3053
17503,74-1149
7466,59-2523
12499,93-5821
1155,82-5905
12276,46-8617
19891,46-8071
19072,72-8789
6150,73-6589
11143,63-6605
8416,87-1556
461,50-2936
19920,74-9540
13131,53-4711
5238,85-1240
4658,63-7318
15774,72-3124
3668,89-4718
4820,87-1806
10364,48-7179
14775,75-6636
7433,65-9078
8971,86-8801
17627,83-6137
11515,71-4792
5146,92-3718
4513,98-4032
15693,77-4631
14844,98-5074
9659,59-1461
1339,59-0323
2627,52-4230
7572,96-3239
10879,62-6259
7694,81-1838
2041,44-7347
7940,47-5765
2772,72-8672
17566,47-0041
1465,94-7853
10900,48-7146
2700,47-8854
1111,89-9546
10135,58-6703
16643,80-9553
15447,65-2221
11421,89-0755
5775,53-1037
5783,68-7630
17296,98-5376
6429,85-3331
15276,47-4398
18225,61-4747
5088,93-1544
12190,76-0018
13539,93-5467
4022,79-3004
6644,54-3353
2920,57-0728
3125,66-8975
6248,87-7026
13401,70-1272
19990,50-4554
15682,48-3450
8799,72-0303
4821,78-7900
14939,69-8337
9762,97-2441
760,81-1701
8004,73-5226
6989,94-4294
14985,87-3342
4579,66-7095
337,43-7508
4657,64-3105
5369,84-0821
1635,91-1140
6287,87-1985
8494,58-6663
2160,71-4123
11277,45-7275
9746,98-6355
15748,83-8661
6859,74-1586
18201,58-7647
7544,52-5425
7464,59-4581
8060,65-6586
11333,76-8007
11538,74-2657
17187,56-8515
8832,88-6307
10626,57-1230
18988,58-8141
5373,52-5086
19463,76-6690
9462,69-0958
3803,47-7156
17410,96-1940
12132,70-5303
13393,64-6832
9818,68-0176
9564,82-2199
19867,74-5861
9322,68-5541
17149,66-0578
19238,83-8397
4548,74-0772
8601,93-6343
11702,89-0990
14041,55-9449
12937,54-4806
16883,60-7390
7889,60-1595
7425,64-4088
15282,92-4118
10992,64-8208
17103,49-1688
2858,95-9920
15772,50-6881
3690,65-6363
9539,50-0255
1167,48-6124
3304,72-2449
8276,76-4898
2070,53-5302
3337,88-0346
13615,45-8894
8501,92-2353
3291,57-6384
11143,64-8302
12918,55-7875
14345,77-0201
3609,81-9931
12634,55-2480
15046,65-1601
1430,91-9950
1913,56-4971
5582,67-3174
6608,60-0115
13394,53-1512
17300,70-0379
4511,77-9382
7801,80-2993
10477,93-9458
19793,89-9884
2890,93-6659
11267,74-9487
10691,45-3699
4615,71-1615
1311,85-5834
8167,65-4878
8781,49-9060
11107,43-8129
4811,76-3318
18164,70-9810
15298,81-2616
12775,61-6849
15494,72-0149
2738,45-1446
2467,70-8312
7798,93-9169
15533,79-4418
3420,49-0017
13726,76-5664
2297,52-2833
8660,78-1319
8796,85-4017
11637,98-0331
14276,63-4735
2178,61-4543
6119,59-8988
18965,93-3224
205,86-5882
18404,46-4839
6349,94-7063
8017,97-5522
2595,91-8695
667,66-8645
18356,91-3933
8093,64-1216
7473,56-6169
11305,83-8683
10086,75-0393
7325,71-3162
19304,47-1624
19243,92-7712
9184,81-0003
15511,67-9320
16985,73-0419
5186,76-5870
18435,47-2097
3580,92-5940
12153,48-7016
2696,69-1585
15999,74-3870
11436,45-7164
11743,54-5947
5157,49-5017
19974,47-4487
14841,81-4810
8605,82-4101
8843,91-1176
11360,67-0583
7761,75-4681
9813,68-5219
6064,67-2985
13502,43-6654
15921,54-7735
7555,52-2640
15332,80-5690
17628,85-9405
17962,79-8003
1791,46-6734
12064,79-4866
16576,53-0602
15674,53-6119
10812,50-2783
13121,98-3837
12596,46-2670
14181,89-6011
10942,81-7980
7215,51-8549
4608,64-7183
4617,80-3839
6180,96-5293
202,50-8352
1193,85-6138
4368,51-4888
5188,47-8902
6345,93-6168
13315,85-3101
9891,75-1947
10034,73-6672
8110,47-0011
18166,72-2671
6037,63-7048
10006,52-4960
13790,44-6196
11663,48-2118
18999,99-6949
9822,46-4890
9921,74-5269
3186,99-9209
1396,78-9755
12654,60-5747
10906,63-9700
16276,44-5745
12447,49-0608
19162,96-3594
7783,47-7010
10292,69-0887
2387,85-9432
12777,68-7060
6787,56-1734
13118,87-3250
3427,64-3666
15492,59-8039
8862,95-3378
6080,76-9271
15070,77-3442
15759,48-2150
3676,94-9437
2004,62-3854
10804,94-0573
15392,99-8057
958,60-4119
15239,96-6771
13349,97-1394
14398,45-5493
18832,72-5451
19053,62-0665
12688,76-4691
15119,53-7458
7727,94-5789
10734,46-6162
3063,77-4584
13577,46-5254
11397,91-3086
9998,93-5290
12346,76-9871
18200,96-3054
6504,46-8293
17504,69-0913
10586,60-3722
7274,76-5970
7322,44-8941
19717,57-9941
19386,53-8598
4634,75-6347
9978,48-8298
8517,47-6322
12154,90-6686
11585,52-1038
8216,81-2252
4400,78-8628
874,82-9407
13840,49-2837
1235,82-7001
2259,82-5607
2081,70-8066
8861,66-9988
1077,48-8008
1270,95-1234
309,97-0423
9264,79-5940
19231,81-8202
14455,51-3744
4338,87-8490
15063,59-2857
6623,69-0502
10407,68-1905
3673,74-5541
12517,54-3252
13822,84-6823
16699,54-1942
556,63-1988
2659,83-9632
12837,95-6331
19434,86-1798
11820,63-8323
7559,62-8837
12595,95-6042
11808,81-3334
4187,68-7422
8150,46-4175
7873,78-4869
5682,86-3394
16651,89-8823
8733,46-3441
5115,84-3829
12150,72-2532
17656,50-2356
5062,60-7768
10987,91-5395
18170,71-8288
10558,67-5194
7490,67-2885
10196,48-0311
9766,89-6698
11833,70-3110
10574,56-5808
13884,74-9918
6602,85-2116
12451,98-0503
19042,48-1677
9078,88-0390
18988,70-5625
2171,47-0998
7127,98-6412
12999,76-1892
10450,66-6469
12402,81-7534
12358,58-3756
2667,81-0882
17440,49-5163
16465,87-4199
11440,95-9085
7643,59-9058
19226,67-0196
4936,87-6336
8893,82-6681
4835,83-6085
5945,46-1439
15985,85-7476
7044,87-4728
13894,60-3442
11509,67-5277
9020,73-5778
19805,95-0231
9648,98-4525
15177,50-5882
14004,90-7066
5799,82-8376
7323,97-9064
198,79-1715
2464,80-4019
6898,68-6798
4305,65-8393
6793,63-9094
19789,87-7563
17485,93-7923
7032,56-1837
12147,71-9600
7183,66-8408
746,55-9869
15296,44-2978
9764,68-9239
16110,97-6857
17599,65-6822
18334,43-4852
17541,77-4649
10614,43-6586
3936,99-5798
9896,82-9475
11109,53-1577
670,43-3522
19991,85-3408
10210,71-2131
14597,69-5831
11223,60-2743
323,71-3046
2042,69-5301
9153,52-1197
3528,86-9763
4166,43-6728
8262,71-9711
10073,87-4201
5,72-9454
12095,44-9862
4154,72-5078
4432,94-2658
532,72-1282
18517,59-9289
6477,65-5413
16047,60-8951
15178,52-7200
860,50-9931
3719,69-5060
675,86-0737
18967,78-7850
19500,71-6825
1786,95-9992
17431,51-5022
9396,65-5233
19405,91-5287
18885,78-8412
13230,75-0631
613,48-6166
10061,46-0133
15155,55-4548
10848,96-0917
11753,45-8561
12444,57-3746
16992,75-2948
9807,83-0025
19265,85-8899
12328,57-1172
3490,95-9703
373,61-6858
12870,92-2060
3237,79-9396
7973,98-1218
6158,54-1319
1423,49-5542
14684,75-3696
4595,59-8920
10876,98-7390
9496,77-2210
13454,59-8981
18592,58-1582
16041,96-9195
7114,93-3004
16447,93-7499
17864,75-0070
8372,81-7892
19197,83-0688
18114,53-2660
6252,81-0959
9563,98-1944
16514,71-5375
968,70-6682
17230,87-5409
18653,95-4568
18055,56-9536
10454,53-8912
2399,76-9694
5839,49-2860
13179,47-2183
15264,62-6001
1807,94-5430
10392,77-3937
3173,47-1461
15342,72-0419
5025,62-9911
13832,55-3749
5694,93-2993
19625,83-8278
263,94-4837
14220,93-3275
12818,52-1857
8641,95-7565
1943,66-0162
9983,60-4503
15994,82-8752
1106,92-5296
17132,83-6622
14795,45-7031
9537,83-9037
18585,64-4197
18274,69-6825
10057,54-9652
11337,56-1779
5345,51-5752
16733,95-9339
7264,48-5542
1806,56-4595
14800,94-0704
18479,96-1955
19730,78-9899
10913,53-7333
1560,87-6608
5582,54-6141
11079,72-9685
15422,93-2771
5371,92-2896
3704,61-0329
48,68-8369
19787,45-1564
12461,48-8510
8143,79-5470
8986,85-3659
1038,47-9830
15103,45-9774
5361,81-9528
17379,49-4646
15000,92-0170
14632,63-7325
7945,45-9089
18140,77-2614
17459,45-1907
18628,79-8825
14053,92-0523
15019,76-6011
959,45-3846
7962,88-7579
16243,45-6140
15852,98-1787
10291,91-6288
3669,57-7226
11583,58-9596
3011,46-1210
2334,47-0766
12436,54-5768
3709,86-2967
13227,53-6650
1863,86-6230
10381,45-1254
10079,62-8026
14180,62-0674
7695,91-0222
19800,72-9937
15208,99-0690
12159,53-8442
778,65-9123
18139,82-3926
1017,73-4881
8412,72-4009
2668,70-2732
4444,57-9424
14996,44-8600
10565,64-9863
8019,53-1464
3139,69-7209
17858,87-8769
15902,52-2447
7792,69-9938
6188,69-7864
15253,61-4959
5642,74-6877
10123,44-5559
11331,51-6886
17984,87-9377
7938,98-5557
13660,74-1287
12106,86-6938
8403,82-7816
2612,51-8442
554,66-7904
8246,68-4126
15896,44-9283
7177,44-2191
14880,50-5141
6830,94-4135
4,57-1599
2449,72-2716
17357,64-5361
7728,51-7714
12362,94-6168
6063,82-7326
14636,61-1979
535,98-2090
18857,58-9135
3353,59-2511
4204,88-3969
6138,66-3403
3360,70-3586
4277,62-8419
18785,94-7712
5089,63-7205
10432,69-7161
6289,80-9287
9164,67-7564
8510,95-7655
14759,61-7508
18649,74-3761
8556,89-8043
3851,95-9752
7989,70-6365
8972,63-0175
16210,57-8508
3472,46-2424
4474,67-7298
17834,59-3040
5607,98-4138
16441,93-1794
7750,69-7362
16751,77-2605
9483,48-8048
16688,91-4301
8300,89-9702
2636,77-2568
11009,76-4679
13271,65-8872
18217,51-9764
18599,58-6126
2250,79-1566
17575,76-4682
15996,60-1602
18698,87-1049
497,81-1614
18374,58-3517
6969,68-2167
6029,64-6893
10260,99-2118
15851,82-7779
14989,55-5615
1819,61-5800
13847,48-8407
10924,60-6266
2908,44-3349
8023,49-0385
18464,46-0347
13717,89-0395
6001,91-9059
5681,93-3438
10191,93-8513
8144,61-4787
14280,76-2225
12452,97-7030
3613,92-2565
358,85-8050
16012,75-7359
10385,76-9869
6168,88-8784
15339,43-2820
39,54-8100
5968,52-0301
16558,57-7396
3498,88-9101
5454,74-8025
6057,82-0181
12198,85-6337
5459,59-2484
7267,74-4749
8200,95-5830
10720,74-0853
4089,75-9415
1881,77-6988
14202,46-8393
11016,67-9248
3183,92-5284
6712,79-2930
19958,64-7622
300,98-9332
672,88-2923
713,45-7737
10546,63-9039
3735,67-8816
11032,52-0973
5868,58-0324
1725,62-4459
2262,90-3692
19057,65-4626
5075,57-6911
7896,78-5042
13963,96-1887
7212,50-2336
11152,65-3894
16824,65-2916
17594,83-4390
4097,71-4903
9734,50-6168
1543,86-7354
1668,77-7809
17217,49-8478
1966,82-1822
5614,48-6344
16518,94-2642
18498,44-0515
12882,76-0865
11632,72-1055
16222,62-2144
2065,68-9156
7600,54-9380
5901,53-4543
4243,45-2075
19536,83-0060
11435,95-0070
6442,74-4243
6289,97-6493
13913,75-3992
4619,72-6599
11155,47-7838
8272,76-0387
1806,95-1030
506,51-1142
11057,69-2022
7853,59-5323
3065,92-5316
13315,69-3274
12893,75-1944
18918,86-5552
14556,67-0882
12286,44-7875
13595,57-1672
2498,80-6330
7639,47-6395
5374,84-0100
19459,95-2768
13908,87-1030
12777,80-0380
4552,63-5611
5436,90-2598
16254,57-3122
12072,90-5384
10367,70-1046
1797,93-3834
3895,56-9072
11309,54-3667
4855,63-4291
11529,49-8252
11532,62-4441
1855,47-1982
14292,97-6018
10638,60-7856
11958,45-2284
16875,80-6061
14775,54-1236
2199,96-8908
9158,46-1099
16814,80-6958
2314,80-2081
2714,75-9166
8132,74-4225
8318,51-4990
6401,49-7927
18815,56-5882
1919,68-1109
9494,71-7888
6428,59-3002
17524,65-0583
9219,80-2057
18708,93-5199
2401,72-9187
7662,59-4694
9948,65-8002
11767,62-9318
14350,98-9173
6594,66-0038
16057,68-8290
10763,86-2594
14099,79-6250
17289,55-4978
8319,54-9263
18008,63-4493
1922,75-5273
13726,53-3181
4916,61-0847
5405,68-3965
14561,68-8151
19609,73-1923
7061,45-9272
18444,83-1526
9422,97-0121
15440,46-7307
2119,50-4162
13125,74-0067
13985,77-3792
17926,91-5803
7917,88-6472
13268,78-2795
19504,62-5864
5618,88-9352
15585,50-2819
11513,59-5288
6608,67-9391
18421,46-5484
8932,47-9580
3892,75-3374
9289,91-7033
19015,96-9698
10675,44-8358
5101,64-4563
17461,63-5789
17399,62-7148
2177,48-1051
406,45-9159
8753,69-1552
8254,58-2999
13009,76-2580
9336,46-5359
9786,83-6911
5953,49-0636
15176,80-8863
17958,83-0199
10163,75-1611
13462,48-0544
2650,49-8971
9463,60-6549
9618,60-9271
4944,99-6191
7658,52-8957
3608,76-9066
7083,73-2457
9987,44-2733
17784,51-4683
8233,89-2362
7681,46-1853
15164,51-5275
777,53-2544
9889,95-8650
18818,90-0058
17253,48-8645
1918,55-5799
1206,76-8868
3855,97-5110
2328,67-4887
17184,70-8251
3906,77-9755
16146,50-2900
3598,62-6034
14002,62-7966
4885,90-1439
789,72-7008
1846,48-8452
6451,66-8192
12529,63-5740
8585,72-0040
5124,88-0417
8576,49-7446
7230,48-7206
8528,99-4989
4090,53-4173
5539,93-9937
12928,52-0396
1671,45-8780
15588,73-0554
9920,87-2040
3515,64-9404
7126,62-3015
4945,67-4407
14769,60-2392
18081,47-3096
11126,97-0250
12249,71-2319
13516,66-7503
4145,54-4277
14532,52-3400
17959,73-2097
9004,63-7913
17779,57-2925
16600,76-8780
14373,57-4514
12026,54-2428
2854,84-2440
17526,85-6104
6810,43-6095
8954,55-9483
18864,86-6333
8228,90-6407
10699,99-8344
14129,60-9327
11452,84-7060
1057,84-8376
16738,50-5311
11814,98-9287
9307,95-8514
1052,67-3344
8357,68-2393
14684,82-0370
9011,53-2919
17312,67-5723
8347,58-0577
4304,65-9241
4591,85-5600
15362,78-3032
17020,60-5038
1661,71-5543
16727,52-1919
387,71-8725
15557,85-9741
6188,81-7041
9535,59-4636
10505,55-1209
7953,93-9692
11340,94-2552
1012,72-3184
14469,81-1940
12060,81-8757
2383,75-4781
281,80-6387
9988,53-3481
12609,63-2731
7821,46-2279
14277,67-7009
11191,44-4082
7712,64-8263
4832,98-1640
16469,62-5263
4978,98-8088
7577,48-3732
16580,65-1864
3355,84-2138
12038,49-4350
7840,60-8782
8606,91-4109
6074,67-6182
5653,74-8889
409,59-9500
6840,49-4305
13764,81-5086
4006,95-4037
19787,64-4674
14830,87-6466
5698,54-4943
6595,58-7951
4337,72-5977
16592,65-3176
15954,84-5108
9971,87-7494
4811,45-3424
4264,58-5802
19104,55-2643
15070,81-0900
19624,99-7334
6898,77-2654
14661,86-7361
8025,60-0675
5416,59-9469
6422,55-7093
16969,43-6210
1726,44-4821
4367,51-2806
3729,45-3034
9166,98-6063
6815,71-7993
8200,64-1265
12819,50-5541
14643,64-9748
3652,73-9803
16134,78-1672
11553,44-7009
13609,81-0677
1100,70-9459
15150,49-0545
17527,65-5552
3313,56-5628
8878,76-8365
4285,86-7469
19177,90-9231
1888,66-4953
4194,63-7759
19420,50-7412
16598,72-9162
939,53-5917
17625,52-5957
13080,65-4543
10677,77-2012
7763,65-9791
2359,73-6878
19621,72-1209
8377,75-8616
15211,65-2523
15250,99-0341
8278,85-1967
19948,60-1053
13612,50-9192
5378,62-1588
18408,74-5960
19844,82-9428
2875,88-2966
3113,59-9924
4300,63-6080
15487,98-5189
7049,80-6664
18090,68-6520
7237,57-3644
7735,46-4702
18803,62-4744
17025,59-3639
14181,49-4999
2913,70-6632
14779,77-0499
1637,45-0181
16721,79-4429
8714,57-6184
2539,70-4249
16634,46-4733
19957,43-5398
14378,75-2943
4673,77-1684
17172,74-3270
8338,78-5425
11573,76-8039
10161,82-9495
14544,63-7416
712,75-5619
4789,92-2153
16639,83-1563
15860,54-6653
12648,93-4325
4963,67-0545
1744,69-0954
15501,73-3439
17404,80-9215
4878,71-2163
11467,62-9021
19869,43-4797
7177,72-3728
19903,47-8956
14167,62-3442
15010,67-6612
8043,65-4891
14873,99-2839
15804,75-5748
3930,62-4158
14436,59-0478
7002,88-3419
9656,62-4572
799,79-2080
9976,87-1924
6276,49-5312
13741,78-5866
7177,91-3769
3324,48-0059
6761,99-4790
1677,50-5814
19658,88-1460
6619,83-0145
9626,51-8218
5777,61-3907
15201,82-9577
11508,70-3031
4415,66-7007
14092,54-9057
14239,71-2520
17982,88-9468
19024,95-7675
1491,80-0982
12489,68-9538
10424,66-2674
15127,59-1672
18543,66-5635
5304,53-7891
16786,91-6720
5481,48-7431
6544,54-9068
1060,73-6929
14296,57-8073
9272,77-4238
12601,71-5721
10196,84-6628
13053,75-5545
7903,65-9677
9970,73-5330
5190,96-0763
13677,44-6122
4101,96-1680
6109,58-9720
7368,95-5595
11231,46-5535
13559,93-4767
3763,94-8163
6870,90-7448
12596,97-0189
649,76-1071
18605,54-7801
3217,82-0131
7602,67-3826
9993,48-6506
14275,83-7144
7097,90-6431
11523,85-2316
8954,79-5035
12432,96-2077
13565,55-2880
950,82-0145
4806,46-9093
640,74-0466
5105,79-5255
19983,61-7231
7435,93-3809
8376,86-8004
7516,53-6734
11341,80-5978
9035,80-4359
6754,46-9033
10143,97-9158
16024,69-1953
8815,60-7900
6078,51-2117
2959,48-7074
10574,57-1919
10069,48-5589
15132,89-8703
12335,63-3356
3752,68-1261
