3.79,50-7428,CMdzKv,2020-02-15
1.57,52-4355,gCDbeE,2002-09-19
1.89,58-4278,FnZJKM,2013-04-08
4.78,68-7420,lxIVXB,2005-09-02
0.77,98-5293,hZwOlL,2010-01-24
4.13,57-8180,ZbJJFo,1990-11-05
4.71,91-3435,kictXh,2014-06-18
3.04,87-7014,kYDheW,1997-01-23
3.19,55-0184,BlrMxI,2002-03-09
1.39,54-5046,xTKWMM,1992-12-26
1.99,98-3196,KJtcvg,1997-07-16
2.10,52-9637,ecBbBu,1990-06-15
4.57,74-6674,sdlWSz,2011-08-19
4.85,87-4942,YUVqmQ,2003-02-07
1.66,55-5212,NfVzOK,2004-12-06
4.34,47-3620,rYJtTP,2003-06-14
4.43,61-5663,FtRtRW,2011-03-01
3.48,82-3183,GJTbrL,1992-04-17
4.71,70-3649,YxWNMs,2000-10-15
1.21,44-6796,znIpAM,2012-07-11
2.66,46-5911,pfDkQy,2010-04-06
2.94,47-1712,gGHxbT,2017-12-06
4.72,59-0708,UUPSlK,2009-01-11
3.73,74-7098,JobWKu,2004-12-03
3.71,63-0744,hutVgw,1993-08-06
2.35,81-6661,ySkzLi,1990-02-13
2.08,68-7134,IWpNaB,2009-08-29
3.18,88-3099,HvNDHL,2007-02-14
3.02,91-5977,QoAugI,2015-09-08
2.22,79-4928,ivXmjM,1991-02-27
1.55,59-9281,ifxzab,2019-04-11
4.95,80-5443,SuFaKq,2000-05-23
1.77,87-1173,VNvxRr,1998-10-19
1.07,48-5866,lbCnsm,2017-09-17
2.16,75-4222,PdJUzc,2019-06-02
2.78,71-5204,VzeaZU,2012-05-05
1.97,76-5487,fEwGJW,2010-02-12
3.45,50-4127,jxmxdx,2016-08-21
1.65,64-1332,vplOre,2010-01-04
1.73,61-7386,OyvfED,2007-01-12
1.48,99-5930,LamamX,2002-10-14
3.60,99-7061,BtFRyl,2020-06-05
2.73,95-6131,FAxwpr,1990-06-29
2.60,56-6393,mEygKF,2004-11-29
3.44,55-0250,WmBIUL,2009-08-31
1.62,64-9996,QAIvci,1995-08-03
1.25,71-9994,gEYHNp,2010-09-22
4.64,46-4004,lAVqjm,2014-09-26
3.17,53-0848,tVCUHr,2000-09-04
4.51,53-2490,tNZqEv,1997-10-23
2.09,88-1762,nkiLve,1990-11-07
2.57,91-9451,uFPgbY,1993-04-24
2.16,54-7561,CUtFAk,2020-06-10
2.51,67-1064,IFXXVo,2004-06-23
0.99,97-5488,JFPAkP,2016-04-06
4.27,53-8296,EAbJhr,2015-02-17
4.79,61-4019,gNGpbX,2019-02-22
2.41,73-9607,SPwfdt,2003-07-30
3.03,99-8657,Knfvcu,2009-05-20
3.33,82-4938,xQicql,2007-11-09
1.65,85-9672,XiphOh,1994-12-14
1.67,56-0045,VJTaWR,2009-02-14
3.03,71-1547,RzYPIl,1992-10-09
0.92,76-1020,TwKnJm,2001-08-10
2.48,76-9360,UrnKqo,1996-10-25
4.19,44-3578,gqZJbh,2009-12-19
4.47,84-7770,vGYRbY,1990-08-23
3.17,92-8737,HkyIqr,2009-10-25
3.47,95-6556,PspsXo,1993-08-30
4.44,80-1532,jftfTI,2002-05-19
4.36,71-4478,QurCDl,2002-06-25
3.84,54-7204,aTtKFP,1993-11-29
3.87,84-4293,sBWDQS,1995-02-19
2.41,96-4044,eqHETP,2017-01-07
2.01,77-6599,paeVUY,2019-02-09
3.21,83-5076,JxpItZ,2004-07-27
2.09,54-9062,hyyKjX,2001-06-11
4.07,57-7526,XdUoKA,1992-04-18
3.88,43-1470,zPRwuw,1996-06-13
2.26,92-2314,kNBYZY,1990-05-28
1.11,85-1380,FRvbQH,2016-01-12
2.78,69-2481,BjxypY,1993-11-25
1.84,68-0325,SNvFMG,2012-02-06
2.60,88-1574,nvQrAH,2015-04-26
4.02,49-4523,hbeqAE,2020-03-19
3.17,76-3798,jjmCzl,2001-11-16
4.17,96-7413,DCYzfs,1998-06-26
4.47,61-8663,TOnhQD,2012-07-23
1.75,99-9331,NgPWLR,2011-10-29
3.84,72-6419,vSsjrb,2007-02-27
2.60,47-1746,PcSJGk,2004-02-13
4.09,70-7163,gPDLeC,2009-04-13
3.94,68-6951,zuEREr,1999-11-14
4.49,76-5484,vFHXXM,1997-11-21
3.46,78-0500,GUjNxS,1992-01-29
2.13,52-0755,bcUKZl,2008-10-30
4.36,59-7165,FJzwOh,2003-11-15
2.93,53-0131,caLYpG,2019-08-27
0.97,43-0791,UwrgqC,2014-08-01
1.10,96-9729,lCmbIn,2018-01-20
3.09,67-9781,axOKhr,2002-02-04
2.25,58-3572,nhHoLJ,2008-02-02
3.76,98-1883,FSQGQf,2004-01-06
4.47,46-8941,WirdAc,1992-03-02
1.28,96-7785,EKYcAS,2011-07-06
0.72,70-2618,sklYOP,1999-12-13
1.02,55-5174,jJkPKs,2001-05-26
1.05,53-7408,vThtNV,2000-03-31
1.10,72-6251,iXktSV,2004-08-15
1.69,97-1603,VWKZAz,2008-07-28
2.63,88-8213,nbOUgC,1990-02-11
4.55,95-1685,FbjgQk,2001-03-22
4.25,74-9068,zRqgnY,2017-11-20
3.91,96-9942,FRSRpF,2002-05-24
4.54,80-1635,ItvgDI,2020-01-15
0.73,76-1264,dYClrf,2010-08-22
1.85,88-2798,tfhMzN,2003-08-29
2.15,45-1875,yKOhYO,2010-10-09
2.50,99-0837,YpIqYZ,2004-06-27
2.94,53-3012,wwsbBn,1991-09-24
3.86,75-9495,KHZPLf,2001-01-25
1.37,66-1552,xyFAyc,2013-11-12
1.40,99-0465,VYsYtS,1996-06-04
0.79,58-7352,niMSrl,1991-01-19
4.38,48-3715,wPPnOe,2015-10-20
0.71,96-6615,nTFTnO,1993-07-17
1.27,68-4241,HjJRKd,2000-12-07
2.32,71-3359,ralwNB,1996-03-02
3.27,44-4561,KmxQBW,2019-01-22
3.36,91-4049,BCspSC,2006-06-13
1.78,54-9054,ckTjfb,1993-05-26
1.13,55-9261,rYFWEJ,2012-03-28
4.26,55-5442,symHtu,1997-08-27
2.57,76-2543,GYZSFK,2018-06-04
3.94,48-0825,foetRc,2017-07-14
1.92,65-3748,mvvMVY,1992-03-19
3.45,71-2211,orDoUk,1990-07-26
3.17,87-8717,jehrre,1994-10-21
4.16,58-5808,ZtlKBf,1990-10-05
3.41,93-1115,rdiptt,1990-09-01
2.50,46-9456,JDcmeb,2000-04-21
1.86,74-4354,uHONTs,1990-05-30
1.00,86-7729,ZpXDLP,2015-05-28
4.19,47-3548,eVDdqR,2008-09-10
4.64,67-1946,FGknQQ,2019-11-12
3.93,76-1488,DQwONy,1991-09-02
4.08,77-3370,ylTnke,2019-02-16
0.99,67-9250,MPUZjr,2014-09-31
3.19,80-0361,NyngdD,1998-01-13
4.16,76-5765,rmXscb,2016-02-01
3.73,87-9347,oxNXSj,2014-04-25
4.18,77-6804,SnbcqY,2014-07-05
4.18,96-8599,WhFHGZ,2017-03-08
1.32,62-6449,Yfepiw,2016-07-16
1.35,53-0704,HEBdNg,2002-06-17
3.60,62-5556,NzzSjY,2000-02-04
3.32,43-4146,cBiwnW,2019-04-30
4.07,89-6500,jwYDmw,2011-11-01
4.39,93-3168,ppDIqV,1991-09-21
2.36,81-6925,tboSAV,2000-08-28
4.28,64-9927,nsakWp,2020-07-11
4.47,95-5499,CUxSYx,1990-07-17
1.79,51-6485,CecVeF,2007-03-17
3.15,90-8901,vDLKDW,2014-06-24
1.68,52-4771,FgYIpf,1990-04-12
2.76,53-1104,gBAhqD,2013-02-26
1.98,97-1293,WmLRXl,2020-07-02
3.15,96-0611,cEpSwq,1996-02-02
3.22,71-4028,tdqZPY,2011-12-05
2.55,46-5370,Zyrbdh,2006-06-26
1.58,48-9476,MHUoas,2010-11-30
4.73,82-4388,wQGBWi,1999-05-31
4.35,68-5925,HEySyz,1998-10-07
1.28,43-9577,SuXehm,2010-07-02
4.19,75-6229,YCCekK,2018-06-17
3.21,59-2669,ldUdyH,2010-08-28
4.54,66-2673,NsrAQx,2011-05-24
3.10,78-0163,yhIJSe,2017-11-04
3.72,98-8628,WUoVWx,1993-07-03
0.91,44-9366,ytOOxq,2001-04-13
4.98,63-6574,mDlGtp,2012-10-11
4.17,82-7505,SLkMcw,2000-02-01
1.44,96-0713,DiknGG,2020-10-18
0.70,62-7535,RTSJoi,2009-10-26
0.84,68-5200,pdxQZp,1999-06-26
4.35,97-9759,vWJdwz,2012-06-14
0.75,88-1227,fnBbvC,1991-11-14
0.85,48-3639,ztHGUv,2008-06-11
4.53,66-1193,NPjECe,1991-02-05
1.49,73-3869,UouCtq,2019-08-05
1.71,94-0116,YVadAP,1992-04-28
2.39,49-5275,bDujWK,2003-12-21
2.77,92-8534,TYfhEk,2005-04-27
2.48,78-1406,HAAzOy,1997-05-11
2.25,86-1692,WNjKgr,1999-07-25
2.67,94-2144,UPANWI,2006-11-22
2.95,65-9022,mxdJdW,1998-10-19
4.12,64-3263,jjqxGd,1992-06-11
4.55,49-7807,iiCqYv,2002-04-07
4.91,52-5747,tEFHpm,2013-09-15
2.71,75-3218,VrQVLn,1991-08-17
2.45,61-7753,RGZBzp,2017-01-24
4.50,60-1470,wuasnw,2013-07-08
1.06,69-3744,qGNwTO,1990-09-19
0.77,49-4409,MkqqrF,2009-05-29
2.27,59-4788,pKLWRn,1992-09-06
1.56,71-2528,gyoXtf,2007-08-11
4.07,74-7452,VYUyiq,1995-10-10
4.02,99-9620,vWvRHO,1992-11-04
4.40,87-5543,CQHfIn,2012-02-23
3.99,46-8565,YCtSEB,2002-10-30
2.39,73-0268,nMIGty,2017-04-14
1.00,69-4989,YKfjIV,1991-01-21
1.83,89-4384,cVahad,1999-01-26
3.49,64-6733,HyWDpL,2005-12-24
3.47,92-8839,PtfopR,2008-03-20
4.17,69-7470,XIZKCP,2003-10-08
2.14,43-8630,aIgByg,2010-08-19
4.95,63-7010,rNoVXg,2016-07-27
4.96,77-3034,DMnjaa,2010-11-16
2.52,60-7492,ndtuIn,2016-07-09
1.66,64-8721,jtPyef,1996-04-01
4.04,83-9892,mpcXCh,2010-04-19
3.72,61-0626,WohKZG,2012-03-27
1.26,53-3120,pGRwca,2000-04-26
3.09,84-6323,LHqeFI,1997-03-03
5.00,99-7944,PZxuug,2010-12-14
1.10,95-2684,LoHZiT,1993-06-11
3.58,75-1015,hMzTis,1992-03-15
4.88,85-6644,ymgyTT,1992-04-26
1.32,96-2008,FMKTty,2005-04-18
1.22,96-5889,tWbpKe,2017-02-26
3.05,52-5892,fmSoMH,2010-12-29
3.94,71-7820,WBdpby,1990-04-01
4.25,88-4086,NZszCc,2000-11-02
4.62,90-2246,iNePRc,2009-02-19
4.63,43-7714,meIsCc,2007-11-05
1.93,67-6417,Cpeitf,2009-12-06
1.69,55-5771,siIGfl,2001-06-30
3.23,62-2110,qCZVAI,2005-02-06
2.10,57-5776,kkZeFt,2015-05-23
2.29,55-6286,TBswCK,2006-07-06
1.25,59-6569,GgkLUj,2008-06-24
1.47,46-9918,YYFjrr,1995-01-30
3.10,67-4528,cMorNO,2005-03-23
2.82,98-6853,NnCcZG,2019-05-21
4.46,87-5465,xSWqpx,2013-06-09
0.72,92-1549,CNqFvy,2011-02-03
4.46,99-3123,Hoqqak,2012-07-10
1.20,95-3884,QNRDWc,2008-03-14
3.00,54-2630,VubRDN,2016-08-10
2.47,88-1904,zwpYlt,1991-07-30
1.76,71-8066,RbUnRj,2018-03-15
3.30,61-4931,SuFBWn,2006-09-08
4.74,71-4822,mtqNQo,2008-12-12
3.32,49-2444,VhPxNE,2017-11-04
4.05,72-4709,TyjOoj,2012-03-22
1.94,77-9898,megQmU,2019-05-22
3.81,75-2284,kpOIkU,2016-09-26
4.56,62-3212,MKqNMC,2005-04-24
3.47,59-1518,nGaroY,1999-05-11
2.11,50-6341,UUgJFI,1996-12-31
4.75,48-4326,gTwgGr,2016-11-25
4.50,63-3721,CoJiLp,1990-03-03
2.10,76-0192,yiQKnO,2011-10-24
1.76,50-8542,CETJSL,2002-03-09
3.04,63-7609,QlqidL,1998-06-26
1.28,75-9488,MQaZzE,2000-10-08
3.74,44-1534,EWpITy,2007-11-15
1.28,59-0359,hHlviF,2007-07-17
3.79,61-5063,UXubUo,2005-10-15
4.47,55-4342,wKMpWS,2014-01-12
4.98,50-2099,wZQeJA,1992-06-16
1.31,92-8313,QqoEkG,1993-01-03
2.40,75-5051,WFpksQ,1991-11-08
4.81,92-1857,XmHPFS,2001-12-27
3.29,50-6450,srxeFM,1993-11-23
1.02,69-7701,tiqaLE,1999-02-14
4.83,90-7017,RTXIRY,2005-01-22
2.67,72-7472,BittpQ,2013-07-11
2.16,75-3006,yRFrsP,1991-01-21
0.91,86-8820,TdfzJk,1995-02-18
2.24,72-7292,fkKbDv,1997-12-12
2.69,71-6616,LRyheU,2014-08-19
4.97,71-6249,LoSRBn,2006-02-15
1.69,63-9792,MVpadj,2005-09-19
3.87,56-4519,XNMhso,2006-10-21
3.31,58-9047,yCJJhL,1998-05-31
4.04,61-8852,sOlzMF,1994-12-18
3.61,98-0695,KnUkZB,2018-11-22
2.13,77-3251,zTWqLY,1997-12-19
2.73,93-8257,jTXEQR,1995-09-09
1.85,52-8633,zlHANo,2003-08-22
4.74,65-3569,vLxQZi,1991-01-31
4.70,66-3071,hTXnKZ,1995-02-20
4.95,55-4681,OKobfn,2009-10-03
4.43,57-4868,CMjkqq,1996-03-30
3.56,57-2262,SnagSx,2009-11-17
3.55,99-6056,kKgvnQ,2009-01-11
4.75,53-7902,CFuGGo,2000-07-08
4.76,66-6517,KibCbX,2004-10-16
1.21,83-3281,PLAjOC,2009-11-30
3.15,91-3831,DbVkSS,2001-04-29
1.92,74-5118,wpbWbK,2004-09-30
4.90,78-1578,PGbIgH,1995-08-29
2.63,65-6529,qXwrhM,1991-02-26
3.75,82-0785,dzimHu,2002-09-01
4.57,94-3223,wAjuwA,1991-06-08
4.12,98-8130,FMjETa,2018-09-24
2.98,54-4065,oKfUob,2007-12-27
3.52,91-1004,Ysxmoj,2019-06-11
3.78,99-1352,dUCSYP,1997-04-02
4.25,51-5559,IHQGUY,2009-12-06
2.00,91-9326,TqfExi,1996-05-14
4.98,81-6730,sDWFYA,2000-08-20
2.14,48-1070,RkxpdV,2004-11-16
4.52,75-7088,FbDPsl,2018-08-31
4.24,65-6296,tiZvCY,2016-08-30
3.72,62-6003,bMYlKF,2019-05-30
1.06,48-4786,jkQJeb,2008-05-04
4.94,86-3864,OWZtIW,2019-12-20
2.90,73-8364,jenQha,2013-04-02
1.28,94-0323,TJkwJQ,1992-12-10
2.23,97-4038,ZsJURb,2002-03-26
2.17,56-8204,RnZtxz,1999-09-04
3.29,58-2199,wMOzmH,2000-04-07
2.57,82-8008,mZjylZ,2005-03-01
0.88,58-3371,bpLWpV,2014-05-31
2.74,61-8717,BlhMxi,2016-06-01
3.54,78-7271,HzExjK,1994-03-04
3.62,52-2007,ClVmeO,1992-05-07
0.90,70-8534,zNBfgO,1996-02-19
4.34,65-9410,bzfDXR,2003-10-29
2.04,86-3823,avbORy,2010-03-12
1.61,67-1015,LjhGLc,1990-09-27
2.25,45-7868,KLwcaZ,1998-06-31
2.24,45-5437,LTPFwS,2017-03-23
1.07,87-4012,ESmhLh,2010-02-05
3.35,65-1627,GZZJBG,2004-11-23
1.17,61-5997,LnznLv,1997-03-26
4.34,99-7923,aQjcVl,2015-05-24
3.65,86-0822,lVWNNZ,1991-04-29
4.44,78-5140,tTsXsu,2016-05-13
3.18,59-0513,awIMnN,2000-04-07
2.35,68-1112,OiXYiR,2010-10-08
3.39,61-5264,zpCzcJ,2008-07-29
3.50,59-2413,sIeHHl,2004-10-27
3.41,87-7511,dLSsKt,2005-04-25
0.91,78-1536,GeaObo,2000-10-26
3.15,61-4934,FoquBl,1990-12-09
4.18,55-7640,FIXAPO,2007-06-30
1.31,71-6703,ShgkKf,1997-07-14
4.24,60-6868,OsaFyw,1994-07-30
2.94,55-7238,srRVNd,2004-07-13
4.51,99-2260,ERsxLv,1994-08-24
3.53,50-2037,tPCJvB,2006-04-01
3.48,66-0225,flNhfS,2015-11-10
3.52,61-1429,KRyXQh,2003-09-30
2.99,45-5923,mJFWHc,1992-10-03
1.74,57-4301,nkGQPr,2008-02-21
4.06,47-6287,qHxFtt,2001-03-12
4.17,50-8506,SMVdbI,1993-04-14
3.85,81-1898,ShsFpx,1998-09-01
2.62,68-9157,exSsDi,1995-09-13
0.90,52-3346,THfPZl,2014-08-11
3.82,99-6724,mWSXMV,1992-10-08
2.26,92-9346,FJHjGA,2012-04-29
1.99,79-0485,cqjkji,1996-09-23
2.07,70-9838,vgFItV,2002-03-27
3.09,89-1677,ShephU,1990-01-27
3.92,76-5348,vDiJin,2010-03-31
2.15,87-7704,YCKvWu,2006-10-30
2.02,84-3651,KXSHqv,1995-02-20
4.20,61-4901,fnYeBX,2007-12-09
1.33,51-9291,Hdsrhp,1999-05-29
1.94,76-3864,nfauIg,2004-11-08
1.94,66-4728,CZgHku,2019-01-19
4.08,80-2930,NyOmAn,2015-10-03
0.78,85-9626,cZggsr,1995-06-07
4.92,54-2869,vPhgIH,1998-07-09
3.54,57-9786,xKCkwW,2000-10-16
3.26,56-6517,OVoSbb,2010-10-28
4.43,62-5124,eFOrsk,2015-11-11
1.86,97-6972,nbwPve,2014-06-09
1.79,46-4271,yfGDnn,2016-02-04
1.23,49-2008,CGzxRg,1991-11-13
1.57,71-5297,LKJnir,2018-04-17
3.17,52-7028,KkGTRj,2010-12-11
4.73,63-0434,abiOjF,1998-02-09
4.89,68-2516,WEyPnD,2020-10-04
2.20,93-0731,wboASk,2015-01-22
4.31,89-1864,UnDHtU,1994-12-23
0.82,76-4546,VYZATF,2010-09-04
2.29,44-9395,qnKHFy,2018-06-06
4.22,51-7666,xrAakq,1991-04-15
4.23,86-2527,AAahXx,2013-12-09
3.51,72-4413,JYLdpq,2008-09-22
4.75,81-0731,OOMOHG,2013-06-27
3.87,96-5584,GfOsDv,2006-10-01
1.97,44-1352,XUGokN,1990-11-07
4.90,62-6575,AChPMn,2002-04-10
4.67,85-6547,fCckXN,2006-08-05
3.52,70-8481,aUQWFy,1993-10-16
2.58,62-4978,tcMIdw,1991-09-05
4.48,91-7668,PEwDjo,1992-09-11
4.89,71-0276,iVobuW,2011-06-04
3.00,53-5285,JZqCyc,2020-04-02
2.37,77-1043,SUkgmL,2000-03-28
4.79,92-5224,wPvPCX,2004-06-09
4.80,69-8947,epgoAk,1994-05-31
0.86,66-9947,ibvcMF,1996-08-17
3.97,55-1156,qofWWL,2001-09-20
4.03,69-7703,lXcNXP,2010-05-10
2.87,98-9434,zQpQEl,2012-12-07
2.29,63-6469,cpoCDb,2009-05-15
1.95,81-1400,kWxadC,2013-12-17
2.52,58-9138,BeYTjW,1994-04-09
1.90,59-2901,KNqQVy,2019-07-15
4.17,95-2557,FrfqyB,2019-06-13
2.18,68-3469,KQaNfl,1998-02-11
2.11,73-0230,VMHJsk,2009-11-17
4.89,53-7217,xtqeqV,1992-10-08
2.60,99-4903,ipXUil,1997-11-25
2.82,52-2464,cZPafT,2013-07-21
2.42,51-1981,sukLmx,2006-12-06
3.54,57-4913,JIbqtZ,2015-09-03
2.19,65-0563,rxJhIv,1995-02-16
1.28,82-3850,RhsMSb,2002-07-05
3.58,46-0804,ucfGPe,2007-01-09
3.42,91-9151,RUAVjX,1992-06-05
4.32,97-2966,YEAfWv,1991-04-03
4.03,73-9013,qVKQNh,2011-05-01
3.10,72-1778,kKDDIE,2014-09-02
4.54,65-9573,mbfcAa,2018-05-29
4.97,49-5591,hACgSR,1996-12-18
2.36,52-1823,EPZTNJ,1995-03-24
1.51,72-9652,YAZiHd,1995-05-21
4.17,92-5121,FzgdpM,2010-02-03
2.48,51-9124,feoNNY,1994-07-15
1.81,73-2259,CJdFQD,2014-09-20
4.63,93-4871,OeofBx,2020-03-17
0.83,64-1068,UgdHoi,2010-05-17
3.73,98-8684,aUtqwV,2018-09-14
4.40,86-0390,fBZPHU,2000-01-16
2.43,92-6801,shAmFj,2009-06-23
1.14,99-8809,UGfdnj,2012-05-19
1.85,49-3745,gZiJII,2010-01-28
1.47,91-0258,rNkpni,2003-02-20
1.40,91-6248,iTuoJg,2011-04-29
2.64,86-6571,SgoauJ,2020-09-12
2.37,62-1051,DiyWil,1993-01-24
3.88,67-0953,yEmwIk,2016-02-01
4.25,71-8257,sgSByv,2003-09-02
1.51,91-0028,qYfqJc,2020-01-25
4.49,92-9563,hRgxJi,1990-02-17
4.88,46-9507,ReByQF,2007-06-07
4.49,96-0753,boTyQP,1999-05-17
2.97,50-6503,LGcgnV,1994-07-03
1.92,94-2509,ADlWss,2008-01-08
3.77,58-5464,AdlAOh,1995-06-18
3.65,99-6787,ZtvPvj,2011-08-03
3.16,45-2242,QAyHhz,2018-07-03
3.31,80-9871,disaIF,2000-03-23
0.96,98-7488,gpvUqp,2002-02-11
2.55,85-4523,yTOprJ,1995-11-12
2.87,93-3146,aIsmOu,2010-08-01
2.43,76-6057,kpsozk,2016-02-06
3.99,46-1116,rFfUgh,2014-07-24
3.92,59-9015,ryDUda,2009-11-22
1.09,47-2141,BHSuiY,2018-04-25
3.58,78-5890,UUHdtn,2008-08-09
3.15,57-7065,rAyCKg,1992-12-19
3.08,58-9178,OmnulX,1998-01-15
1.20,57-7155,qPcSkn,2008-09-17
4.59,46-7474,TaECXO,2011-06-23
0.87,94-9151,aMcaJj,1994-09-24
1.75,99-6818,hmkexQ,1990-06-17
1.99,78-9014,Hdeezy,2017-12-06
2.09,74-1513,cRRlry,2020-11-31
1.28,96-5963,dSUTVG,1993-09-25
3.23,74-3057,GvKTPT,1997-07-16
1.08,65-6765,fpYxVA,2006-04-16
3.44,43-2893,elMkWc,2001-03-20
2.44,65-5880,FRdYND,2014-07-07
1.51,73-4391,fokaXp,2010-01-01
1.44,67-2697,qrxxIf,2002-02-01
2.64,50-8424,SXewEZ,2007-06-13
4.67,87-2208,zuvTvt,2012-04-01
3.20,83-5620,NSJeTe,2012-01-08
4.62,49-8775,GQsWAf,2015-11-01
4.33,43-4407,PEriEC,2001-10-29
4.00,84-9057,DpVPUF,2000-03-31
0.71,91-8601,anYVQY,1995-11-01
3.06,83-2240,DfdnTI,2011-01-07
1.43,68-0593,qYBXMY,2016-03-18
1.41,51-6407,ulHIit,1996-02-27
3.39,83-5134,zpSrBS,2018-05-15
2.16,54-0315,XmqwqK,2000-05-08
4.01,65-2277,PVNuun,1993-04-17
3.42,47-8787,KCicYD,2013-05-24
1.49,62-0050,jUKmFC,2014-09-27
1.82,46-4635,BxPwfr,2004-06-28
1.83,59-5002,IlGAUD,2006-10-05
3.06,78-0557,fqIBWV,2006-02-03
1.90,78-1634,WdApKR,1990-10-07
4.71,61-3395,EqATql,2010-04-22
3.06,77-2770,mTwJDE,1999-02-10
0.72,59-7957,WIvmFv,2005-10-16
3.93,62-1256,bGaTtY,2010-12-27
0.76,56-5899,EdnrwR,1991-01-11
3.48,75-7760,mphXNV,1998-09-14
3.39,99-2285,BgytUs,1990-06-27
4.22,76-7880,FLQDEj,2017-06-01
3.44,49-3063,ytYRVh,2010-08-25
2.34,77-3956,SOgtCI,1994-05-16
2.83,69-5485,kIdxoP,2008-08-15
2.00,51-1212,ACVvIH,2003-03-17
4.42,74-6611,MdOEeo,2002-05-30
4.53,63-2032,wMHNJJ,2008-04-10
1.58,78-9068,DMtVeS,2009-12-10
4.91,84-1699,kjRKad,2005-09-06
2.80,43-5737,ylOegP,1996-09-10
3.83,77-6536,EdXVkm,2018-11-08
4.19,49-6550,tKvYkV,1993-03-22
1.79,84-6618,hmemUi,1997-12-08
1.37,97-7836,kDOTPK,2008-03-25
2.77,80-8104,mHExJM,2003-01-30
3.24,65-5096,tYWEpT,2013-03-31
4.82,70-6670,WJJLqr,2005-02-26
1.84,75-3426,stUgAg,1998-02-09
2.30,96-0073,yaISAj,2013-07-23
4.98,53-0324,OuYvYy,1994-11-13
4.45,67-0367,vJeuZQ,2009-12-26
3.78,69-6130,keutLt,1994-07-27
4.26,85-7065,sVwwSx,2018-08-25
3.71,76-3208,xgrXAm,1991-05-30
0.80,57-8105,JvahmR,2010-03-25
4.39,90-8794,hJlneN,1992-02-05
1.75,73-0445,HWdDiR,1994-08-03
3.95,48-0582,hgffDK,1998-10-05
1.04,96-8225,fLGcds,1998-04-07
1.34,91-8528,HlRGcx,1999-10-21
3.48,97-2059,xCnPqp,1999-07-13
4.44,85-6797,QPfVev,2014-05-11
3.22,75-8465,jduPdv,2008-07-23
1.19,47-1669,imWyGg,2000-02-01
4.37,64-9812,HoWarv,2004-09-01
1.52,54-1493,Ymwnos,1990-11-23
3.61,89-9610,vIytAs,1999-11-30
3.35,63-4694,uEWCWd,1996-06-08
1.40,98-8180,dIOiSV,2001-12-26
1.65,91-7038,UoQsiu,2008-05-26
3.09,76-0352,gdTTQx,2005-02-18
4.90,65-2297,SSPUqe,2012-02-15
1.95,53-6136,BkqZiL,1997-11-18
4.82,88-6227,uQCNkY,1993-06-26
4.93,68-4852,UfugJp,1995-11-29
0.77,89-7514,UMsABN,2008-11-02
4.40,72-4662,QqHITp,1999-05-01
3.55,66-8809,vntSLw,1994-06-21
2.87,60-4048,tweWDu,1998-01-09
1.33,46-3338,BMTKHc,2012-02-11
2.54,70-7864,HAOvAe,1996-01-16
4.71,44-4901,RVNohR,2003-02-28
2.99,62-5129,lnmHXn,2010-05-28
1.02,74-7133,gNclLL,2020-10-19
0.72,59-3088,UiibnW,2018-11-24
1.31,56-7667,wrPABI,1998-08-12
2.95,78-7920,roYkIN,1999-10-01
3.24,71-0390,JrqCAy,1995-10-08
4.99,97-9076,IkuvSP,2015-02-15
3.53,90-9411,AxfEGu,2013-02-24
3.94,59-2255,KoMQsS,2012-11-21
1.58,96-6705,PWgQAX,1990-01-12
1.25,61-9022,ukqCPl,2011-03-06
3.31,56-8616,IKgaDn,1992-05-29
2.69,95-0121,vXTtpq,1997-06-01
1.10,86-7018,ndegyV,2012-11-21
1.11,43-1869,rSyJsH,1994-09-13
4.79,90-1292,BSWhju,2016-09-30
1.98,52-0413,PjqYAj,2015-04-29
4.34,87-0537,iiAjeO,2003-08-24
4.45,62-4566,xIuNDd,1990-12-29
0.74,52-2791,LhFlaJ,1998-02-13
3.05,60-9743,HIgewJ,2018-07-08
3.03,46-8472,qhIdMd,2009-02-18
1.77,67-6621,kXmust,1993-09-11
4.26,87-9736,TEaYGT,1995-06-16
4.85,53-0727,YQmDWf,2000-03-31
1.32,43-6996,GYbnRy,2005-08-09
4.44,97-0325,ejDwwV,2019-06-12
2.40,50-7425,WrytxP,1998-01-27
1.38,97-4141,WeSLDj,2019-08-10
3.43,47-0114,kVTkwo,2004-01-05
1.59,90-7072,xvPUJC,2013-10-26
2.36,58-9160,ISDifg,2000-04-02
1.89,90-1029,GrlOhW,2014-10-21
1.18,94-1560,hvSpEF,1997-12-31
2.95,66-5849,WMANTp,2006-12-27
4.11,94-1493,GLrjqq,2016-09-09
1.05,85-7234,WigBID,2006-05-11
3.68,99-2667,TIKefj,1993-10-13
1.02,63-1848,GpVAWl,2006-12-13
4.24,58-6748,yicBUN,2013-03-22
1.70,95-8226,tQqDjT,2017-10-19
3.86,57-1741,IBaXIW,2012-03-08
3.72,63-0435,xjFMUc,2006-11-22
3.30,68-2351,PDkIwB,2019-12-14
1.92,60-4448,KQjCqM,2008-08-10
2.84,47-5003,VPCAQA,2004-07-23
1.50,84-8615,MXrepw,2008-09-13
4.24,64-8371,sIkssG,1993-03-15
1.11,93-3776,wSwYqa,2013-09-19
1.08,96-4445,MKnLEE,2009-11-29
1.68,68-7737,bfEbjd,2000-08-25
3.93,50-0033,tJnEYu,2004-04-03
1.48,49-7604,jKeDNe,2019-07-10
1.59,98-4718,VQlNsD,2018-07-18
1.94,91-6894,ldyKXa,1994-09-12
4.70,70-0789,bkZFNl,1997-11-21
1.64,61-4079,TUhPVZ,1997-01-07
3.07,81-3041,QnYZhC,2020-11-07
2.24,47-7781,wHmRBT,2018-12-09
2.03,53-1110,QYRMZK,2011-07-31
2.07,97-2444,xtnyOI,2013-06-13
3.71,91-9299,vfOSGC,2016-04-16
1.44,68-4039,EySAdu,2012-04-07
1.64,81-6408,cvybZA,1991-02-09
1.44,75-8010,IAoFbc,2020-05-08
2.54,70-5926,xYrjFM,2012-11-27
2.27,75-5009,RHRIYl,2005-07-22
2.36,92-6511,oXLANO,2004-07-07
1.69,90-8175,jPPZHO,2010-07-12
1.76,94-1089,gAKtcT,1997-03-20
4.98,75-5947,GEiALc,2020-07-22
3.00,71-9210,DvUbHo,2014-01-25
4.72,59-9134,kJSLcV,1998-06-16
3.85,88-1463,JPSPxS,2013-04-24
1.57,67-8026,hsgrWr,2009-05-24
3.90,93-6240,SMjYox,2006-01-20
2.37,80-9478,WsKXsO,2015-04-12
3.19,44-9149,THmygy,2015-09-23
2.77,48-5823,PYXtIi,2003-08-19
1.85,98-1439,XAHQJQ,1997-11-05
2.07,82-3111,OieDtS,2001-08-27
4.01,44-9124,QZcWLE,2018-09-21
2.05,94-6243,xKirbx,2009-09-24
4.00,91-3259,OjGNCp,2019-12-17
2.06,93-1803,zrAOYa,2001-08-13
2.42,89-9121,asyLtv,2003-01-01
3.95,90-8982,FpkqeK,2012-02-19
2.33,49-4352,VXWaWq,2014-08-08
2.52,50-5557,FCtuVs,2020-09-20
2.90,43-5225,FBaZtG,1995-11-11
1.84,73-8641,WZjoOw,2013-02-02
3.08,95-5191,aNdJDc,2013-11-23
2.66,85-7140,Xyllgp,1990-09-08
3.18,56-6357,bGQUGV,1990-10-10
4.73,57-3499,RGqVRc,1992-02-21
3.36,62-9654,yeEMhE,2012-07-15
2.21,64-0990,BUmqhL,2017-09-15
0.72,60-9020,oGkLVt,2014-02-23
2.06,45-6858,sIhngM,1995-04-23
3.44,81-2843,mQHZsd,2010-11-12
1.98,52-9826,ZhDZxk,2015-12-31
3.00,97-1291,jtJgsk,2011-09-27
0.97,69-0976,sLdJmi,2005-11-06
4.04,97-7865,IgMQeW,2009-08-23
4.72,90-4804,VByjQC,2010-07-20
4.63,72-6751,YioLcf,1996-07-27
3.67,95-1473,vcFuWA,1995-04-09
3.05,88-8666,RzmpZP,2015-06-28
1.41,48-8115,BFdMln,2005-11-30
1.97,55-2086,pZglDO,2019-06-25
1.96,78-6953,OqGNly,2015-02-04
1.46,71-8889,TCFyZd,2015-10-23
2.10,87-8397,CCIboy,1990-06-29
2.66,69-5638,jLMjFB,2011-03-30
3.65,77-5455,TVaLlH,2005-04-02
1.47,46-1540,CfwftS,2003-04-23
1.69,60-8326,SYclLW,2009-06-19
0.95,77-2323,roLedV,1997-02-02
1.09,70-9227,SuZLrx,2011-07-25
2.93,46-6656,sHaOKD,2013-01-11
3.72,50-9904,nJjBuH,2018-03-02
4.07,73-0778,DAjlLa,2014-01-02
4.49,92-0536,ePFhde,1998-09-08
2.58,49-0286,ZOyLpX,1993-06-23
3.27,90-1413,RGnVuo,2006-07-25
1.70,78-0515,lKBnwq,1996-10-23
1.27,88-6627,kUOACv,1999-06-06
1.62,79-4789,nCMOpX,2018-07-01
4.29,56-8125,DngrrM,2001-01-20
4.94,59-9162,GUOzDn,2017-04-07
1.55,96-2749,WaohjO,2013-03-05
2.79,60-8249,ZhGzZq,2012-11-22
1.79,57-6349,XMzHyJ,1995-07-24
3.98,93-4143,mqbErW,1997-05-16
0.96,64-6629,zSSeEU,2018-09-04
2.22,78-3996,bEZRHN,2020-11-19
3.14,50-6846,boKtIS,1993-10-15
1.35,78-7312,tWHSQB,2014-06-09
4.68,89-5121,SbIaKk,2016-02-24
2.90,88-7505,GIewHp,2018-03-16
1.92,61-2496,qKxMGw,1991-05-13
0.97,66-7083,PmdIFi,1993-03-27
1.43,54-2886,FUXGCD,2011-05-22
2.30,80-9294,LrvhNL,2004-09-27
3.81,63-5396,nFsLzI,1997-08-07
1.98,94-4299,FGTkup,2019-11-01
4.73,82-3871,pMrMiH,2013-03-26
3.15,58-0283,HXBHwD,2019-09-26
2.14,57-8272,XDVDbg,2013-02-16
4.62,43-1674,fAyioT,2015-05-05
4.75,74-9326,asKOpe,2020-06-10
1.47,43-8199,voPBsT,2014-04-07
2.87,64-5906,pnetnq,2010-06-24
4.62,70-6220,DesStL,1992-01-22
4.11,57-9057,JTdjtD,1993-03-30
2.42,98-8242,GkUtMZ,1995-09-07
3.37,49-0091,ZmTeiB,2018-12-14
0.83,96-3385,ALlLph,2008-05-31
4.66,82-5906,CAEJSq,2003-11-17
1.20,44-6093,ONXzcL,2002-12-20
1.64,60-9791,TRhGvg,1999-01-01
1.71,61-6979,HcbXuo,2006-07-15
1.96,62-5593,wdNYXk,2009-12-22
3.43,44-5257,RzTtwM,1998-03-27
3.84,65-8130,IiFKhT,2004-05-06
2.62,81-1680,uBluYv,1997-02-06
2.67,46-5670,tjofDx,2009-04-12
1.47,66-1479,ruQoMU,2005-01-10
0.85,94-6897,RkPZET,2013-11-15
4.52,79-0893,FLvnUW,1998-04-27
2.15,44-0065,pEnVnb,2006-02-02
4.31,92-9876,EDFwfE,2010-04-22
4.79,75-7140,QxyHgE,2016-04-26
4.24,43-5939,cbmnUD,2006-10-13
3.83,76-7542,RWMdGu,1992-06-12
4.83,43-2497,GMEMAV,2001-11-29
2.13,58-5996,wYYziY,2006-07-21
4.27,69-0632,VJUjXZ,2017-05-05
1.66,96-7815,IOotWG,1998-11-22
4.97,83-3995,ZeEXNA,2006-01-06
2.20,59-1824,bxKeAL,2014-06-30
3.77,58-9689,dTjiwU,2002-08-19
2.03,44-1715,juGRFj,2011-12-28
2.45,49-7366,ZkahMb,1994-11-05
1.93,54-5274,XIBbdG,2020-08-31
3.33,91-1052,IhdwtZ,2014-01-24
1.19,73-6021,VCgiPH,1993-10-26
3.82,89-0163,esLGWa,2008-01-11
1.61,53-4682,NwcUuf,2017-11-19
4.47,95-3895,inrVCf,2011-11-13
2.10,82-3790,JVGVdQ,1995-12-21
3.71,56-6563,jcFREr,1990-09-22
3.57,78-8530,GeyPVd,1992-01-22
2.16,45-8502,JAbjLA,2019-04-30
3.45,86-4165,cfWThS,1994-07-04
3.69,47-0043,hykJRV,1990-01-26
2.51,67-7198,GwkmNe,1990-05-29
3.82,52-3289,krKiyz,2020-10-07
4.73,48-7323,NYTWJo,2013-12-14
2.70,52-2790,dfzjey,1995-10-08
1.06,71-4928,xGrYRZ,2019-07-16
1.53,57-9569,rhDZqD,2000-02-14
3.69,60-0355,ZPmjFE,2002-06-31
3.76,68-4170,xNIoWw,2014-10-25
3.60,77-4017,oBiGtj,2002-07-22
1.93,81-1836,qljyfI,2011-10-22
4.46,87-0943,kNuEdg,1990-10-21
3.99,55-6451,ZClrrK,2009-05-27
3.81,46-4854,ISmyfP,1996-07-25
2.64,54-9183,FTaucX,2006-08-31
1.45,84-6160,fbdrgd,2015-09-03
0.70,92-1639,FpcCNF,2009-06-19
2.69,67-4636,HAbEin,1993-09-16
2.34,67-1181,yKOvsS,2004-02-07
1.10,97-6030,supMEP,2009-05-20
1.12,57-2887,OOLNEo,1992-06-12
3.15,44-0458,kVgRPe,2005-10-25
2.43,90-8639,lwGzNp,1992-11-24
0.96,64-4629,OOhSzJ,2011-12-06
0.84,86-3722,zDoUoV,2005-02-02
2.11,71-3966,wVamZu,2007-06-24
4.17,62-1851,KCXyVj,2008-03-31
1.06,47-2625,xuctEJ,2019-07-25
1.10,55-1708,CwPudv,2016-08-16
2.68,86-3268,IiZbTk,2014-10-04
3.54,68-8017,pqfZIg,1998-10-05
2.67,85-3597,YCgsPb,2010-04-03
4.41,96-5253,XBYoFQ,2011-03-28
4.00,99-3540,rVpAQk,2001-06-26
3.99,96-4690,MPkzWV,1998-02-17
2.04,67-0513,ZMJQel,2011-04-10
2.73,76-7658,TseoUD,1993-12-30
2.40,81-2656,jCGkan,2017-10-09
4.48,76-6351,lZNkGM,1995-05-31
0.77,45-2545,aPpWtF,2013-06-08
1.89,57-8467,kphNSa,2004-01-09
1.55,43-5219,hqiKZQ,2003-03-06
4.97,66-8143,nGtGtp,2017-05-24
1.44,84-0878,TSwXIp,1994-06-05
1.15,66-4837,tkadNK,1991-12-07
4.73,48-4417,neatBn,2003-07-27
4.30,60-6504,SojQTr,2001-10-13
2.81,54-2312,BMVEKM,1994-04-02
3.95,48-3272,TPkIAx,2003-04-29
3.39,47-6269,TrTViw,1990-04-01
2.99,83-5692,EaIDlK,1997-05-03
4.60,47-6665,nhzKUN,2007-06-23
4.03,69-6262,FxbgOD,1995-10-09
1.05,49-3329,GLZhdH,1991-12-10
1.32,60-2810,GLdjuQ,1995-12-08
3.46,96-8274,Pabztk,2011-02-14
1.34,43-6608,EKyXNp,2018-08-03
4.03,60-0956,yHAoZX,2011-10-05
2.12,51-2834,plaaiX,1994-07-14
2.05,67-6208,YojqTl,2001-10-07
4.67,84-6865,PwRqVK,2007-01-25
1.56,89-4763,TtjNoM,1993-11-12
3.20,67-3081,XtYuaE,2005-12-10
3.89,51-7035,OmgKEC,2017-09-12
1.97,82-9652,zJwVJa,1991-11-16
4.56,88-0738,hGyZYR,2019-08-22
2.51,67-9642,fciiRh,2013-02-22
3.08,51-4493,CQcsHa,2010-02-04
2.98,97-5885,cbJZPk,1998-03-12
1.20,43-0005,FipEbf,2019-04-05
1.84,51-6514,mZeqgo,1991-01-21
3.66,63-7895,vZnrWh,2019-07-21
4.84,58-3884,ClhWoD,1999-09-06
2.11,98-5893,oDshGP,2006-02-01
2.70,67-2754,bwikYy,2002-11-13
2.26,49-2204,UBKAjn,2007-08-02
1.42,74-3847,JxyrjS,1995-07-11
4.53,54-8659,tsgypx,2005-03-27
1.77,91-6188,nfAeda,2014-02-27
0.88,79-9437,VLYVsi,2002-05-04
4.52,98-3448,zVMIBu,1997-12-02
2.66,58-3608,dnKNvu,2001-11-09
4.52,53-7875,HrxGzU,1991-03-01
3.29,64-0224,HpBsGe,2005-03-28
2.24,71-9244,kkanvV,2014-04-30
3.49,64-1697,wiaNcr,2010-02-15
3.67,71-4094,zKPLvh,1993-01-21
4.26,67-0029,zMdAhL,2020-02-13
4.70,97-5825,TtAjJY,1994-10-17
1.65,62-6834,gkRIHe,2009-12-17
3.51,76-7541,KLAwKd,2011-05-02
1.60,93-7405,FdnHeH,2001-01-25
3.99,56-0828,sKJaSy,2005-08-03
3.57,76-7852,dVvXLo,1990-04-08
4.65,89-7277,XPXJmE,2010-08-16
4.62,81-8718,iCCnhW,1997-02-05
4.39,43-2685,iMhGwO,2000-07-08
3.98,99-6480,rumDwO,2011-06-12
0.73,71-5705,PlVRrb,2013-06-09
1.12,56-2963,cJLVOV,2020-01-03
1.58,96-3574,XqrGBK,2020-09-12
4.45,65-2468,RmAwhh,2002-12-05
2.10,62-4474,PaXzxH,2002-03-16
0.72,91-9212,PazHBT,2017-09-05
1.75,71-0081,RrgJSb,1990-12-27
1.34,53-1326,FqyaTp,1995-06-28
2.68,47-8301,aaJSwC,2015-09-12
1.75,57-5962,ZsZLsi,2003-09-28
1.92,96-4794,abypIA,1997-01-16
2.01,72-2932,audool,1990-09-27
1.81,48-3435,idMAPP,1996-01-02
4.27,48-7083,YiaxUI,2002-12-02
4.14,78-4678,dWTZGQ,1995-01-04
4.20,70-4791,pmSYxu,2013-01-11
1.40,76-6145,UHjeoO,1992-08-11
1.79,63-7177,oKUqVB,1994-02-08
3.37,44-8297,OBNwEx,1996-10-24
4.19,90-5442,rSCpds,2018-09-18
4.01,56-1087,fxTpqK,1993-08-22
2.27,49-6200,NOzLdx,2018-09-11
2.23,88-2368,PqMDOF,1995-08-26
4.58,68-8865,GnsiGX,1990-05-07
1.91,79-6822,oQBiJt,1993-02-20
0.95,82-5684,AyUGnu,2013-12-12
1.78,94-6599,oJxVwu,2008-01-24
3.82,74-1428,QyOlPb,1992-03-20
1.62,92-9163,LiKght,2007-05-22
3.38,54-0406,PBWbEQ,1995-10-19
1.56,50-2611,cGwURd,2005-02-05
4.59,46-4942,UnKsrf,1995-04-07
4.51,67-2525,nUNyrX,2009-06-07
0.97,60-1502,bNmsvi,2011-03-09
3.73,69-7048,VFAmJf,1993-10-24
2.87,52-9925,HnwEVG,1995-03-26
2.36,87-1104,ggqmdB,2001-03-19
2.80,85-8823,KQxJnR,2005-01-02
2.56,48-1137,CRYuwB,2008-02-25
3.14,97-8399,jRpgCX,2017-04-03
1.35,44-1407,MAFKnZ,1993-01-01
3.87,43-6020,VvGGCX,2018-08-10
4.32,76-7773,ykWEwi,1992-10-26
3.94,57-1993,DJolxB,1994-11-20
4.98,43-2020,BZFezn,2015-11-17
3.52,74-3678,IDtGHx,2014-05-18
3.73,80-1850,bJYmlB,2009-01-04
3.46,99-9507,gBUVcE,1993-07-01
3.12,74-0930,EaoovH,2016-07-16
4.50,59-2367,XOvPaY,2010-01-30
4.51,60-0612,UYTtct,1999-06-23
0.90,47-5236,bOIJfX,2016-04-04
1.25,99-8646,XsMZbi,1997-06-20
2.31,86-2508,QDHJyE,2009-06-27
3.86,70-7005,DWvZcb,2003-04-12
4.76,74-6706,TQwKMn,2014-11-01
3.75,59-2713,lmKyOC,1998-07-30
1.21,81-4684,IEVrfc,2002-02-17
2.83,68-6317,yxpIMP,2002-04-26
4.32,65-3786,ohaVyA,1999-02-03
3.76,99-3204,fwmDUG,2018-05-06
3.76,51-6613,pcKlTq,1996-06-09
2.05,63-7778,FJRwiD,2006-04-04
2.79,56-5666,PkJxgp,2011-04-25
4.55,86-9869,qRWWrR,2008-12-07
2.55,62-6918,RsjJzm,2010-03-08
1.84,92-1112,AlOwvw,1999-10-17
2.24,56-9430,BIcZWn,2020-03-11
1.40,64-1285,dJhGbA,1990-08-19
4.40,45-9073,MHtcry,2013-09-11
1.29,61-2622,EpcTnL,2003-09-12
1.15,84-5665,JXkdPk,2008-08-03
0.73,71-5389,JrMPUx,1997-11-12
2.51,77-5021,bRLeaI,2008-04-31
1.39,78-6566,lxcEoT,2008-09-14
2.54,68-5427,WzsaFX,2001-05-26
4.78,84-7316,WdeSLP,2008-10-29
4.11,85-6536,YCVovp,2017-01-03
0.98,87-5310,ggFeFl,2000-02-16
2.42,66-7776,ZHCSbF,2008-11-03
2.01,44-0470,JOiBKx,2013-06-29
2.48,96-8937,COeenO,2016-05-22
1.91,98-2185,tqbjFO,2006-05-17
3.62,88-2329,jshvqq,1999-03-19
4.72,60-5874,XOJozM,2003-07-07
1.40,57-4234,htttFw,2006-10-19
3.85,55-1600,PRgMcW,1998-08-20
1.17,43-8635,avgarR,2006-12-31
3.95,57-4647,iTxDTq,1999-02-16
2.71,45-9282,XjHwlS,1996-09-05
2.28,77-8565,URRenX,1994-11-18
3.18,45-6178,HsMGBK,2007-03-04
3.61,91-7798,PAbmPO,2018-03-19
2.17,74-1495,MUNxRE,2010-09-31
2.47,82-4898,ZlABsx,2006-10-17
1.13,46-2206,FqTbWX,1994-03-13
0.90,72-1808,GGfcTl,2015-08-16
1.99,54-6375,ajtyOs,2002-04-11
4.83,69-3044,GOSSHK,2013-08-14
3.98,49-6169,FbhwsO,2019-03-05
4.02,97-3157,ihlpoY,1992-11-14
4.72,90-5397,bSYFrv,2019-12-31
3.05,69-0143,dZLTIS,2013-04-22
4.66,76-1546,qzXwpp,2020-05-27
1.53,81-9909,eckGci,1993-11-06
2.44,83-4870,vSyJLv,2011-08-27
1.67,59-6883,ENZUhz,2013-01-18
1.45,65-8678,WQWhzM,2019-07-10
0.97,58-6272,LgAotK,2008-06-27
2.70,65-0192,ShJkSC,2002-11-12
0.83,82-6993,EdnNKP,1993-11-27
2.31,43-3387,qSdDBK,2002-11-13
1.92,99-3439,Djeghg,1999-05-23
3.76,87-4474,TYvLxl,1999-07-31
0.83,99-5969,kbrJhI,2017-09-17
4.78,89-0614,VNhtyc,2016-06-06
3.62,61-0274,gUuMVR,2008-07-26
2.65,91-0539,SypZoW,1996-09-29
2.52,49-2171,EUurox,2004-02-12
1.57,54-1334,GlTKum,2015-09-02
0.81,61-4481,xMkJbF,1991-07-05
4.31,83-6115,iUesRw,2020-10-13
1.46,80-9565,bybSKf,1999-09-18
3.51,55-1460,aKOCBE,2014-01-19
4.13,69-2678,VUOaaV,2011-07-26
1.96,45-8963,kdLGsw,2012-05-29
4.79,59-9006,CqoWUP,1994-09-29
3.04,61-6497,HHMTxJ,2002-06-15
2.05,69-7614,ypRggt,2002-12-29
2.83,88-0214,YAwPHt,2011-09-17
4.92,87-3455,yytdEw,2012-01-03
3.04,92-4814,hRicQQ,2013-07-09
1.04,79-6854,VfJRDr,2015-09-29
4.21,87-8133,NXZbXg,2019-10-26
0.93,79-0532,eNCGSS,2008-04-05
4.32,70-9674,aDEeHd,2002-07-01
4.07,81-7324,PgQnrn,1998-12-12
0.78,78-1997,btgXVl,2011-11-15
4.46,80-1632,vzljep,2001-10-15
3.31,47-1412,JdLXZa,2000-03-19
3.60,86-6059,lCvdvL,1998-04-13
2.77,63-5180,MBBoRE,1999-12-12
3.73,58-4464,zKFKVp,2004-06-03
1.99,72-5439,BxkFfu,2008-11-05
2.07,72-2643,hhwsWZ,1998-07-18
1.32,43-1473,UgbrUl,2013-07-02
4.90,55-4779,oHzuek,2002-06-09
1.55,70-1700,tjPaEb,2003-02-20
4.55,79-0289,ruYwQB,2018-09-07
1.68,57-8253,YbHseZ,1992-06-10
3.36,46-7369,zYoXFa,1993-07-06
3.50,48-3478,hHWvUS,2017-11-20
3.30,84-6369,VFxYBe,2009-02-12
3.10,59-4410,SwIZnt,2000-12-12
0.71,53-4230,YZzrwz,1998-04-23
3.61,70-5240,nxpAWY,2005-09-31
1.74,43-8504,GqtgqO,1995-02-24
3.13,88-5068,ZnitqM,2009-04-05
1.39,69-2212,UblhQY,2008-06-28
2.66,78-9012,LmwGft,1997-09-02
1.42,82-1580,LkgtZS,1998-01-10
3.26,97-9248,cSNfqt,1995-06-01
4.87,64-0537,gWuFgN,2001-07-19
4.18,75-8028,aQcMno,2011-08-03
3.12,79-3941,GsnVCu,2011-11-22
1.64,73-7273,Lewzak,1999-08-01
4.28,94-8551,VUCVnU,1992-03-23
1.01,96-6852,sHKKKv,2001-05-02
2.28,96-9355,JsICWx,2008-12-19
1.53,75-3016,QKSZTW,1991-05-03
3.77,45-5163,kuuthv,2013-03-13
3.28,88-6088,UnMwsO,2002-11-06
2.08,48-3937,SYPaXy,2006-01-10
1.24,98-3718,cJRzdl,2020-09-15
0.84,60-3608,mDHWPg,1994-12-19
1.63,48-0867,CXvVHl,2000-02-16
1.31,81-5089,GzIIje,1998-03-17
2.07,75-7869,HcnzAH,2018-07-25
1.30,87-9161,dHkbAX,1991-06-25
4.00,96-6481,SEUdOv,1992-11-17
3.49,75-4428,ZjHAqG,2008-01-29
1.23,65-1289,UDIasD,2005-12-02
1.33,99-1196,WpfCBw,2003-11-12
4.67,98-7265,lJMLPb,2017-07-01
1.44,78-3347,NRdZJD,2018-03-24
4.91,98-3036,UQelCj,1995-09-29
3.45,49-7867,BugfYw,2000-11-28
4.20,59-8440,YGXmAI,1990-09-01
1.55,88-5757,xGsCLv,2019-05-10
2.36,50-0025,iNjMqC,2013-03-25
1.75,88-4792,kVHyli,2000-08-25
1.22,68-7976,YYxmyb,2010-02-24
1.19,57-3825,qltNpe,2005-09-07
2.32,55-0812,YAKwci,2004-11-05
2.39,94-1086,ZTquqL,2020-09-06
4.71,87-2238,uqtPzl,1996-12-17
1.18,77-2353,SGNwtJ,1993-10-28
3.94,47-7457,QgQJWc,2016-10-23
2.64,90-7582,sGMlBk,2003-11-06
3.85,43-6350,tsxsiR,2015-07-25
1.42,51-5016,QsVbFg,2007-01-08
4.21,94-0660,HHubOk,2004-03-23
2.33,65-6123,sBVzQi,2016-09-07
1.24,58-0633,ndtcLi,2009-06-02
4.67,67-7284,UidJKz,1996-07-11
4.35,52-1027,eVrkJr,2019-07-08
1.48,73-2300,fXKsGO,1995-06-26
3.27,54-8692,qUEsDW,1992-06-29
2.22,65-2966,REXYdt,1993-05-24
1.77,73-5956,CHQGqQ,1992-01-01
3.54,93-2631,Ejnkpq,2013-10-04
4.91,47-3862,YkpBCB,1990-08-27
2.67,89-4939,QqUPtz,2015-05-31
0.99,93-7650,GVMYqN,1997-08-29
2.74,72-7657,YhZlmN,1991-10-10
4.09,46-3123,JVjSfP,2002-01-03
2.53,89-4478,ygpuja,2009-12-18
3.17,69-0285,gtKRHp,2010-06-06
1.58,78-3728,PMSdgM,2010-05-30
1.73,45-0419,klcKUx,1993-09-08
1.31,86-2822,tRpEJj,2003-01-06
3.31,90-2628,Gyafne,1995-01-16
1.93,60-4767,dCPjlb,2014-12-10
2.03,56-0804,XqBCny,1991-10-10
2.60,66-6717,CnPtPY,2016-02-17
4.07,63-3478,fHuWMw,2002-01-14
2.69,50-5133,EmHkYY,2011-07-30
0.95,56-0739,obUBMd,2005-02-13
0.72,55-5443,vGyRCk,2014-04-01
3.21,47-7100,tfOAgz,2018-02-07
3.49,51-7790,NQDuhw,2005-10-20
3.72,99-2702,OHKQGS,2005-06-17
2.58,63-4538,zOVnbQ,2007-01-07
2.59,83-7657,rwiwLr,2001-06-27
0.70,52-9207,fdDFvJ,2003-01-27
4.26,94-0651,TUKZjs,2003-04-20
3.21,94-4292,LjgGNG,2004-04-22
4.26,81-2243,AoVmux,2008-10-18
2.57,58-4655,xVmRIy,1999-04-11
1.71,71-0923,kJvEZF,1997-01-03
1.71,94-0033,UOTXXE,2019-06-21
0.81,46-5708,qUbxFh,2004-03-02
4.00,67-7924,VoSriP,2015-08-14
2.33,90-3618,xdruPt,2008-10-11
3.98,94-7275,FFVlbK,2007-05-14
4.19,62-9878,etAOlv,2008-09-18
0.77,82-9528,EyXKWd,2006-08-22
2.03,54-5180,NbJpBw,1990-09-02
2.76,67-7011,PPsmAq,2016-06-25
2.01,91-9211,eGPemN,2014-01-19
1.91,54-6384,znGtoP,2017-12-30
0.93,54-5994,kwIYhP,1998-06-22
2.66,50-1664,OIusLY,2012-12-10
2.75,78-5537,OeGAXD,1997-11-06
3.94,84-8392,YflAth,2005-10-31
1.44,69-8268,fiyyFO,2007-09-21
4.22,96-1589,suoUDx,2009-03-05
3.37,88-0630,ZPLLSV,2002-11-30
3.65,72-5894,sDmbWZ,2004-12-04
3.88,90-2134,pQSpAe,1993-09-12
2.35,58-2619,CwfFOv,2012-05-11
2.93,70-0690,PDwzKO,2008-11-01
4.22,48-8274,RggUwk,2016-12-03
1.72,70-9748,gkzECt,1999-10-22
4.03,53-0440,xsIPfQ,2010-11-23
4.43,54-5783,kyfndY,2011-04-17
1.06,85-1434,unwwWm,2009-12-13
1.78,56-0469,XWMxCq,1992-10-05
1.66,57-7578,eKWYPL,2002-01-31
2.10,44-1570,yXuJTV,2020-09-13
1.12,56-6901,ytgcyo,2014-10-14
4.30,68-1367,vEgBjb,1995-08-29
4.68,73-2513,zDPoTO,2019-01-04
3.57,98-2477,igdAlS,1993-06-31
1.87,56-1999,cuIjuU,2017-11-26
2.39,88-3628,YqnurT,2015-05-20
4.50,49-1430,bitnMo,2001-10-15
1.24,67-3016,OUOJEH,1994-11-09
1.69,68-5707,tOSIDL,2015-01-22
1.60,51-4798,xhANZD,2019-12-09
4.14,71-0211,YJqCFj,1997-11-18
3.78,89-3862,xfvEpr,1994-04-21
3.65,58-9074,vTFeag,1995-03-13
3.72,72-1487,VNCCiV,2015-12-11
1.85,86-6745,TWFayr,1994-04-25
1.60,59-0670,ZEHADO,2020-04-27
4.72,83-6066,AGzmrm,1997-01-28
4.25,87-3893,NLhkcL,2019-11-24
4.36,94-1560,lUGCku,1991-08-19
3.18,44-7718,NOFbtw,2015-04-27
2.29,66-7823,udBCcd,2004-04-24
4.37,85-0241,duVhwb,2000-10-16
1.75,65-5607,MYMFDp,2018-10-22
2.46,76-5367,TyCnxB,1996-07-13
2.13,96-4547,ZirTEt,2005-08-19
0.91,62-4636,sJYguT,1991-12-29
3.64,59-3220,GXFUCP,2006-07-16
4.87,45-0208,OZKlxd,1999-05-03
1.70,75-4051,jVSGXU,2018-05-23
4.30,56-9132,vDmyTn,1990-08-15
3.93,44-2665,KqcdMi,2018-04-27
4.30,86-1845,balIdi,2011-01-23
2.88,65-8253,iVpdyV,2003-06-01
2.57,95-2263,tmOwsL,2013-01-11
0.99,73-9497,sZcxKV,1995-10-04
2.59,87-6554,RwhpCY,2005-05-23
3.50,59-9384,OWXBKf,2001-05-29
5.00,87-9233,YAGvdD,1990-05-25
4.02,57-8557,iiwNCX,2014-09-19
3.28,49-8991,eDMMRd,2013-04-20
3.32,96-7469,dqplgk,2005-10-21
4.37,57-8171,tLFSVz,2007-01-18
4.10,82-1522,ruzKjo,1992-06-23
0.76,59-7690,bZHGHr,2010-09-21
1.11,81-8903,gOYlTi,2001-11-28
3.27,60-0629,CWvqpY,2013-05-29
2.64,90-4791,QeqUxV,2014-10-03
3.96,77-6700,iguYXa,2005-06-01
1.96,52-5700,BPmeKw,2018-12-05
1.38,97-9587,blJwAT,1991-05-28
1.73,79-5876,gAeiXJ,2019-01-15
1.93,47-8852,MbcoHQ,2020-08-02
3.55,70-1453,yzsFYM,2015-10-16
1.05,73-5073,ledeGd,2006-11-23
4.91,61-2101,zPfFoD,2018-05-08
4.20,70-7215,aMgJOI,1997-01-02
2.14,63-9172,mvOGvX,2004-03-12
4.42,89-3681,YRGCjT,2017-01-21
3.18,88-4808,xDhjCl,1999-06-18
4.23,58-6554,sUpnwb,2013-02-01
4.99,44-0592,xFurlx,2004-01-02
4.17,44-9930,JxItqL,1999-02-28
1.98,62-5700,soGjTO,2011-03-01
1.00,76-0123,JjcpKH,2002-12-27
1.26,87-7379,cjDLkW,2014-07-27
3.90,62-8351,lKoClq,1996-06-25
2.82,47-7906,LbTnZF,2007-03-12
2.52,67-1279,BXdayT,2014-11-05
3.46,58-3486,HiCLGQ,2012-02-03
4.37,66-1265,prPnfm,2012-05-28
1.08,57-2417,SDtdPV,1990-08-11
4.53,84-2972,wMuPxW,2009-10-07
2.91,74-1203,jeBWhG,2008-07-14
0.93,54-4377,slSnTc,2016-04-31
3.81,77-3591,VXnXoT,2001-11-10
3.91,88-4268,mJnbMg,2010-12-18
2.99,50-1598,DDWRVW,1998-04-13
3.16,83-9617,SgQBWn,2012-10-02
1.45,93-4078,VYSwKu,2015-12-09
2.78,48-5395,sbURoe,1991-01-10
3.39,51-8431,JNEyAf,1999-08-14
1.50,92-5174,FMjUVe,1993-03-06
3.59,82-1182,KRvBQq,2011-10-03
2.19,67-8686,eWVLDR,1994-11-20
1.06,48-3542,OIyDKa,2003-07-23
3.85,61-2350,seEMiM,2018-08-07
4.10,51-7568,kFJHny,2000-07-30
4.70,98-0178,EzaoTw,1996-11-26
2.28,65-6324,rtkPdU,2003-06-01
1.42,52-4699,fFoBlZ,2018-08-25
1.78,62-9447,Cmflre,1998-03-26
3.08,66-8278,EOUpVU,2013-12-14
2.80,63-9714,uKQHjI,1995-11-03
3.18,92-1148,aHnhCV,1998-09-02
3.52,43-5709,FwIOUG,2015-12-15
1.54,83-9152,lDVpFG,2004-02-17
4.85,56-0909,DcaDBV,2005-02-24
3.14,95-9686,tsesnL,1992-09-05
1.20,94-6536,aZFtTV,1999-01-22
1.64,73-5894,Unoilf,2003-05-19
3.62,79-7266,wJMhYs,2004-03-13
0.86,59-8129,oKpMtY,1990-05-10
1.30,47-8113,qAbUqx,2006-11-28
1.24,97-8711,rTLMug,2003-12-11
0.83,59-7987,hJPoPl,1997-05-27
1.54,64-1748,wNVgna,2019-06-25
3.91,80-4486,rQtDah,2005-11-31
1.02,97-7510,gbwrGB,2006-04-19
2.35,49-6661,qYADJf,2000-10-24
3.62,88-8033,uYGQSo,2010-01-14
2.24,59-0457,aBOkyU,1994-03-25
4.51,54-1093,lIBpvR,1998-09-16
4.48,87-7786,RFjHna,2011-12-05
2.09,53-0468,qxYaXp,2014-11-01
4.46,56-7608,BSpYIm,2009-03-16
1.92,56-7283,EXLAWK,2019-09-23
1.45,74-6876,grZQoR,1998-08-28
4.22,65-4990,CVeoZp,2014-11-06
3.64,45-7508,AGDAKc,1995-04-15
2.77,92-2360,aoCOln,1997-09-27
2.58,86-4975,dvIKIA,2005-07-14
4.19,68-9867,GHkhiD,2010-03-16
4.40,77-8045,iffLvR,2016-06-09
2.84,44-1454,ToDVjd,2000-09-28
3.09,81-5539,QVuOGp,2017-12-04
1.77,91-9575,XTrBLp,2006-06-30
0.78,96-5040,LnEegj,2003-07-16
4.21,78-4991,xIXoAY,2000-06-17
2.09,80-8147,SjMOsU,2003-09-20
0.82,56-2202,gEOjDD,1990-09-20
1.38,93-7118,jCUtxA,2017-08-30
4.50,79-8780,LbgjVY,1995-05-14
4.19,57-1772,iorJay,2003-09-17
4.16,55-9177,ncmjtK,2001-12-15
3.07,44-5535,Awsuxj,1994-05-02
3.75,57-2997,fWPyaf,1992-10-28
2.35,44-0200,mnczEn,1990-11-26
1.56,81-0324,CFacjv,1993-12-07
1.48,89-3990,XBjyWs,2002-08-26
3.36,87-1586,KlvuYF,2012-11-20
2.46,55-9373,xzGgaK,1992-09-17
0.85,80-5923,QpeVSH,2015-04-29
1.21,75-2273,OGasBN,2002-10-06
1.19,73-9781,YWJYgg,1998-04-22
2.16,77-2663,QDJiqH,2001-08-18
2.14,62-6567,sDEsGz,2001-12-04
1.07,74-1521,WiLuhq,2019-12-11
4.19,81-5225,uKdnPx,1996-07-14
1.78,49-6928,yZKnWu,2000-04-07
3.03,83-9720,tPRLTd,2015-11-01
0.74,83-8080,PKAXhx,2000-12-30
2.93,84-5413,xvRIsm,2014-11-03
3.96,50-8579,CDnCRg,2001-06-02
3.09,75-4005,dglZmi,2013-06-02
2.91,73-1284,WElwiW,1995-06-01
4.18,71-2625,WwfYNc,2012-12-14
2.21,92-9613,GxAlUP,2001-11-04
1.54,56-4852,fYybnR,1994-12-17
1.06,62-1636,scVrkB,2009-05-26
4.33,50-0280,xORlDV,2013-08-30
4.05,64-3449,nexOfq,2017-07-27
2.73,78-6377,gGNzff,2000-04-21
1.61,76-3352,jvwmWo,2002-09-24
2.16,93-9500,DWiwDj,2015-03-28
1.75,51-4200,lrRZJV,1996-10-23
1.97,52-7072,hRqKOz,2018-10-22
4.73,66-9572,uVoKLG,1992-01-27
1.72,56-3052,GCLjEw,2001-07-09
4.58,98-3837,hcmCWG,2014-08-08
2.65,84-6068,mULSYd,1995-05-09
4.11,82-3651,jccWbF,2017-01-01
1.25,90-6537,EFKBAO,2017-10-07
3.10,68-7762,yHOoZz,1990-12-11
3.04,81-4438,NMeUlr,1994-10-16
3.02,50-9286,fIGmwe,2011-03-04
4.46,64-4424,rUXDAx,1999-03-30
4.55,78-0060,LzDVzF,2014-11-16
3.96,50-0778,wfIVsh,2013-07-05
1.61,56-8291,GDwduZ,1998-09-06
3.67,75-5960,WFWtDE,2008-08-15
3.57,52-8566,TXuTaC,1997-08-07
4.29,67-7668,rMdVLb,1995-11-30
3.70,43-7115,MbwIuW,2014-11-11
1.18,46-3669,iMKsnX,2007-04-26
1.88,50-7669,OQjTRR,2003-01-23
4.71,67-8452,TixZax,1991-12-27
1.73,70-2958,VziOqZ,1998-08-15
3.19,67-6380,jFkrgx,2020-01-09
3.42,57-4885,PlnkDb,1999-04-16
3.88,94-1078,sOoLXI,2020-03-20
3.98,84-4428,fphwmS,1998-10-02
2.96,47-3964,pjQjcA,2011-03-22
3.62,64-1719,vMXJqX,1994-03-26
1.99,49-0202,GYOEtH,2007-09-15
1.88,68-9039,EaJqes,1994-06-05
3.39,97-1800,NqfBZr,2018-07-04
2.01,73-4814,huKBnD,2016-08-20
3.96,96-0931,djbORu,2012-04-20
3.75,92-8186,oaJNUP,1998-10-28
1.55,70-1529,SVOgBL,1994-03-24
4.48,90-4156,MtcGPG,2019-01-28
4.15,46-9742,ZlvvyL,2017-07-04
1.82,69-3231,uOQpEu,1993-02-24
0.89,98-9796,ILVjBV,1997-12-28
4.52,72-8078,JaKawi,1990-03-29
3.01,90-9878,YHsAGB,2018-06-04
1.90,68-7655,TjwMmT,1992-07-07
2.65,51-1573,aKwSBy,1994-05-01
2.30,75-7097,sOTBmk,1990-12-12
2.82,77-4944,ytMQGA,2014-10-28
1.59,50-5062,ZhIMWb,2009-01-02
4.87,47-8096,OPZjoL,2005-07-25
4.19,67-6315,NPsnXi,2001-02-02
2.80,52-9677,vCstqB,2011-08-20
4.28,84-4831,BqUJSD,2010-10-10
4.18,79-3626,DjYPOW,2006-12-23
2.59,89-4311,gUaHhB,2004-03-30
3.44,86-3743,AcUNqS,2013-02-05
1.84,53-1132,agtonS,1998-06-28
2.82,52-3689,QRsscC,2010-02-19
0.93,62-6672,UXZpMc,2012-10-21
2.29,88-3496,dQroBF,2013-06-01
1.63,54-0399,XYgzWG,2016-02-21
1.67,48-9985,iuhwpI,2020-05-04
2.63,72-4767,VTDPSz,1996-09-05
3.04,72-3501,YkyFIt,1997-11-17
4.82,86-7466,pyVACY,2004-01-27
1.04,83-3856,YnRJUA,2013-06-09
2.64,46-7383,vFDQIA,2019-09-14
0.72,60-6975,eEEitg,2001-04-18
0.75,93-3496,ccLxYe,2013-02-09
2.81,58-0458,jzroga,2013-11-15
0.78,74-7837,zZxbpg,2001-10-17
1.02,70-1804,WKPoBB,2017-11-01
2.51,53-3414,URRavr,1992-02-16
4.06,62-3243,JualaF,2001-03-29
1.55,77-5006,nXMJLu,1994-07-16
4.45,99-7484,xNfsMB,1992-03-21
1.96,54-7772,ODyRuo,1991-01-05
4.91,87-9630,aEieXw,2005-01-18
2.59,64-7775,piqETi,2010-05-23
4.04,63-0285,jQTvNQ,1992-01-17
3.75,90-7275,bjPSIO,2020-12-13
1.61,53-4013,kcWqlw,2008-03-28
3.50,62-5390,wfdbPG,1991-07-23
4.93,67-0759,nPpRpy,2019-10-25
0.97,75-8793,UUMCja,1992-03-26
2.65,96-8921,biQZRh,2005-10-12
3.31,63-9152,emymSK,2016-01-16
1.08,83-4833,ZaSVrg,1998-08-21
4.78,87-5886,UjVnHa,2006-06-23
4.24,99-9831,IGGhzs,2020-04-18
1.85,65-1904,vMBANV,2001-07-03
2.86,64-2762,bINgcR,1991-11-07
4.64,62-0195,QSBOXR,2019-04-12
3.28,79-6408,dQpInG,2016-10-24
1.47,78-1830,wtyDpc,1999-10-29
2.19,60-5767,RRVtwD,1996-08-20
1.84,82-5766,KRNXvM,2002-01-21
3.04,44-5678,QPuoah,1999-09-01
4.88,61-4167,yvWqRm,1993-06-02
2.50,65-1882,lGgOsx,2008-03-26
1.70,62-0054,Iclhwd,2009-12-01
2.38,95-9422,kxkggI,1998-11-27
2.92,91-7693,neENbP,2005-07-05
4.19,49-9531,wUydFR,1990-05-20
4.29,78-9200,ckyNgq,1992-11-07
2.29,50-7358,oNuLLa,2001-09-09
2.95,63-3965,gMAPYX,2000-01-31
4.35,48-6424,IYEviY,2008-03-01
1.08,44-4448,jgkbAl,2004-09-17
1.51,65-3438,AwgQZE,1998-12-13
2.99,72-0573,QXAblb,1992-12-06
3.97,67-6984,yeLlev,1999-09-01
0.78,96-9767,GaMbTy,2003-06-16
1.72,57-0904,hVrtJN,2019-02-19
1.20,69-7647,DSTcwU,2005-11-18
4.21,44-9523,HogdFW,2001-08-14
2.36,54-5100,bJwPnK,1997-09-24
1.54,59-5678,GWuPTw,1995-05-06
3.15,82-8378,ofbtbb,2012-10-02
2.70,81-6078,HaPIZj,2006-05-11
3.13,50-7259,UAfevo,2018-05-14
4.27,52-1628,xwmSgl,2012-03-20
3.50,46-6233,rHxQGW,1998-10-12
4.25,82-9937,qFDWhw,2002-12-05
2.84,96-0758,tAhUTG,1991-11-20
3.00,80-5026,AhxmEE,1990-05-15
1.40,70-5421,rhxkPb,1996-11-17
3.29,63-8273,xuVCAC,1993-10-10
3.69,43-4901,QmRvJx,2008-08-13
1.94,43-6672,rrrHpT,1999-07-29
4.85,69-8159,NGSoSu,1997-11-17
4.34,60-9195,jzNWBf,2000-02-17
1.17,43-6973,JoVSdl,1995-12-27
2.00,68-4870,QTLiuY,2001-04-07
4.22,48-2652,ybqYar,1994-11-11
0.76,52-3333,yEMdkU,1992-07-23
1.27,90-2434,VWsqvk,1995-08-09
1.81,47-5329,OWPgHM,2015-09-31
3.65,61-7440,kcWgEh,1998-01-06
3.83,99-1025,JrwAol,2020-01-17
4.10,94-3845,puXsgR,2000-07-20
4.94,51-2261,mLYBtx,1995-08-30
0.74,75-1932,xzQwUs,2010-09-22
4.29,65-7402,mXbnGS,2008-09-14
1.24,51-1848,cgUjDJ,2015-09-15
1.25,84-5510,WsnwJv,2010-09-07
2.40,57-9430,KYHpMx,1996-11-26
2.83,63-7730,CSNLng,2012-10-11
1.20,77-3288,YPwBmR,1993-08-27
1.04,60-8347,auMrGB,2005-09-10
3.27,87-6574,JKiGqy,2011-11-14
1.30,73-7733,jKnWPv,2005-09-22
3.75,54-8410,kwGbbG,2002-09-17
0.96,91-8467,erjoqW,1996-01-19
2.62,82-2003,XzdalG,1993-05-25
2.95,98-6366,zfxBUH,2001-10-11
4.52,97-5475,kEkMDd,2007-10-09
2.69,63-9791,CBDHUg,2015-06-09
4.73,88-9648,ZSdXQI,1999-01-24
1.02,79-7733,fDvffX,1993-11-21
1.84,95-3120,jYkbvw,2008-04-14
1.08,81-7822,qjppqG,1994-09-05
3.10,94-5092,PdNuYM,2013-10-27
4.20,94-3492,jLCuNg,1999-04-20
2.68,71-6600,AsGqxZ,2008-09-30
2.47,61-9211,VYlDqS,2020-12-17
3.95,70-9470,gEJkIZ,2015-02-03
4.19,70-5547,CKTrNZ,2019-11-31
1.86,70-5937,XhAvTT,2004-02-04
1.92,46-0077,fsclrc,2011-07-23
2.44,49-8298,ZspGId,2007-08-16
2.58,64-5447,RrIQqp,1997-02-12
1.08,45-9204,lQHUxS,2020-08-11
3.26,72-9473,TDwHNe,1991-06-17
4.84,61-3710,FoDQMr,1998-11-19
3.43,50-4694,ZSbISL,2013-09-17
4.09,54-0122,IAOZkl,2008-09-29
4.87,82-5299,VrKykI,2008-08-19
0.99,71-5376,wehmNI,2000-05-08
2.69,98-1105,qVhPgG,2005-02-14
3.68,51-0451,omReta,2007-08-03
3.46,68-8381,eSKAhn,1993-01-01
1.88,85-2642,xdoERJ,2008-06-11
4.00,62-3456,KSEWNA,1993-12-30
3.33,91-4081,STKwOy,2007-05-20
0.87,68-0763,FyQyoz,2019-03-10
4.65,82-2592,NhWzpq,1990-06-03
2.04,49-5209,MovLXE,1993-10-15
1.63,59-2631,EfejBM,2011-03-04
1.01,76-7138,HRcTAH,2006-01-21
3.98,47-5092,yXACOm,2017-11-04
3.51,89-0292,UfZnoT,2007-07-30
1.47,93-3723,rOJdMP,2007-02-27
3.85,71-3198,tKdtlF,2003-04-02
2.04,62-0530,pDvoJY,1990-10-30
0.89,52-1587,WjToqN,2017-12-14
1.02,61-4720,IDCHvQ,2017-04-22
3.30,92-1583,bbhZUT,2010-03-19
4.31,70-3511,piUoga,2020-12-18
1.48,52-2468,aeQzqZ,2013-05-22
3.65,70-6443,MzpnKM,2009-07-01
1.57,49-7922,BKhtAT,2018-07-15
4.07,62-3138,dZgCIp,1996-12-18
4.70,97-6025,BZjAPb,2003-11-14
2.01,53-5403,dOJaRs,2006-09-05
2.31,90-5409,gnOYrE,2016-03-29
4.40,70-1197,eoIIzd,1990-01-16
4.18,63-9868,oyjrnl,2000-09-22
2.20,45-9613,csUpHw,2006-01-10
4.30,93-8605,yfPtMm,1992-10-04
3.84,79-3754,LdVAxT,1997-10-08
1.69,75-9096,edGsIv,1995-03-22
2.55,68-6067,rYuwYo,2005-07-30
4.37,62-1159,hPqyWT,2005-10-09
1.07,62-7221,PznrSA,1994-07-16
2.48,44-4759,GUnpHR,2004-08-30
2.56,61-5342,SgHtEo,1998-09-01
4.33,79-1165,qrwwrH,2007-12-10
1.44,90-0262,jHITTN,2004-11-06
1.67,88-0018,BDMqwe,2018-02-18
0.93,80-5209,zGpecP,2008-10-12
2.38,87-4760,wxiAEC,1992-04-20
3.81,93-5742,WGehbz,2020-08-30
4.59,97-2635,qzqiTr,1997-09-01
1.53,43-1366,wruKHI,2003-03-12
3.45,55-9704,SptFcC,2015-06-12
4.61,52-7154,bagcxC,1995-04-05
4.71,45-2753,vMavGL,1990-06-06
2.34,53-9787,UAlxzq,2001-02-13
3.70,75-3444,GFxZPK,2017-07-30
4.93,76-8614,cKtsnF,2015-09-14
1.48,95-6064,ooMUhG,2017-01-31
1.53,48-6626,HqLKDL,2002-06-28
3.18,60-1081,yUBlCw,2005-05-19
4.60,88-9730,QSSGbu,1991-11-27
3.07,79-5523,WGqIsF,1997-11-16
3.71,82-9320,AVWYuL,1990-02-01
3.47,70-0543,DJqLma,1996-10-02
4.14,91-2395,uTJvea,2017-09-11
1.96,97-0816,hISzvg,2018-02-06
0.86,47-4628,aqqzQr,2000-03-08
4.30,62-7603,slYHvL,1998-03-13
3.14,51-6788,nHlvpH,2011-05-01
0.72,47-1257,KDnDvD,2004-06-30
4.57,86-0171,qjPLfA,2010-02-11
4.61,53-7963,ZazNtE,2015-04-15
3.06,93-9853,TVMBzV,2006-03-15
2.19,53-4236,Tddybw,1996-09-14
0.71,97-2264,clHhAV,1993-11-12
3.83,81-8731,kYXTCV,1995-12-11
1.18,80-9169,YBVPtC,2002-06-21
3.83,77-3990,mqAoCX,1994-02-13
2.14,91-8672,NPZrog,2000-08-20
3.91,84-9973,yTCwiX,2018-07-31
3.34,60-0213,PgTOgj,2007-10-25
2.61,95-6943,YYqzKS,1995-10-19
1.73,78-0239,BtQmSn,1999-07-31
2.54,98-1653,HbBaUb,2016-03-02
4.88,82-3919,rhTvEy,2018-02-15
1.71,73-6453,YWDrsm,1998-01-20
3.53,98-8843,bvUmaQ,2000-02-18
4.92,77-4673,umxtqD,1992-03-08
4.57,46-0964,rnHsVp,1992-02-08
3.08,54-2811,ZCajcR,2006-05-13
2.72,95-2949,fMFsWZ,1995-11-02
4.05,96-4744,AAwsGP,1998-09-03
2.48,44-3171,cglRaB,2016-02-24
3.28,76-1004,CtSGMv,2020-03-08
3.62,93-4125,qRuaEE,1991-06-17
4.70,76-1122,IliGZT,1997-12-04
4.56,52-6303,yvwyYe,1998-06-11
1.84,61-2619,ucAHrJ,1994-07-05
2.28,47-0127,nXWpzQ,1992-08-26
1.07,80-5012,MpTIUO,2001-01-20
3.65,99-9354,xWKWmq,2017-12-12
4.26,97-3999,gzAiEH,1992-06-26
3.85,79-5350,UuvSBL,2018-02-23
0.98,70-3804,ZxpXGG,2000-07-03
4.02,45-8373,DwTzOv,2011-02-05
2.64,77-3518,fMtQbk,2010-11-02
2.56,85-9350,zeIIDk,2016-01-01
2.30,54-3658,ozhZLZ,2020-02-28
2.70,87-4465,BznFyT,2016-04-17
3.55,59-8312,DDwMyg,2020-04-06
3.55,89-9033,OwBpIb,2001-06-08
2.44,84-0491,rRQOTC,2000-04-28
1.70,87-6348,rMIzUD,2010-05-12
1.38,90-8855,rUaJWb,2006-10-27
3.85,55-7129,Whqwlj,2003-05-24
3.22,55-5433,ngeHZm,1997-02-23
0.86,49-1059,fQpzNe,2005-12-29
3.15,67-8009,zMMqKT,1997-12-25
3.26,71-8427,fGybmK,2009-06-28
4.58,48-7847,YtLWLy,1997-03-27
2.32,90-5411,uNIxYn,1997-12-21
1.35,78-6816,jpHdxQ,1996-09-08
1.72,46-0891,rRHsCt,2002-03-03
1.23,57-8878,cXUEsD,2007-01-16
3.95,92-3582,ZkmVnb,1991-05-15
1.97,43-0732,cEXAFW,2011-12-23
3.13,86-7890,ipqOCJ,2000-04-10
1.96,52-3936,HBsZZs,1990-04-22
1.77,80-2199,yeRNiB,1997-01-02
2.81,52-5781,lyNSeQ,2016-03-20
2.71,85-9092,SUCMGp,2002-02-16
4.80,93-9736,DHNriP,2000-01-01
2.37,54-8929,gIZFNK,2007-01-22
2.68,89-3218,zpoEio,2010-01-04
3.64,77-3642,CfmKRD,1991-01-04
1.11,59-4633,WHBbuz,2019-10-22
1.84,84-2173,tGRUat,1996-03-06
0.98,68-0471,Hetsss,2007-12-23
1.47,57-0527,lWCSHQ,2007-02-12
3.07,79-3679,tjTEOa,2019-02-01
4.87,62-2392,lEvSDg,1992-11-19
0.76,64-2461,oddPzG,2011-08-24
1.87,77-8756,LuMjOo,2012-11-15
2.67,47-1664,FaALid,2007-07-27
1.94,55-5513,Ppewyo,2012-02-04
3.54,77-6097,EmGGJX,2008-01-27
4.87,80-9906,gpDUqw,2003-03-24
4.48,91-3446,qlbVGW,2014-08-04
0.93,56-0251,lfqciJ,2019-02-19
2.81,63-2727,nGnDNa,2002-12-21
1.79,66-9356,EbFHMy,2002-05-02
2.44,97-7556,DkQIuV,1995-02-12
3.45,60-9777,LMoPgY,1996-06-29
2.57,76-1189,hgTNmB,2018-09-22
4.68,69-6406,JJjPuG,2017-06-27
1.24,80-5219,EHrUNI,2008-07-30
3.52,91-1333,pRpuxg,2004-04-07
2.27,73-3975,ELqQOi,2006-06-08
2.15,56-8356,IFNWXL,2018-11-13
4.26,50-6314,VfSqhK,2011-10-07
4.31,75-9076,zfhqaK,2001-09-20
1.02,47-8334,IwLATO,1991-09-24
2.55,80-8780,IPTtFb,1998-06-15
3.23,88-6743,KRiPXA,2001-08-12
2.21,78-3732,RVCPrX,1995-02-11
3.77,97-5972,LyCCGf,2014-02-17
3.75,88-7748,rAhwvq,2003-06-21
1.92,67-1657,PEowcn,1996-10-26
1.43,48-7238,hUWPIz,2000-10-09
4.07,86-2281,YViZfl,1994-12-12
1.70,45-9759,HZWqHa,2007-11-18
3.81,65-5457,IpWdfb,2018-01-30
2.35,94-7134,xbADhK,2013-01-10
4.06,64-0164,TNrPIg,2019-02-05
3.36,54-3912,GYOHtW,2011-08-16
3.02,92-1026,QnYotn,1991-02-21
4.84,55-7200,oPdrOJ,1990-06-25
3.44,47-9824,tiupwT,1993-06-31
1.96,93-1215,BALabE,2010-10-26
3.88,89-9471,rrjvCe,2018-08-30
2.24,84-9148,EwAAgJ,2000-11-26
3.75,56-4558,fKuzVQ,1990-03-06
2.12,58-9278,djmKMB,1991-07-19
4.94,84-0825,YxOheL,2006-06-09
1.18,78-7408,qmDrGt,2007-07-01
0.99,76-7279,OVhWQa,2009-01-11
1.78,65-6463,oQHtxx,1994-12-11
2.51,51-9931,pNEvlZ,2014-03-25
1.33,70-2348,kEIhkl,2005-09-16
2.01,78-7628,SVprvX,2004-04-28
4.82,95-6435,eXJwDC,2002-08-26
3.85,68-6890,JdXfjU,2019-05-29
3.89,65-1412,QZxtbS,2008-04-06
4.15,70-9941,FdUeWH,1994-06-21
1.36,52-5157,idveak,2011-08-08
2.72,82-3157,lBMnmz,2018-06-31
3.22,53-7900,civyIc,2016-06-14
3.33,85-5400,NfTJWn,1999-02-14
2.44,58-4467,fjPBsm,2017-07-14
0.81,68-8505,bcRaem,1991-08-19
1.21,48-1883,HJgVkG,2001-09-24
3.00,55-2417,mLfBoP,2003-08-07
4.21,50-7156,wWfdWQ,2003-01-09
1.66,69-7996,cyInAY,1993-08-31
3.72,57-1245,dbCRCh,2006-05-10
4.27,71-0650,kPoOjW,2011-03-31
1.74,51-8607,ppmaoc,2009-09-07
3.81,54-8777,ktdejy,2014-07-31
0.92,80-6604,mGYXEO,2019-08-07
3.97,58-7717,aNJFhp,2016-12-12
4.33,75-1884,LHdMiT,1998-04-07
1.94,94-7192,oSuPDj,2002-11-11
2.49,88-7201,RdidJL,2016-06-13
4.78,92-9665,lFmCVd,2006-12-01
2.54,68-7349,soEJmA,2018-10-23
4.81,67-8465,qmypgh,2004-10-11
1.77,47-1170,BnwlcX,2006-11-06
4.54,81-7208,upoGts,1990-11-02
1.02,72-4437,LiMGRq,1990-05-20
3.98,67-3358,gClevA,1992-05-18
2.34,74-9619,gXqriM,1990-06-10
1.23,78-1946,ShiLdN,1999-10-30
2.73,50-0086,cjgbnd,1999-12-01
4.62,63-8052,xXElFz,2011-10-17
3.13,65-9384,BCTbqe,1999-01-05
4.80,53-8229,AHezkD,1990-03-22
1.23,89-7199,MBJCsx,1991-08-04
1.98,88-4119,FUhbSc,2012-07-05
2.63,49-3025,uykeKB,2020-10-12
4.14,73-5331,vwHdBH,2020-06-13
2.09,88-9999,IAfAuD,2012-11-01
1.70,78-1302,JWdrOY,2000-02-10
2.10,45-8331,jHLqEz,2005-10-17
0.91,58-9995,CUBOEQ,2019-11-10
3.42,51-3478,NANbzV,1995-03-12
1.72,52-2346,cPYASK,2020-06-27
3.48,47-2837,qMqmry,1996-07-21
3.31,88-7857,qhUWzX,2011-10-02
1.44,45-1746,bxnCpC,2020-01-24
3.65,59-4001,XTgJCM,1990-03-31
3.80,77-4268,VJeIbj,2004-07-01
3.04,82-4264,soufDB,2010-10-07
3.36,89-0132,CwlpeI,2017-12-28
1.01,58-1760,BbmTMA,1999-02-26
3.12,45-4967,XaWrLF,2009-01-10
1.64,73-0706,VTpVIV,2014-09-27
4.02,56-9746,gNGxWJ,1994-03-21
4.17,70-5092,njpowV,1998-04-23
4.82,91-1622,zrJztQ,2009-01-04
1.16,60-0586,tZaDVx,2010-08-16
3.54,58-2813,IIuPNi,2011-03-07
1.64,95-7302,yvqbgR,2009-04-03
4.46,46-2257,kbpqXu,2007-11-02
4.38,69-5948,IcrEjG,1997-07-21
3.84,78-4243,rgekOT,2001-10-30
0.84,54-4720,fUNIxP,1994-10-05
2.77,74-3350,fpbZbu,2009-06-08
4.39,58-5165,LKwDgJ,1998-02-21
4.47,75-0551,eLASBJ,2008-04-25
2.29,43-4792,pAEfKH,2012-12-27
1.29,63-3415,VhRjKj,2011-11-24
3.16,87-1539,kSDtxn,1997-07-17
3.64,72-2138,xbsUqO,1995-12-02
3.77,65-4364,WtkjWZ,2006-07-30
3.36,73-8928,WofdfP,1994-02-17
1.56,89-0199,rYSHlU,2011-09-04
3.57,53-6165,LDmPpu,1994-12-23
4.83,54-0190,uWEzMR,2000-07-28
2.15,86-3856,AjUfJa,2005-06-01
2.76,88-6211,JAYrsa,1996-01-03
3.41,95-6660,iPXqCM,2002-02-22
4.66,89-0368,gGQDcR,2018-01-21
0.91,75-0842,PXrpOs,1999-07-16
1.52,72-2406,hCHrFt,2003-05-02
3.84,99-1388,uKYhNY,2001-08-27
4.27,70-9236,giTWTF,2006-05-27
4.80,57-2861,lAIdsZ,2017-11-07
2.37,95-3665,gZFEEj,1992-05-08
0.95,56-2094,UXJsjE,1998-06-24
0.94,44-2491,kNlffz,2009-10-09
2.32,78-1454,RWwHzO,1991-10-24
2.40,73-4116,EWGQxo,2016-12-26
1.20,58-7487,rqXPUL,2004-04-29
4.76,59-1529,AnJvLS,2009-09-03
3.88,98-8021,eiMPzn,1997-09-27
1.09,86-2242,dAiFGR,2017-04-30
1.48,84-7869,ANzoJz,2014-09-15
2.19,78-6649,HfRHgp,2009-11-14
3.82,50-4689,zPfGTo,2004-07-20
2.40,95-1470,XsNVgL,2002-08-06
1.63,75-2358,bfpPFO,2001-05-08
1.21,60-1385,scaayo,1993-08-10
3.51,80-7478,yulVax,2008-02-16
3.14,89-4781,ZImupC,2017-06-10
4.09,73-2146,iGjvfg,2006-09-01
4.87,55-6721,sMUUcl,2011-02-01
3.87,74-3537,irnUbM,2004-09-31
1.98,45-3570,ydGSVH,2002-09-14
4.30,85-4989,CeYhgq,1998-06-16
1.40,44-5492,Odbhfn,2006-01-15
4.29,95-2835,tqExEZ,1991-01-02
2.43,88-7823,nOOBIY,2019-02-05
0.84,63-8197,QRmxGd,2010-07-18
4.27,60-5366,GCPwZl,1997-04-11
3.07,88-8026,fzWXFg,2017-11-18
4.25,72-3440,hxvDRA,2020-12-27
1.24,90-5758,GZSKMe,2003-09-30
0.84,57-4727,EayceL,2018-01-11
1.38,74-0588,UYtPPW,1997-02-24
4.34,65-2174,HxmVEn,2019-06-23
4.21,85-2321,MDQeMc,1990-01-04
2.28,78-6218,GrhiEn,1992-02-27
1.42,79-1886,aKzBnG,2014-05-09
3.18,66-3965,NdVCFD,1991-08-02
0.92,82-9750,nlqFdY,2006-12-09
1.88,51-9949,GNTtJa,1999-11-02
4.27,84-7022,EKSEQZ,1995-10-25
2.04,64-9589,CkLzoN,2019-01-04
1.77,86-0938,ZLODdn,2011-06-12
1.62,67-1891,sbwfYT,2002-09-19
1.79,55-3932,gAenbk,1993-06-29
4.60,81-9050,gbBkUV,2020-10-31
1.20,81-2753,ikkfTr,2007-04-15
0.99,82-7056,TcCzHO,2011-05-16
3.59,87-1354,tkOcwh,2003-10-11
4.92,78-6375,aOfICH,2012-09-29
3.41,54-4753,CckbSQ,2017-03-10
2.62,75-4990,SpsqSm,2001-11-08
4.63,67-0399,TIxTiY,1993-04-10
3.88,70-9262,LcNHDB,1999-03-11
1.65,81-3322,oWumtZ,2003-03-13
2.88,54-9543,QLuCHz,2012-03-13
3.47,66-9693,qGIuaD,2016-02-26
4.61,95-6849,oanbcI,1997-06-30
3.94,98-4822,yLmtTI,2011-07-20
1.25,46-5199,nyyyXV,2014-03-23
2.74,54-5820,HeAaeC,2019-09-24
3.77,68-7560,BOiqYW,1993-05-01
3.53,97-6148,gihBqR,1993-10-26
3.03,99-0098,VBYvXH,2009-06-22
1.38,49-1883,aFmjIo,2009-02-25
2.13,62-8643,lYjAMz,2001-07-25
1.10,83-3220,daZOeI,2005-06-05
2.88,73-8162,BQfLqN,2008-06-26
4.47,45-8705,rWKFop,1995-06-22
1.21,48-7003,dEdzhV,2020-01-19
2.92,88-4441,nBtBYa,2005-02-23
2.96,77-5836,uDxJuK,2000-08-02
0.80,57-1028,HNeBGM,2010-12-26
4.79,76-6721,roSgzO,2017-04-22
1.24,65-0714,GwDthq,1997-07-11
1.38,92-9648,VzouIf,2016-01-22
3.15,51-3827,wdnvXf,2016-03-23
1.53,97-4699,SfgTlw,2018-02-10
1.65,47-8173,NvrxxS,2001-05-30
3.53,88-8271,PzkVsw,2018-05-13
3.31,57-6621,wyeiPx,2006-05-14
2.18,97-4226,oUHyXc,1997-04-13
1.45,75-8286,NRTdiA,2019-11-01
2.77,86-7634,ZrOgTg,2009-01-31
3.24,89-8373,SkqGMM,2002-10-29
1.89,69-2725,rVelXo,1999-09-15
2.70,93-4210,YcZzuf,1998-11-21
3.35,92-6488,tzZsoZ,2006-10-06
1.41,72-9868,queTfg,2001-11-14
4.70,49-9137,OINzyD,1996-09-06
1.97,56-1205,AzOQxk,2018-11-30
0.74,73-8966,PlNGed,1992-09-25
1.41,56-1597,orwPhd,1998-03-26
1.82,81-9336,cRzinU,2000-08-31
3.22,67-4891,MOOKNn,2016-05-01
4.39,73-9140,xZSBbN,2020-04-25
2.34,88-1064,UPdiex,1998-09-08
0.94,83-4606,EQGFZk,2001-08-04
2.64,80-6707,ZglJzE,1995-06-20
2.94,74-3984,MMogUT,1997-06-23
4.33,55-5810,LzgTWl,1996-03-17
1.87,77-0390,vHCJht,1999-07-04
1.32,46-1691,lbWmyx,2003-05-22
4.28,52-6619,RZEEku,1990-09-31
4.16,91-0980,FOXbFX,2009-05-05
2.10,74-6076,LgVoRz,2019-11-20
2.93,80-0280,IwKDWG,2003-09-06
4.64,56-4917,PGoQtC,2015-06-30
0.93,99-0120,HkWtkO,2006-08-02
4.72,99-5219,voBdFK,2018-09-30
2.52,76-0852,wsWapD,1992-05-06
2.65,94-3617,kSkVuY,2004-03-06
3.30,57-8805,PXMljr,2012-01-25
3.61,75-1040,goDVoM,1998-03-03
3.88,75-7508,uWBQTF,1994-10-04
2.85,87-6023,HNcTwO,1990-02-16
4.81,71-6228,NdrDga,2002-01-23
3.33,95-9578,UfGGAr,2013-07-19
4.54,84-2620,ORYChC,1993-09-22
4.53,70-1920,djSotS,2007-11-10
3.85,51-9726,xMVvdU,2007-05-06
1.05,46-9167,llrxgH,2000-07-17
1.65,69-1945,NOUyUY,2016-02-26
1.37,55-2349,GddTEi,1996-12-29
0.79,46-0556,tXVpnz,1996-03-11
1.11,67-4844,LUnclU,2000-02-11
4.91,56-8670,yOHCbo,1994-10-23
4.93,72-5481,JojqAU,2000-12-05
4.52,83-4650,rHgNtH,2011-03-03
0.72,80-5943,OfXkZE,1992-09-20
4.87,44-8362,LtduUy,2015-08-28
2.82,49-2361,eavXuw,2004-08-21
3.52,77-4671,QCGWSd,1992-03-06
1.95,64-3031,wIBBFX,2012-05-19
2.28,65-0639,dgMcWt,2009-03-31
2.58,47-3027,VLfVaq,2016-09-19
3.70,94-4821,BHFZBy,2016-11-26
3.63,84-0028,WydciR,1993-07-15
3.94,78-3653,fiWizh,1997-03-14
4.77,64-2881,LIPeEL,1993-07-16
2.97,62-8031,WsGcTw,1995-11-14
1.61,59-3430,zrJqtC,2011-02-21
4.94,45-8245,MbLIVB,1993-07-04
3.76,58-5459,NAnCAY,2010-08-17
4.82,62-8951,BHKZHk,1996-12-04
4.09,94-0813,fApoqX,2013-05-12
3.83,83-8050,GxmKqJ,1993-04-09
4.27,63-3637,WIacuF,2014-12-06
0.70,72-9079,IwSLou,2018-06-09
1.15,47-2372,yxXrvo,1995-03-29
2.10,63-9684,opynMt,2014-03-28
1.96,97-5920,xixVMl,2002-07-19
3.22,59-9120,vKCyhP,1997-07-21
3.91,99-5283,AasOIH,2000-07-04
4.17,53-3812,HIxDQo,2005-04-01
1.87,62-0368,ptNrnh,1990-03-29
0.99,78-0624,xThdsm,1999-03-29
2.13,80-7045,WtYhiC,2018-02-08
4.39,67-7272,ssSnyt,1998-12-11
1.25,60-7215,uJDQTk,1992-02-20
3.80,94-6121,QmCYTr,2002-12-27
3.51,92-3847,Odtskx,2020-05-18
1.71,43-5142,xTcTir,1992-05-12
3.76,70-2028,OKwoBT,1995-07-29
2.11,62-7980,NGeqkM,2005-06-31
1.89,44-5809,OaBEgT,1991-05-26
4.96,68-9854,PWSBrt,1997-12-19
3.76,46-6162,aKLsaG,2018-02-28
0.89,72-0843,zAWEZY,2020-06-07
2.28,77-9956,BwCFDb,2005-01-01
3.17,72-6912,dQLsZn,2013-08-23
3.91,49-5052,xciaRX,2000-06-24
2.84,74-3930,NoBMJf,2017-12-28
1.81,99-1603,fzdVUQ,2019-05-17
1.17,83-4480,yTKGGE,2008-03-05
4.72,79-0933,XnkOBG,1997-09-25
4.90,61-7565,rzyOoD,2017-01-31
1.29,70-1945,IgaYhu,2020-08-24
3.27,83-6730,ZwmJbt,1991-01-27
2.58,51-6462,vAxGth,2000-11-09
2.95,60-1501,BZjOsx,2010-01-27
1.48,51-9266,zVUpmu,2017-01-01
3.89,70-6417,hgZLRK,2019-08-04
1.40,96-6610,XhgnxI,2015-05-16
2.89,73-4499,zpnWVk,1990-10-16
3.02,72-6123,PkhjOU,2019-01-04
4.57,93-6144,LpzeEz,2009-10-30
3.07,75-4235,isCNrO,2014-06-21
1.55,43-3020,YaSTyb,2004-11-27
2.11,43-2827,blwaTL,1993-02-12
2.06,85-6913,WLYAzS,1996-03-05
3.57,84-0571,AfaQou,2006-12-08
3.32,44-0730,wgRfrh,2003-03-05
0.71,67-8886,FPiFCL,2010-08-03
4.63,79-0608,QRaINq,2000-04-19
3.58,65-1171,CKfnnf,1994-08-30
3.59,93-3055,onyTHh,2007-07-12
2.12,79-0120,lbnQsl,2005-04-05
4.14,64-2935,GAfMFA,2009-08-03
4.54,84-7574,INihco,2001-08-12
3.53,82-8369,ykgkhJ,1999-09-02
3.85,89-4678,trXcgZ,2000-09-13
3.79,65-4172,uiHzlA,2009-10-06
4.85,78-7586,RcRprJ,2005-12-30
3.30,44-8248,TSUZws,2013-06-17
1.96,55-8531,bveeCx,2016-11-06
2.37,86-2492,rwtIDj,2003-09-19
2.07,86-6742,vhVQXA,1990-09-31
4.25,52-2364,fXSgOQ,1992-08-21
3.44,68-5819,NNfRDA,2014-05-04
2.25,69-5651,ciDotB,2019-10-24
4.15,74-8724,trIQYc,2002-10-06
4.12,53-1651,KruyVM,2007-09-11
3.32,84-1932,lZeDQy,1996-08-07
4.94,85-4753,JnIyxG,2016-07-18
2.03,61-0468,jXzLmc,2001-04-19
3.99,98-1963,WcmFFm,1993-06-02
0.86,57-0463,fbSjSr,2000-02-11
3.17,50-6027,SFkvvO,1993-12-25
4.61,76-5359,atdBMM,2001-04-01
4.87,65-4356,YqpbdN,1993-03-25
3.53,47-7843,CGFJmp,2000-12-27
3.18,70-0821,ybJQbR,1999-05-05
3.11,50-6539,NcUreB,2008-03-20
0.91,79-0472,vstOwC,2017-07-24
4.49,88-7841,Gfgdew,1994-09-10
2.26,97-5797,vyuyqH,1991-08-03
1.28,77-8996,BFHrGs,2001-02-10
1.06,92-5678,CLhufj,1994-12-07
3.67,46-6766,jCfBnd,2019-12-30
3.24,55-2786,DvjESG,2019-02-03
3.53,46-2067,jRRoaU,2013-12-07
2.63,73-3496,ljOovh,2005-06-09
4.77,65-0599,eKuJIC,2020-12-04
3.83,56-7575,EdQkiE,2000-05-13
1.68,99-0275,ExlddO,2001-08-14
2.70,95-0465,WWdvyO,2004-03-08
4.46,43-9632,vjuBCR,1992-02-25
0.72,94-3464,mUuteD,2015-01-12
3.04,48-7356,MGMtfK,2018-06-30
3.30,44-5545,FGGVVm,2013-08-28
2.03,66-3773,hnODAS,2007-09-26
2.41,89-6037,JKHwHx,2018-03-22
0.71,77-9864,jRbYKG,2020-01-13
1.76,57-2297,VrEhUy,2001-04-06
1.20,64-8508,AcFdkn,2007-05-02
1.12,88-7629,GtuuvX,1995-08-27
1.02,58-8194,RIjgQP,2017-08-30
3.82,55-8656,qXwTZN,2011-04-03
2.55,55-6473,JSIull,2002-05-26
4.42,75-5405,XQZzjP,2010-09-15
3.96,90-2673,kfFwPz,2006-03-19
4.25,53-0973,eAiZkH,1991-07-20
4.64,77-7370,FuGQlN,2009-07-21
4.27,45-8746,WfUuIG,2009-08-07
4.27,62-2134,ZziPQB,2015-04-14
2.17,87-3056,QEpOlz,2001-07-07
3.09,57-4558,HRIgns,2007-10-18
3.42,58-0957,CfxeQI,2005-06-22
3.11,87-9879,JzMUvV,1995-08-16
1.71,77-5763,obCuQl,1994-07-09
4.01,93-7583,TGEXAr,2010-07-23
3.06,51-7725,KkFyZE,2008-06-13
2.20,68-1816,hmGzzL,2017-10-21
4.57,56-5259,bXGEsJ,2003-09-01
3.70,71-3492,XdWkAI,1999-02-06
4.20,88-7134,JUPEmU,2005-04-26
2.07,87-2212,sGnqXt,1993-12-30
2.87,63-1045,DUBHFQ,1995-07-23
4.10,97-4888,BuWJdj,1995-07-29
3.73,53-1304,QQqViV,1991-12-12
3.97,90-9393,GdDGHN,1997-11-11
2.21,91-4528,xnIKDc,1991-03-02
5.00,77-4902,eIlQrv,2000-09-24
3.21,79-0078,mUpmEl,1993-11-28
2.86,52-3784,jaMrux,1993-02-14
2.21,99-8242,JFbtMH,2017-01-28
2.47,90-5811,AfERSw,1991-01-25
1.11,62-0647,fbNlRk,2000-04-30
1.22,56-0036,eYhwmM,2014-02-26
1.72,78-4854,mdlHUX,2001-05-28
1.51,88-3418,NXDjbh,1992-05-05
4.86,50-2384,KBbAhn,2007-03-29
3.58,58-5811,ZOcqTA,2018-05-02
1.26,51-5830,yvcaMS,2015-04-13
3.52,96-1807,pvzuyT,2015-03-18
2.60,53-2394,MdbELk,1998-04-17
1.10,99-1010,CrBJmQ,2005-12-31
1.94,78-5685,vRGZws,1999-06-14
2.74,92-7965,VnCRvR,2020-08-27
2.13,93-8764,wbCTtB,2014-08-18
1.27,98-4032,SqJJWi,2002-11-11
1.67,97-1233,OyHSnp,2018-12-30
2.21,98-2596,gvVWZZ,1993-04-13
4.90,82-3191,FUNfkB,2007-09-27
1.20,53-7537,QvTfSi,2003-10-28
0.83,45-3802,LsdooF,1999-12-28
2.76,45-8450,VwLafo,2009-06-28
4.47,70-8096,tblIqz,1996-12-30
3.02,69-8307,jEYDyh,1993-05-29
1.92,76-7271,zVPRSA,2010-02-22
3.55,62-2677,OrOKFP,2015-12-01
4.99,76-6569,YQPGzi,1991-12-04
3.76,96-2577,sRrRAJ,1997-10-07
4.43,56-5700,njOOwS,1999-05-08
2.83,76-2865,eqVKVB,2008-04-18
1.42,92-4990,ucpmsg,1993-03-19
2.99,55-5378,bPbzPW,2000-05-27
2.05,80-9226,DkGrQq,1992-07-23
1.53,69-0398,jvRKFb,2014-03-30
1.16,58-5993,OylprZ,1999-10-29
2.43,75-8160,JbhBVA,1995-05-26
3.84,76-1062,CKSbaE,2008-08-02
4.15,51-0282,ofXQaY,2004-11-08
1.50,95-7662,NTGcmy,2009-07-02
0.81,57-8139,wiUYgi,1996-11-11
1.28,73-7820,mkIsSW,2003-12-05
4.63,67-5576,CPvLKd,2018-08-23
1.76,74-8363,SWMSiS,1999-11-29
2.90,56-4318,sxhPPh,2004-08-21
4.46,60-0549,LXbjVr,1995-04-28
1.03,86-6123,GIITcK,1992-08-03
0.79,63-5835,jnfuHj,1998-02-28
1.39,96-5999,saRkEj,2010-09-29
4.89,84-8854,cizjOv,2002-08-04
3.12,89-8386,irOqiZ,1998-06-07
4.36,86-4664,ywwEtq,1991-08-07
4.38,50-6915,ZzOobU,2006-04-22
1.03,45-1262,gqBLlb,2004-10-19
2.56,94-7331,YmWDib,2011-06-13
0.76,88-0504,THSVYD,2007-10-31
2.71,57-6823,jMMJRt,1996-05-26
1.64,98-2453,XOThzr,2000-05-09
1.15,55-5167,oSudLR,2003-09-21
2.27,73-3997,AaSrGO,2017-03-04
2.04,76-9838,WytOKb,2015-01-15
4.47,74-2431,IKfDrU,2017-11-06
3.74,79-5520,JhLZEZ,2017-01-28
1.58,95-6293,IuDwVJ,2009-11-30
2.95,84-6730,MmPbsq,2018-07-18
2.30,97-9084,TKehJs,2016-05-06
1.64,64-5632,MeMKMg,2010-03-27
4.09,46-9700,Ifxtdx,2005-08-19
4.27,54-2478,OoAhPN,2014-10-07
3.01,95-7112,FsKnyD,2009-02-13
4.89,83-6959,maOiaG,1990-05-12
2.85,52-7893,EICZZC,2004-09-16
3.32,69-9632,jpLCat,1993-07-24
0.99,91-6999,vLWtst,2009-03-13
2.59,74-3590,smVeek,2014-02-19
1.44,73-0022,IhuEez,1993-12-08
4.46,65-2320,ozBMcI,2007-07-31
4.89,85-0001,uBuJix,2013-07-04
3.52,65-6605,JiqOrZ,2017-02-03
0.84,51-5882,KEokkL,2014-06-24
4.01,69-0905,DLMHwU,2018-07-13
2.54,52-7462,MuxdBt,2018-08-20
3.12,59-4237,RtMdti,2013-08-12
4.85,57-8086,iPtpMA,1999-04-16
1.55,88-4693,PggUsp,2016-11-02
3.86,73-0093,BsJNXv,2010-04-07
3.35,88-0971,SckAai,1993-04-08
0.78,71-8052,lOQEoD,2010-09-01
1.91,55-6749,ZelWxH,1992-06-11
4.44,86-3690,hHqluT,2018-07-12
1.48,84-9795,dAcBSk,2004-02-17
4.53,61-8984,hFDJRv,2007-09-17
2.26,57-2273,WcAnuZ,2000-02-14
4.76,86-8177,RNtpQc,2004-12-01
0.74,66-1503,wBoZyv,1990-05-10
4.28,83-7935,thmUed,2018-05-25
2.98,70-2473,XMHlOF,1997-06-31
4.05,53-5602,gVSmqe,2014-09-28
2.66,45-1284,fCJRpe,2004-08-21
0.88,60-3193,BnvhUS,2002-06-24
4.08,48-7691,erPgzy,2013-11-20
3.22,82-3498,JDjuAs,2009-04-13
1.33,84-2794,DHuZuT,1993-12-01
2.32,45-8347,HWIMfR,2011-09-05
3.61,45-5046,yfbrtD,2013-07-14
2.32,65-0079,JkicXo,2016-05-30
3.28,69-5722,ZolHPC,2014-06-10
4.04,97-3873,QQfblJ,1993-06-23
2.46,70-1730,HsktIt,2020-12-13
1.58,77-1735,RBKBFT,2008-12-17
3.18,90-6939,itwXQt,1995-08-01
3.46,65-6163,SKFODR,2005-09-20
2.54,61-4282,SYwxuq,2015-09-05
0.89,47-9696,uVvbhA,1991-03-12
1.63,70-8235,PiIMnV,2015-05-22
3.60,54-2007,SUohSv,1992-01-11
2.64,87-3223,wEJnul,2016-09-24
4.45,84-3253,uojxGG,1996-08-06
4.74,79-3285,UggGWc,1997-06-02
2.13,50-8216,rjKPqb,1996-10-17
1.16,90-9341,CuuHQx,2012-05-04
2.73,77-6157,HDBEIC,2015-03-01
2.98,84-5414,jLrlvr,2013-11-05
1.47,79-5654,uTIJEj,1994-04-22
1.96,81-9160,QhtZaJ,2002-07-05
1.11,75-9827,SKGLjD,2009-05-14
0.73,51-0385,jiciPv,2019-04-28
0.72,43-2980,yzgPZI,2004-10-17
4.56,49-1821,SCAfwI,2016-03-11
1.16,43-9715,PaPMri,1997-09-24
1.31,85-4539,JjocIt,1990-07-01
2.10,95-0548,GCBZCv,1998-06-30
2.82,63-3237,wLnsoM,2012-07-09
1.53,93-1177,fFowpR,2004-09-14
2.18,93-5988,YmPASl,2008-03-03
1.88,52-0540,PfGpbw,2009-08-18
3.08,46-2905,tmsRlB,2011-06-11
4.56,72-5720,GjpYeG,2002-04-07
0.90,94-4289,ZKiiGT,2002-06-14
3.10,81-6524,MYNMWS,2017-02-26
2.12,69-6306,IgvLNF,1996-04-19
2.08,74-8696,QXlnCS,2000-07-09
1.11,98-6889,ZrGAXw,2016-03-10
1.04,74-6706,dQRCed,2007-06-23
4.21,51-5649,Kfkqon,1997-07-19
2.65,62-0585,yORZZw,2015-10-21
2.57,61-6627,GdieaR,2013-09-20
3.84,67-3249,GiiVeE,1996-09-14
2.03,52-5601,LsrpbZ,2008-09-15
1.86,52-9618,ZZvobh,1994-04-29
3.37,54-6889,WnEbnc,2007-12-06
3.30,98-3305,MRNLHK,1995-12-06
1.20,87-2453,QiLVRy,1994-05-04
1.89,59-4217,PdHFoa,2008-07-17
2.17,52-8431,lDoDJo,2017-03-24
3.49,78-9654,jiiQtG,2014-03-04
4.40,96-9328,busAkK,2017-04-25
4.40,70-7109,WbiQKw,1993-08-28
2.13,72-0249,hpRYZi,2003-09-18
2.28,74-3530,hILLDQ,1994-04-12
3.38,48-3223,zHtdsK,2006-07-18
1.42,81-5599,PaOSST,2013-09-06
3.82,99-2336,oloMNU,2000-11-23
1.24,88-3676,gIOWyt,1997-03-20
2.67,73-5044,dPXTFn,2012-10-21
0.90,61-2590,BOyRLY,2007-02-11
1.10,95-9530,ngRMNx,2019-08-20
1.87,99-2471,ZpKzsV,2007-09-04
2.77,74-8501,vsOZMg,2011-03-07
2.23,43-9523,jindrt,1992-09-18
2.15,91-4737,NirYaE,2005-02-11
1.72,92-8048,pkyOSt,1993-08-01
4.80,70-2655,GTaXfK,1998-08-14
1.64,58-6787,VhKkaE,2005-10-25
1.46,90-2298,WgMpPB,2003-12-19
1.38,76-6046,BzXrLY,1993-07-16
3.46,50-7279,okNuTl,2014-01-31
3.17,85-0965,dgSFIl,1995-05-03
3.94,90-1998,WsVrfL,2000-09-24
1.18,98-8986,tkmwae,2015-03-25
4.80,50-8443,BDzvHd,1994-10-18
3.43,71-9375,ZrrdBJ,2016-03-17
1.19,53-0369,zHbPbX,2019-11-17
1.10,57-3104,WUKZTa,2014-01-29
3.50,92-7016,yRUNvw,2011-04-21
3.75,50-2697,NMsMdl,1995-07-25
4.27,57-8101,OTltyx,2008-04-05
4.61,81-6889,XnQhiP,2019-10-29
3.42,90-2989,IyPkFe,2015-07-29
1.49,98-4570,LAqbFP,2002-04-05
4.77,99-3411,BDZrMP,1993-05-21
3.35,54-9449,BrJwBO,1994-12-31
3.42,69-5119,gCHAWV,2008-06-19
3.35,91-5525,FqhUGN,2020-06-29
3.62,85-6157,GeYjbJ,1998-03-07
1.01,79-5477,TUOTEL,2008-02-07
2.75,79-0363,RSGpHm,2002-02-06
2.23,83-2555,BBiLFr,2018-01-28
2.62,57-5857,MzWZsI,1991-06-04
3.92,49-3056,BVTTyT,2017-04-20
4.30,98-3042,OcvUVx,2008-11-11
4.58,46-5994,ngnkHc,2000-12-28
4.26,58-4847,msNESr,1994-12-17
3.24,43-9409,fJOrUZ,2015-04-13
2.37,81-2180,sbVfFb,2017-06-17
1.28,55-3374,lGwyxY,2004-11-03
4.95,77-7429,EjzDnj,2020-05-28
2.15,64-6818,hLykAu,1992-09-24
4.56,98-4256,crCEYz,2012-08-18
3.36,49-9307,aJtSBw,2013-10-16
3.18,45-2016,HShjfb,2012-02-09
4.80,53-3958,qwiymF,2011-05-13
1.42,94-0733,cOpSai,2010-06-24
1.38,48-0005,ZeXZsW,1996-05-21
2.99,61-0739,OatCDL,2002-08-11
1.03,74-1623,JTteGM,1998-05-07
3.45,77-7113,hIdvTX,2001-03-11
1.87,82-0575,FfnYYn,2016-08-12
3.02,83-7205,cBXBMa,2002-07-12
2.12,62-7309,lGQFrC,1998-08-15
3.56,52-8515,Fmmafz,1997-02-24
2.80,54-3329,OvjcJY,2010-09-17
4.51,70-1511,fQANua,1995-09-25
3.34,96-7062,AAKqdn,2011-12-28
2.84,77-1197,UNVtdo,1993-03-18
4.61,65-4006,mNDYat,2000-09-04
4.94,90-6794,DYQHuO,2020-01-25
3.99,85-1615,rABgnz,2004-07-29
2.56,83-6731,UoVkCn,2013-04-20
1.47,88-1521,XgcGFd,2013-07-14
1.67,90-6949,FUwMvb,2002-02-21
1.14,68-7276,aaVYBd,1991-06-16
0.94,76-6773,YZdHcT,1997-07-12
2.85,89-0838,ECAWef,2002-07-04
4.76,44-5196,LojDSt,2006-02-14
2.14,84-4117,DMsZlB,2016-06-16
1.40,48-0938,Zihldu,2007-08-06
2.87,82-1664,cGeQtm,2009-11-30
4.10,86-9161,sLHviM,2008-03-16
2.28,72-5734,NozaeU,2012-05-10
3.81,50-8993,clGSAb,1996-06-07
2.92,80-1417,EfbjDU,2007-06-28
1.64,65-3724,vncdfU,2011-10-09
2.36,47-7298,XTrjvF,2003-08-03
0.81,47-1198,PILEkY,2008-03-03
2.68,65-5333,wOSjyy,2013-11-26
4.72,59-3458,TqEPvE,2013-05-11
2.48,59-8143,cdApYt,1990-06-25
2.65,45-2574,YfGeqC,2017-05-12
1.14,49-8452,lehvFf,1993-10-29
3.85,73-7208,RNbdke,2011-03-06
0.89,68-2082,ZhNzcd,1994-04-16
1.53,73-1550,ZIVces,2007-08-07
3.72,92-2903,FSQeuh,2009-02-24
2.08,61-3509,CNECiW,2015-08-18
3.17,77-7696,nNmkZy,2012-10-31
1.86,71-6963,PnuBec,2008-04-16
3.23,50-2023,WZFESj,1990-07-25
1.34,58-2128,BvHuvH,2011-05-20
2.74,98-5118,QEiCpf,1998-05-25
1.05,81-0269,pCenff,2015-11-13
1.85,69-6868,vdvzSt,1993-07-01
1.12,90-2446,Fspxdl,1993-02-22
4.89,71-8154,oOkxWv,1993-02-20
3.42,49-1569,JkmfIZ,1996-05-26
4.59,87-3103,eQnYwT,1995-08-18
2.69,94-9608,bLBpmc,2002-03-10
2.20,74-8286,BBrvku,2007-06-06
2.65,94-1687,iAQhfr,2008-07-05
2.51,72-0096,akuYFE,2016-10-26
4.39,44-0296,FEgfXo,2005-02-16
4.47,96-8787,XSsdos,2005-08-22
4.92,68-5157,tEhwro,2014-07-20
4.66,65-4337,hGMtkx,1993-01-25
3.08,80-2885,PXLJDl,1997-07-23
3.00,76-5085,USrQHM,2010-12-06
2.28,88-7123,dcutPJ,2014-11-31
2.84,54-2173,EqvvxA,2013-04-21
2.39,48-4572,bQQyCM,1993-10-02
3.56,53-5583,NapnKx,2019-05-06
3.33,96-4661,Evdyzk,2009-06-11
4.44,62-5782,aQibub,2002-07-23
0.87,61-5123,dYcTtn,2002-09-29
2.00,69-3882,oVPSSe,2013-11-03
4.49,85-8961,LbOJmM,2018-01-23
1.10,86-9008,gXPvjc,2019-02-24
2.75,97-8386,gjmKjg,2011-02-22
3.25,61-9560,IYipRi,2016-02-14
2.15,92-9396,hawVGN,2003-12-08
0.89,83-6872,pZswYJ,1993-08-06
4.54,73-9484,LHDisu,1996-12-27
4.60,63-9146,lhCufG,2014-04-24
3.41,55-5443,IWMUDR,2011-06-16
3.14,76-1541,dKXruo,1999-03-29
2.03,64-7740,ZPITfn,1991-12-13
4.09,82-4288,kNWtEj,2018-04-23
0.79,66-8313,fJKIFE,1996-08-30
2.17,95-6124,Jgwdmb,1997-09-29
2.12,78-8031,YqdWmE,2012-02-07
2.51,65-3920,qUFLww,1994-09-24
1.27,97-3462,Rvrgni,1996-05-19
1.84,46-3304,SmnRTW,1990-10-08
3.02,44-7078,chyNFl,1994-12-14
3.79,78-6570,egsmra,2009-07-11
4.90,47-9430,louqhq,2004-08-01
3.05,73-4622,dzApvM,1997-04-03
4.48,56-0653,ATJdqN,2005-10-13
2.75,77-3676,gAiqCB,1991-09-20
2.81,94-6961,GxcmVe,2014-11-07
4.86,60-8522,ZdUmEM,2007-07-07
3.69,80-2507,ytBcIu,1990-01-08
1.62,64-2533,mgUSrl,1996-03-09
1.35,98-1869,ouIeYV,1992-09-04
1.42,58-8056,MsKTuS,2016-10-14
3.17,55-8641,cUUYEZ,1995-01-25
0.84,55-4503,IyHVuc,2009-06-21
2.09,79-5025,BCoOVJ,2002-03-30
1.46,92-4892,dOAfxx,2015-04-16
4.97,78-0000,gjEQdL,2002-03-31
1.18,75-3048,OmJLrk,2019-11-22
3.42,68-4974,vsBygO,2007-07-01
3.23,45-0317,fxUtOk,1998-09-12
2.38,91-0071,hOHisd,1996-04-24
4.31,62-2503,CuKMyc,1997-02-01
1.35,82-6755,OoGEsw,1996-01-16
0.82,85-1866,QxxEdi,1990-10-03
2.95,45-3918,gAnyLh,2015-07-11
1.64,96-5354,kGmIRv,1996-11-27
3.40,69-0988,TaVDEp,2008-01-05
2.12,45-7373,SCiELz,1997-03-14
2.35,94-9529,ORHNUz,2019-01-29
2.03,68-9515,yYMHVq,2019-11-18
1.99,56-5400,BwOChu,1990-03-03
1.41,60-8008,GxcIrB,2011-12-19
3.50,70-3963,rhRpvn,2005-04-16
3.29,85-1781,RtbraJ,2017-08-22
4.89,95-5711,PLGtyS,2018-06-17
2.06,51-6902,OPveog,2011-08-17
3.33,62-2314,OQOjWn,2009-11-04
0.95,87-0168,dzgWcW,2003-06-04
3.93,57-0360,jaMBID,1995-03-29
3.12,56-9463,Kzvhde,2014-01-18
2.39,67-4080,cdoaQI,1996-09-03
4.64,56-1599,ddypJf,2013-03-14
2.45,97-5296,wcsbae,2000-09-14
1.97,44-2030,sobcKk,2009-11-30
0.77,82-8468,nkWKxN,2017-08-04
4.21,95-5420,NWdqqf,1992-03-04
2.57,44-1081,RmPKZT,2009-01-11
2.80,96-8527,LZsOHw,2017-01-29
3.05,93-0716,MjcMdC,2005-04-06
2.23,89-7030,pXdAun,2019-02-14
2.04,75-5178,kNEpPw,1995-06-07
2.19,46-4421,PDLCsR,2016-03-22
2.75,87-9604,FWGlWv,2017-08-14
2.27,70-1630,ENnGJn,1991-07-25
3.79,58-9262,nZCZQm,1995-01-11
1.43,77-0360,HVfahs,2007-06-14
3.83,52-1150,xDJzaP,2018-07-10
3.45,44-1847,qQSFpw,1994-12-22
4.03,87-0809,VVluqj,1991-02-14
0.70,44-0827,ohkLAR,2000-11-09
4.30,98-6338,bRrqcg,2018-09-08
3.59,96-1185,lxthaW,1994-05-09
4.56,75-5579,MGdaqs,2000-10-01
4.98,85-6266,ujuyMj,1994-09-10
2.83,54-1311,lLGAhc,2017-02-28
4.40,66-7982,RVRtTr,2013-11-19
0.95,72-1500,ySTwZt,1999-07-03
4.40,57-3800,DXeWje,1990-03-10
4.07,46-1436,FREFys,2015-12-05
2.26,98-9590,BWSWYn,2012-04-12
4.83,97-4910,OXdVFn,2005-10-21
1.52,93-8490,vPeuna,2014-11-24
3.08,90-0103,vCRAEU,2019-08-01
2.38,77-7488,UnfvbB,2002-01-11
2.95,57-4975,GLcaNK,1995-12-30
3.96,71-7326,OdZBcu,2014-03-07
4.72,77-5050,VPmfsW,1996-09-25
4.50,96-6980,VzjeBz,2016-12-13
4.80,43-6127,mlCjpH,2008-05-15
0.75,49-7628,gXQpHN,2005-01-10
3.62,83-2328,CjNQYf,1995-10-03
3.20,60-2332,plwWMe,2013-12-31
4.91,80-6351,UVDJmz,2018-10-01
1.64,51-0910,AODHLD,2001-05-24
2.30,97-7739,SGtCed,2009-09-01
1.08,56-5457,HrGfDI,2017-05-15
3.84,77-1959,PguPfx,2012-09-19
4.95,51-6095,CyfDJV,2004-12-21
4.52,68-6394,pRJdbK,2002-02-28
1.87,80-7418,AtpmrQ,2017-08-28
3.59,76-1225,HbeopS,2010-03-23
1.50,72-8935,OMBUvC,1999-06-07
3.93,89-5322,yjfrrQ,2018-02-28
3.28,76-0639,GxSdSb,2006-05-22
2.45,45-8238,OBgIoi,1994-02-25
3.03,92-1062,oZJyBE,2004-07-19
2.21,95-8122,JUQiYk,2015-05-25
3.94,65-8842,EClvyP,1995-12-22
3.65,85-0451,yMKHRy,1998-07-07
2.43,99-8251,qDPOkr,2004-06-24
2.71,88-1941,acLgCT,1992-01-13
4.79,52-8025,Pghclu,1998-11-21
3.09,80-1341,ggKHLM,2012-07-31
3.73,62-1400,rRrija,2001-09-12
4.68,95-4394,MwEeFl,2004-08-29
4.20,64-7586,gEuTBA,2016-01-07
4.23,80-4575,FMMiXr,2008-01-08
4.08,80-9845,OIOFbp,1998-07-22
2.39,67-6083,OWIYCz,1996-11-10
4.99,91-9397,XJzbFd,2011-07-28
0.94,89-4313,Juvfro,2020-06-01
2.45,95-2266,ujueug,2009-04-12
3.24,99-6141,jWQoDo,2006-06-15
0.75,44-1183,wEUYLT,2015-05-29
2.43,77-3035,SucmSv,2014-01-14
4.70,89-6386,GrUtFA,2002-10-06
3.99,71-5487,atwqKI,2013-08-30
2.88,81-7610,kQTjco,2019-05-20
2.94,71-8982,FRwUhC,2005-06-14
4.00,86-5012,AKoRio,1996-06-01
3.10,63-8716,QAooxb,2003-12-01
1.33,55-0954,eeHtqG,2015-07-31
4.99,94-3314,nYqGlr,2010-06-17
2.46,83-3583,tyrVZh,2003-06-22
4.33,87-6654,haahWX,2014-08-25
0.89,73-2708,bPAwfC,2019-10-02
1.09,56-1129,AsaMzl,2018-10-19
3.97,45-8023,plUGre,2010-08-06
2.52,77-0386,VeyImB,1995-06-07
2.98,82-5196,tEfvVN,1994-11-08
4.92,84-0529,ygIXMW,2005-12-26
2.70,89-9421,OYRMZi,2019-11-21
1.46,98-0786,PQmKQZ,2006-05-31
4.00,68-2102,WlOatV,2005-04-07
1.61,90-0198,hYzZry,2007-12-16
1.24,71-7862,RWHder,2006-07-02
4.86,86-6899,GtFYSn,2003-12-13
0.86,95-4715,bVpzJB,2001-11-05
2.87,64-2072,OpYGzH,2015-05-13
3.32,84-0150,lsAWJD,1995-04-24
1.14,82-8207,auyujz,2016-10-31
2.22,48-2690,VKeTEl,2020-07-21
4.60,60-6744,YisjdF,2006-12-30
0.85,69-4369,TwQVIa,2019-10-08
1.99,48-6573,iasPwZ,2004-07-01
3.10,92-2019,QFoKZm,2001-12-22
4.27,72-2648,gCwuws,1993-03-09
3.88,81-5640,zwIvdp,1992-07-18
1.62,72-8155,wLhkvL,1992-12-05
2.38,64-3537,SXVoDx,1990-06-31
1.46,55-4343,ESdTqh,1990-08-03
1.70,86-9480,rUyoAw,1993-10-02
2.67,84-2826,bErZMQ,2018-01-19
2.61,70-1343,UzRjFp,2007-12-18
1.26,76-8133,YdYPdV,2015-01-12
4.18,61-2322,dMwZsy,2015-10-30
0.79,89-6988,UAvspF,2007-08-15
2.71,67-0776,oDCyRV,2015-07-11
3.30,80-0074,xqrziY,2005-06-19
4.85,44-6342,gjDPOK,2019-10-30
3.04,67-6623,JgqeVk,2018-07-23
1.59,44-9367,zZDPAB,2019-06-19
3.11,46-7443,LeshNM,1994-04-04
2.11,44-2807,jMvldX,1994-01-29
2.05,71-0114,naVamj,2015-11-10
1.61,83-2117,UxscZz,2016-07-16
2.79,52-2067,OwXBgc,2008-12-18
4.12,79-1854,NyYYsJ,2013-04-05
2.29,95-8163,UdGADy,2009-05-26
4.04,83-0613,NyNMKW,1995-07-29
4.29,90-1166,NPVZEn,2002-06-21
4.13,63-3184,xHcdCe,1997-05-13
0.98,57-5249,ojMXJw,2002-09-05
1.74,57-3548,jHVzHm,2005-08-18
4.88,70-4287,EGGzgK,1992-09-22
3.22,80-1622,JnpLPl,2004-11-29
1.64,63-0118,tklhQX,1993-12-22
2.14,55-4245,jVyrEO,2008-01-12
0.95,67-8180,TSLRwx,2012-05-23
1.69,79-3313,CduIeY,1995-08-11
2.82,47-2871,xXIKMp,2002-06-04
3.65,88-2817,sNZUrv,2017-05-06
3.03,78-4933,mPKxEv,2015-09-18
2.03,54-1624,VecqqB,2017-06-19
0.78,64-0466,rHxlkb,1996-03-19
2.34,90-0967,erMCDC,2015-12-27
1.56,93-9999,dObNgx,1992-06-01
2.28,89-8145,oyjbFp,1994-10-13
4.00,64-2300,SpMAWc,2005-02-09
1.46,48-6812,lOOEJM,2015-11-11
4.69,45-8844,PKGPfh,1990-09-27
4.09,83-9140,ucPiMc,2001-01-21
3.57,51-0093,nWOjws,1990-06-01
2.89,58-3708,fYDEso,1999-04-03
4.29,74-7667,fFyBem,2003-03-21
4.18,52-3119,YCKeVQ,2020-03-25
2.21,99-8654,SHDDgX,1997-08-22
1.42,71-5202,nLraTL,2010-03-28
4.87,86-5947,KzPmyI,2014-02-05
3.64,73-4588,vwBjRR,1991-09-12
2.32,43-0575,GvLScM,1997-02-01
1.48,91-4614,hGRjIC,2020-10-23
2.75,99-7418,LuOouX,2001-01-01
1.96,72-0294,rjgCOK,1992-11-01
2.48,55-8295,HzbaLf,2008-11-25
2.92,56-1600,bASkjG,2000-01-04
4.46,95-3005,gNZBHR,2017-06-25
3.32,86-4516,fQzCaZ,2003-07-27
4.99,83-4347,JalaTC,2014-05-31
3.94,76-4729,iWOZdT,1991-07-05
4.90,58-4891,BTlWbV,2002-07-28
4.47,96-5517,MuHMue,1993-08-15
2.68,67-8351,SUQQVl,2017-09-26
1.93,62-3564,VQZUUn,1992-12-18
0.73,87-1453,EDPIkp,2004-08-03
4.00,46-6993,dLwFbM,1990-11-03
3.49,48-8599,CKRVFS,1990-01-15
1.09,76-6332,DMZeex,2008-11-11
4.97,99-0336,xeCwfK,2007-07-27
4.72,74-6324,XbvbVy,1993-01-07
1.30,71-6794,KXvwSr,1998-03-09
0.75,97-1765,dczlJE,2003-01-13
3.04,85-0876,VRpyhy,2001-07-28
3.13,91-8200,LaKtHR,2017-08-04
2.29,53-8310,cXyMYM,2014-01-30
1.48,76-7631,UvQAPj,2004-08-06
1.94,68-9744,iOXHVH,1991-12-07
2.57,77-5195,CCXyKA,1993-12-15
4.12,79-6725,NVTpDg,1990-11-24
2.95,62-5089,faUAEL,2006-01-21
3.13,79-4919,GBsMkh,2004-07-27
4.24,66-4339,XGehiK,2009-09-22
3.52,79-9003,ECquRS,1993-06-01
4.07,91-2649,afVUhN,2000-03-23
3.12,91-7466,iZRRJM,1990-02-26
2.15,98-6213,AWHIAG,2001-01-24
1.87,98-1585,XVEnPa,1996-02-03
4.72,78-1866,hMkqQc,1991-04-06
3.86,63-4713,NFEgLd,2013-02-05
2.60,43-8136,efzBQl,2009-08-28
1.75,59-2721,HlUVHb,2012-07-05
4.77,72-6324,entLGQ,2008-11-22
4.20,56-6670,HwTLNm,2001-02-26
3.89,51-9002,iHVlrM,2012-07-15
3.94,71-8413,kLbEHH,2010-07-30
0.78,83-2554,mmUCLe,1999-04-19
2.39,79-7968,HKlfzR,1995-09-06
3.15,87-4143,PNudJl,1995-05-02
3.91,98-1273,qoGEvS,2018-02-07
1.10,57-4442,KyhmMX,1990-05-10
4.18,53-5367,cjPjIJ,2010-12-04
2.87,59-7372,sLFiLJ,2005-09-30
1.95,96-7909,Uqmbrh,2001-08-24
2.32,96-6376,FsksJh,2008-03-19
4.33,57-7800,CbONnH,2002-12-28
1.18,98-5021,TUJLnP,2004-11-31
2.52,53-1691,niJRQG,2015-07-18
0.88,54-9990,uyvwEq,1994-10-12
1.15,43-5886,taDwbt,1998-12-13
2.85,69-2095,eEvfPg,2009-09-05
0.89,45-0216,sUPenY,2016-09-24
1.78,45-2506,ubxfmw,2007-08-01
1.88,58-6915,MncrnI,1999-07-25
3.88,73-1119,jLabuz,2009-09-30
3.61,72-6985,vWMhLU,2013-02-28
4.51,50-7866,wKVQRB,1999-11-15
3.79,50-5577,envtxZ,1994-03-12
4.10,57-6027,gECJMG,2016-02-09
1.42,95-7008,dIflhK,2006-09-31
2.00,90-1700,ECmxNu,2006-08-27
4.96,54-3279,TlRvEN,1991-12-01
2.49,91-8941,ibldlS,2017-07-18
3.01,77-7085,cLwCcw,1996-12-26
4.77,89-8623,LKWOvG,2008-06-30
3.67,67-2187,VQyAQv,2001-11-12
4.84,59-5862,eIScqt,1992-05-26
2.25,81-4376,AwCzFA,2014-04-14
3.84,69-4984,tloGZV,1993-12-12
2.40,67-1950,dDjRmh,1993-12-24
4.55,82-4795,VHESLH,2010-07-19
2.20,48-8561,zSYMQn,2010-11-17
2.23,84-9811,IbeWFu,2016-02-06
1.12,73-9684,PVSKme,2017-05-10
2.15,80-0852,zNROwS,2020-05-02
3.57,86-6335,zuFVXX,2017-01-24
2.60,59-1269,qNruwh,2010-05-09
2.53,53-1751,wmsHgB,2008-02-17
0.86,78-8557,HguFaa,1991-05-04
4.20,95-5365,dQnKZR,2017-10-03
0.95,86-8970,NLSKht,2005-06-10
3.48,96-7455,Gqyfgz,2011-05-07
3.16,77-6219,MdtxtB,2018-02-25
1.10,94-0150,LJiPUo,1999-07-14
3.14,90-3273,jYYiGu,2008-08-03
4.64,61-7931,PyssCH,1999-12-11
0.70,73-4440,Mmdqds,2004-01-06
3.83,68-5464,vZnEIt,1993-09-13
4.83,50-6900,eUyMoz,2014-05-10
2.23,61-2664,eUEmhS,1991-04-02
4.00,89-4442,rcODqX,1994-03-18
2.01,65-4548,QEZHjo,1994-05-10
1.71,59-8725,Tlceua,1999-11-12
1.85,99-5779,rcgdkf,2011-06-11
2.27,99-3868,YWUjUA,1997-09-24
2.70,99-0797,qaDONn,1999-03-18
1.38,69-0204,ZJUBrD,1993-06-26
1.60,74-8534,wALRbg,2012-02-11
4.19,89-6698,QbLFMd,2010-06-01
4.23,97-2822,PJGUrl,2006-06-16
1.17,81-5158,CaNMOb,2014-10-22
3.28,76-8626,GWzTlL,1992-06-22
1.84,87-9612,VXRJXe,2002-11-18
2.58,71-4960,rjtyiq,2017-11-04
2.98,70-3838,NbqpwM,2001-03-23
4.04,79-1517,JlNQlH,2001-09-10
1.09,97-3942,UAwZTW,2015-08-22
3.47,58-3653,tfsWqU,2011-11-07
4.87,51-2738,qZRLjZ,2020-03-20
3.04,74-5321,GIHDxD,1999-07-05
0.86,97-7969,fFynHq,2010-08-09
1.69,51-2188,xYzdjP,2019-07-03
3.52,47-9918,oAmIEq,2006-08-15
4.84,48-9296,esOaBD,1991-04-06
3.53,51-8007,ozwQqo,2018-01-17
4.19,52-4554,Ixtzmo,2001-06-19
3.15,62-9938,EagvRY,2005-12-28
4.36,99-5245,HPLWzH,2001-09-06
4.78,54-9996,RsOaaj,1996-04-12
1.70,75-8071,gKYnqI,1995-11-02
1.90,70-5770,yeLXRO,1996-02-02
0.71,73-4540,jPHdqb,1997-11-03
4.19,53-3504,FzUfvh,2018-08-24
2.78,52-1776,AFMsOR,2007-05-19
1.41,59-7471,lvqOUC,2005-12-20
2.80,98-9312,wxnyIz,2004-02-08
0.91,61-0436,KvachT,2017-07-01
2.18,93-5367,nEsEEs,2001-02-23
3.04,64-3435,ZPQzQU,2009-01-25
3.66,80-3181,zODfMy,2007-08-20
1.97,63-7697,TbGMpB,2010-06-25
4.06,43-7268,nHJWyY,2004-05-17
2.55,49-8944,nCBSfM,1990-09-21
4.40,86-3231,aoCIzC,2005-10-23
2.95,75-4716,AxnWkw,2001-09-31
4.50,91-3999,wEFews,1991-06-01
3.58,89-3562,qcqNNj,1995-10-18
4.30,48-3364,RZrVLG,2002-10-17
2.89,63-0315,rcnHmU,1991-12-28
3.95,69-9600,xCZIlp,2004-03-17
1.62,67-8595,BDjyCe,2005-10-17
3.66,68-7258,ffXruE,2006-03-10
3.78,90-3372,QYBdCw,2011-04-19
4.37,72-3785,IWFgCZ,2012-07-30
2.13,83-3279,FYsbkf,2002-06-06
3.75,49-2172,IvHHsn,2007-02-01
4.44,74-0186,TvzqYn,2011-06-15
3.20,93-9536,zbLYZX,2013-07-11
1.42,84-7404,ugdpGE,2006-06-13
2.95,74-9719,PXPmVS,2008-10-03
0.97,93-8798,RNPBtH,2000-10-15
1.65,71-0469,MsuOsc,1992-11-06
3.45,75-9334,GfcPHs,2005-05-11
3.75,73-0226,RMqcQT,1991-01-29
1.98,43-4268,qxgOfB,2010-03-25
4.32,54-0799,XqLuhQ,1999-02-19
3.47,71-2048,Zmohyh,2011-11-24
4.80,65-4107,WFfmbb,2002-08-29
0.91,68-6015,kdmPtI,1992-04-19
4.29,83-0903,meBjbk,1990-03-30
1.31,73-9004,DbEHOM,2012-10-18
4.87,83-8843,AufGZT,2009-10-02
4.77,95-4520,jHsOuz,2001-10-25
2.22,71-4153,sVPRde,1999-02-25
3.77,57-2989,bWCSWH,1995-11-25
1.06,98-1407,gjkKEw,2003-01-26
1.93,91-3908,iQYHRk,2009-11-18
3.96,54-6909,lFVhaT,2013-08-19
0.87,81-7768,gajRBR,1998-11-21
3.83,59-3497,uJLqla,2008-01-31
3.83,82-3030,ohmpGX,2017-06-04
4.84,60-4292,DyhoZk,1991-06-28
2.65,44-2550,yfCgTE,2011-12-04
4.28,71-0938,BHEocA,2006-11-28
1.11,54-1382,rUAeCy,1996-04-21
3.12,77-9084,epvEZn,1998-12-13
0.85,47-6397,epiKwg,1998-01-21
2.28,49-0687,bCKsPa,2019-05-14
4.65,82-1190,RMvaac,1993-04-21
3.93,80-4664,JyJfrY,2007-09-22
2.26,74-7997,DAYOdZ,1993-04-06
3.37,51-9483,VFXnAM,1998-09-08
3.43,92-9075,tkriZt,1993-03-05
0.82,70-0211,cYrvna,2005-12-15
2.07,62-3139,plhsum,2005-02-20
1.75,88-5567,qLizCZ,1991-10-02
2.75,45-8580,LmezGT,2009-07-17
1.22,63-8121,ZkJzPK,1994-12-05
4.74,43-8909,Godqjw,2012-09-07
4.37,54-8711,uPKXah,2015-10-18
3.20,80-1795,mEGmmg,2008-12-27
4.49,50-3348,dqzilB,1996-10-21
2.21,54-9496,yUbJDh,2016-03-01
2.03,64-8931,CfeuBJ,2020-05-20
1.12,87-9997,GdqKwq,2005-10-08
1.50,54-7081,JsKzjF,1999-11-16
4.35,62-2593,ytweVw,2019-09-06
2.66,90-5180,pXzaEj,1992-08-21
0.77,53-3586,gTLefM,2011-11-12
1.40,99-5287,xUYfiw,2005-08-01
2.65,69-1128,JQfPzt,2009-09-06
2.72,70-5424,DfNFKn,2000-02-10
1.65,49-1319,RFycwl,2005-02-01
0.94,76-8403,rACsTp,1991-10-05
4.40,73-8540,Wthpvf,1998-08-31
4.09,71-4526,ITbwkC,1999-03-08
4.06,92-8223,bDWSSz,2014-01-12
1.05,48-2572,nLeAgn,1995-02-06
1.73,97-8587,JhZrwJ,1993-11-25
4.90,44-6333,MDxiWy,2008-10-23
0.79,91-9450,vhMnYS,2006-04-12
2.14,73-5614,GntZHh,2015-08-10
4.10,48-7119,AhAthL,1996-09-03
3.91,47-3558,mGgWDu,1997-09-21
1.48,83-4967,uUeMBQ,2004-09-30
2.09,80-9475,uvgvzV,2020-11-02
4.91,79-0791,fPIHdC,2000-05-14
3.89,58-9929,yDlTwx,2004-03-12
3.24,66-4578,cxnhwl,2013-07-13
3.20,73-1298,rFOHpx,2008-06-28
3.34,78-2197,HhLsFW,2015-07-13
2.79,80-5141,TTFNzz,1991-12-20
2.06,59-1287,pGenGA,1993-09-23
3.52,63-4566,VOhZUB,2016-05-13
3.60,69-1247,pDosps,2012-10-22
3.37,80-6074,RBBEDu,1999-07-17
3.54,53-2666,IQNypt,1999-01-07
4.21,69-4446,zQzMPa,2002-07-06
1.58,59-7021,GPKovo,2010-06-08
3.06,68-4760,QMqeYY,2010-08-23
0.95,61-5311,DwHMka,1997-07-06
4.81,72-7503,yLQRrv,2018-12-14
0.87,54-7403,vlBPaZ,1990-06-29
4.08,95-6538,CfZbip,1997-10-08
2.45,49-7846,vleOhV,1993-06-06
4.56,74-0986,ZHyGbL,2017-06-11
2.77,51-2460,xNGsYE,2000-08-04
1.01,45-8479,tvYOoX,2007-08-09
4.64,44-1770,oeqfSO,1999-02-08
1.29,92-0541,smEpDp,1990-09-09
1.79,92-5236,aMFZdQ,2005-03-18
3.48,66-5650,XhRuUn,2010-03-20
1.22,48-7405,UXZcRY,2020-05-22
4.64,96-8606,WFAEPJ,1996-02-14
4.93,78-2541,fyUNrw,2009-09-27
3.62,48-1132,jsuFSH,2015-09-08
3.84,64-8477,zXfntZ,1995-11-12
4.83,99-4680,rZQBCq,2002-03-23
2.76,80-8713,AjjfSS,1996-08-22
1.74,92-3385,ifIMkk,2016-08-15
3.21,45-3499,HZQFNW,2005-04-09
2.98,77-1526,NGstAn,1993-11-01
2.64,78-0946,zORJdH,2005-05-12
2.51,69-1090,WqfimE,2000-05-25
2.95,73-6285,OEUjNy,1990-05-18
2.10,50-2254,zWehjE,2001-01-03
2.67,85-0442,znPvHn,1999-11-27
3.91,65-6241,oqMyaZ,1992-05-04
4.13,81-6230,ludYAe,2020-02-28
3.65,58-0470,hiuwdT,1993-04-31
1.09,57-8226,WWYdtu,2017-07-25
2.98,87-6726,oSJzDU,2007-03-20
2.68,72-6931,AQWoqX,2010-11-14
4.89,84-2862,BIWZqC,2019-10-26
1.58,72-1376,wLpQCq,2002-04-21
1.72,78-9844,UZBMlJ,2019-08-20
3.79,85-6485,RpFyWg,1995-06-18
3.81,88-5269,LXiayI,2012-05-28
3.78,73-6438,pgKycU,1998-10-16
1.39,75-1537,jnJYqH,1995-08-23
3.59,83-5490,sqMjoi,2018-08-14
3.34,86-1775,BFSquN,2011-12-04
2.17,76-3243,STmGBu,2014-05-31
3.59,65-8123,TAauVS,1993-05-31
4.98,89-5123,FNoHvo,2017-01-25
2.08,49-3332,KfCTfo,2007-10-06
2.97,66-3763,pUKCXT,2009-06-01
3.13,57-0536,KcZiBW,2006-06-16
1.99,87-3191,CRkoXj,2003-05-15
1.51,59-7111,baDeeE,2010-02-03
4.44,83-7304,LzXEro,1998-01-03
1.60,82-9730,YrOWOV,2019-08-27
1.35,51-3140,tRrTtr,2002-09-09
3.78,44-5263,pbuNPa,2000-05-31
4.82,59-8344,EaEtty,1991-08-30
1.67,63-9156,SFXlgU,2009-08-12
3.31,51-3743,hstLUd,2004-10-31
4.41,94-1602,pcnZhy,2020-01-19
1.74,53-8059,UdfIBx,2010-02-28
3.12,66-4433,jcEhOP,2009-12-17
4.88,75-9968,UIxjyo,2016-08-16
2.29,53-8343,Kngcnd,1992-09-10
1.30,90-4784,vbQuHC,2019-11-04
2.46,95-6004,aAlVKI,2006-11-29
1.18,46-2455,greGDb,1998-02-02
2.98,52-9298,djQCgZ,2008-05-03
4.80,69-2013,qZjNEa,2002-06-06
0.85,80-3733,MlIGOZ,1995-10-31
1.59,81-1349,zdcWSk,2020-05-17
4.05,56-6475,eOngqz,1993-06-06
4.24,54-5556,qDPfeQ,1999-08-07
4.42,79-4244,BXquso,1993-08-26
0.96,77-7494,DgBKQu,2013-05-20
4.55,70-7165,AwtHbx,2010-07-10
3.14,94-6463,eaLuUc,1990-08-26
1.32,79-3588,DIQDly,2019-11-19
4.49,76-0220,ZiVUzN,2009-08-21
4.63,54-5529,IvhHJl,2003-06-25
0.93,66-4983,DGQozi,2018-08-07
1.37,95-0453,sSjOUh,2000-09-10
1.16,78-4703,yUdgEg,2001-01-16
3.74,84-7370,WUwHbc,1995-09-27
3.94,44-3982,Wazyja,1995-02-13
3.88,62-7811,xxNXZu,2019-08-27
1.00,66-8675,OiaKjL,2001-05-27
4.72,93-1492,mgrCei,2012-12-30
3.78,48-5141,EjxWHz,1995-09-12
3.63,60-5076,AvUFOp,1990-02-27
1.69,45-4380,aduWVu,1991-07-11
3.50,76-7613,UeqvZY,2003-08-14
4.97,68-6020,YGiBHr,1992-08-21
2.45,54-5231,FsylAC,1996-09-16
4.36,46-4580,hCPXmc,2011-10-10
3.22,61-8073,ClgFGu,1990-07-03
2.16,92-4337,aBmjaH,1996-01-27
0.71,96-7517,QwdhiS,1994-02-09
1.36,88-5103,RWgCfa,1999-09-12
4.81,93-7056,BBqFCt,2001-05-13
1.04,47-1715,OyWShS,1991-03-03
1.31,77-2393,ZZvUcK,2015-05-01
3.76,72-4825,jKLFDk,1996-06-19
1.14,96-8485,fkuCnY,2009-10-26
4.09,78-4663,CIMLKe,2002-04-17
0.79,47-1630,ZLRcwD,2010-05-10
3.61,56-5868,WeOGHL,2018-10-04
1.11,98-3620,xMHgMl,2014-03-08
3.34,78-7060,QkmqRJ,1993-11-30
2.92,81-4547,WnofNs,2002-11-16
1.30,59-0758,QovMJB,2012-04-15
1.99,61-4017,hcxPJf,1992-02-28
4.90,95-7448,WOynig,2000-12-05
2.75,92-2270,RjlRFz,2006-09-30
2.54,52-8761,lHfuVe,2007-03-01
1.40,98-6592,KVzsWp,2005-01-09
4.30,69-6136,WxYvyd,1999-09-21
4.42,95-7942,RJYCqh,2004-02-17
1.87,99-5036,sGXtyI,2013-10-10
1.31,79-4822,hztpnF,2003-03-22
4.04,72-9954,YzNHHQ,2006-11-11
4.82,82-3996,hWnWMQ,1999-12-18
2.36,93-2847,oElemj,2005-04-24
2.54,89-5781,xTwVtC,1990-03-11
4.96,67-5697,AyiFJG,1994-06-11
3.63,59-9785,CGYmpO,2006-05-23
4.03,87-4573,YRWnjY,2006-06-12
4.50,85-5921,AiToze,2007-01-06
2.25,92-0763,ibckBF,2006-01-08
3.38,56-9848,XlQJgD,1990-10-31
2.39,59-0166,EZTrsr,2020-06-10
2.43,80-3318,hNElNJ,2013-01-18
2.50,91-1012,pUcZeW,2020-07-27
0.98,91-9153,uIhgwG,1992-01-22
4.78,96-1129,QeHKkm,2001-02-12
1.18,70-8655,LlWscq,1993-04-15
3.33,82-6181,eSNXit,2016-04-28
2.05,62-1649,tMnaCs,1993-01-01
2.58,73-9753,YTaKKu,2000-09-19
1.98,77-2131,GNwzlv,2014-07-06
2.44,81-0172,LsYZzo,2018-08-05
2.55,63-6327,SQMJjQ,1993-02-08
1.56,54-6146,fvOcBK,2017-01-17
1.02,70-9784,OrvVxH,2016-07-28
3.98,68-2881,wqXlVV,2005-06-31
3.85,94-7224,lcGpTn,2012-05-19
4.12,50-0733,iwzPOg,1994-07-02
3.95,76-8854,ILzugp,1995-08-17
3.05,59-6410,JTZCoa,2011-05-30
3.38,97-8086,LUhTzT,1997-02-24
3.05,87-7075,CyOBXv,2007-05-20
2.81,86-7013,GQaHyU,2011-03-13
2.64,49-4434,yzdJIV,2006-11-06
4.94,82-1280,PonmnY,2019-09-27
2.62,91-4996,WoWupU,2009-10-02
2.85,53-4302,XTFmVZ,2011-11-07
1.95,97-8143,gGJQot,1997-02-07
0.90,60-5199,UYPcYG,2010-11-07
1.64,81-6265,DCQlEk,2005-01-18
1.31,85-6726,azaFon,1997-03-23
3.15,71-4627,DnNoiF,2008-06-11
4.55,66-0792,PKPVLU,2000-05-08
2.13,50-8218,oqSfmn,1997-02-07
4.61,82-1673,ZMqgRU,1991-08-15
2.19,73-1785,IuISek,2003-06-16
1.72,44-2551,joQDmt,2014-09-27
4.30,51-5173,kukmTM,1998-08-19
1.58,48-8624,ZZxnYw,1996-01-03
4.20,96-0500,lCinip,1994-02-07
2.58,86-2960,GStPUu,2003-08-24
3.18,72-4859,WPDNCM,1999-01-18
3.03,76-2080,MhEiVU,2009-03-13
4.57,93-2791,NYEZHB,2002-02-16
1.86,77-4494,DSsbNM,2005-01-29
3.49,70-6923,loMncN,1994-11-13
1.21,44-6853,LECvcv,2006-04-12
2.78,84-5405,KvtYQD,2010-03-06
4.54,89-3107,kPLOUi,2019-06-17
0.86,71-3144,iYEiIs,2005-06-27
1.93,69-8600,wErXgI,2005-04-17
1.30,79-3146,EkyqbA,2003-07-03
4.51,71-5816,QLkyBI,1991-12-01
3.11,89-9139,wKlDlo,2001-10-01
1.70,58-2114,KBWiKP,1996-09-24
2.70,99-6737,HEKGiw,2004-05-09
0.98,89-4606,Dqfisd,2005-04-17
4.63,65-3337,YEKoFK,2017-07-17
4.40,54-5575,HysHNv,2000-07-19
1.42,64-7494,yvvvSs,2005-03-30
3.54,70-7233,KPFuwA,2018-03-17
2.58,82-1516,MEzneJ,2014-03-18
4.58,59-8938,wKcvIq,1995-10-03
2.42,71-4096,XHBXIz,1991-04-17
4.91,96-6902,iXAjAR,2000-01-16
4.96,59-0013,RTRofS,2004-03-05
0.74,82-7641,ZsptNM,2000-05-28
1.89,47-4480,EFLmUL,1999-12-31
4.25,69-6924,lNCTTw,1990-06-30
0.79,80-4018,efNaAb,2019-05-19
1.99,91-8802,UmheoZ,2011-05-04
1.07,66-4096,aXpsvR,1993-08-02
4.82,55-0012,gsSLXF,1990-10-21
1.32,94-1745,YNzlCw,2019-11-17
0.93,69-3010,AujRMm,2015-09-15
1.36,89-9344,XoEAjX,1993-08-15
2.60,53-9152,NaWmUA,1997-12-09
1.76,88-8943,KjXNDi,2007-07-14
4.52,80-9288,yqwuZS,1993-01-28
0.88,81-2801,VGzUZb,1993-07-17
3.78,92-8909,VDqSqH,2001-04-31
1.37,86-9287,VVQgME,1999-08-26
1.28,68-7931,eFMroc,2004-10-31
2.10,45-6834,VAJmiX,2000-08-14
4.62,72-4255,fIccOe,1991-10-23
2.89,74-5413,yVdref,1990-10-26
3.58,71-4022,QIfhes,2008-07-30
2.08,98-2603,WYAYKp,2013-10-23
4.60,96-5079,DCfGvP,2005-08-09
4.27,62-9228,uzRpFt,2005-09-28
1.76,47-2815,yfvhFn,2007-04-01
0.82,99-9083,mmRmAY,1996-06-24
1.67,57-7448,XsSGoY,2000-02-28
1.93,77-5970,IZPoPi,1994-10-28
3.69,71-7756,hkhcNo,1993-01-09
3.20,77-1848,YKpScf,1999-03-25
4.44,53-6604,yNcdrY,2007-02-22
3.55,46-1929,fQsfVK,1996-08-10
4.84,65-4669,zvRqwI,2012-08-26
3.25,56-4065,sSUsUm,1993-10-09
4.10,94-1733,MQvskp,2000-11-24
4.26,62-1943,swrSNU,2009-09-04
4.92,88-8410,fOaVAL,1991-06-23
4.92,61-2376,sIeFos,2009-09-09
4.70,99-0973,kCSkAV,2019-08-20
2.64,73-7038,ENaFfV,2017-02-24
4.34,88-9432,XaaKqp,2001-12-17
2.85,99-3628,UIbqYV,2010-09-01
2.00,99-3964,GpIAoi,1997-06-27
3.56,71-2160,LeMXPE,2004-06-25
4.85,95-1264,OrOgFi,1996-08-18
4.85,48-2894,gZvjSL,1991-12-06
1.73,55-2899,mqoaTv,2007-09-08
4.96,46-2320,esWQDU,2004-06-23
1.19,65-0501,uveVOA,2008-08-08
3.21,87-2618,IKpHCL,2018-08-01
3.97,99-9179,jnJPdc,2017-10-30
2.89,99-5338,oyZogf,2020-07-08
